<?xml version="1.0" encoding="UTF-8"?>
<kml xmlns="http://earth.google.com/kml/2.1">
<Document>
<name></name>
<Placemark>
<name> Less than 0.00 m</name>
<Style>
<LineStyle>
<color>ff0000ff</color>
<width>5</width>
</LineStyle>
</Style>
<MultiGeometry>
</MultiGeometry>
</Placemark>
<Placemark>
<name>0.00 - 0.03 m</name>
<Style>
<LineStyle>
<color>ffff00ff</color>
<width>5</width>
</LineStyle>
</Style>
<MultiGeometry>
<LineString>
<tessellate>1</tessellate>
<coordinates>
115.92600600,-31.99647175,16.9044
115.92600500,-31.99647262,16.8991
115.92600300,-31.99647437,16.8884
115.92600100,-31.99647613,16.8778
115.92599900,-31.99647787,16.8672
115.92599700,-31.99647962,16.8566
115.92599500,-31.99648137,16.8459
115.92599300,-31.99648312,16.8353
</coordinates>
</LineString>
<LineString>
<tessellate>1</tessellate>
<coordinates>
115.92598733,-31.99648906,17.0423
115.92598600,-31.99649050,17.1030
115.92598467,-31.99649194,17.1637
115.92598333,-31.99649339,17.2243
115.92598200,-31.99649483,17.2850
115.92598067,-31.99649628,17.3457
115.92597935,-31.99649760,17.3757
</coordinates>
</LineString>
<LineString>
<tessellate>1</tessellate>
<coordinates>
115.92597805,-31.99649880,17.3751
115.92597675,-31.99650000,17.3745
115.92597545,-31.99650120,17.3739
115.92597415,-31.99650240,17.3733
115.92597285,-31.99650360,17.3727
115.92597155,-31.99650480,17.3721
115.92597025,-31.99650600,17.3715
</coordinates>
</LineString>
<LineString>
<tessellate>1</tessellate>
<coordinates>
115.92595117,-31.99652317,17.3992
115.92594925,-31.99652475,17.4037
115.92594775,-31.99652625,17.4112
115.92594625,-31.99652775,17.4187
115.92594475,-31.99652925,17.4263
</coordinates>
</LineString>
<LineString>
<tessellate>1</tessellate>
<coordinates>
115.92593400,-31.99653800,17.4215
115.92593200,-31.99654000,17.4118
</coordinates>
</LineString>
<LineString>
<tessellate>1</tessellate>
<coordinates>
115.92591938,-31.99654812,16.8140
115.92591713,-31.99654938,16.7360
</coordinates>
</LineString>
<LineString>
<tessellate>1</tessellate>
<coordinates>
115.92591100,-31.99655500,16.7865
115.92591017,-31.99655583,16.8014
</coordinates>
</LineString>
<LineString>
<tessellate>1</tessellate>
<coordinates>
115.92590600,-31.99656000,16.8760
115.92590529,-31.99656064,16.8858
115.92590386,-31.99656193,16.9054
</coordinates>
</LineString>
<LineString>
<tessellate>1</tessellate>
<coordinates>
115.92643805,-31.99713472,17.0413
</coordinates>
</LineString>
<LineString>
<tessellate>1</tessellate>
<coordinates>
115.92781538,-31.99820208,17.2266
115.92781736,-31.99820363,17.2264
</coordinates>
</LineString>
<LineString>
<tessellate>1</tessellate>
<coordinates>
115.92815447,-31.99846732,17.1887
115.92815545,-31.99846809,17.1886
</coordinates>
</LineString>
<LineString>
<tessellate>1</tessellate>
<coordinates>
115.92825530,-31.99854620,17.1774
115.92825629,-31.99854697,17.1773
</coordinates>
</LineString>
<LineString>
<tessellate>1</tessellate>
<coordinates>
115.92826024,-31.99855006,17.1768
115.92826222,-31.99855161,17.1766
</coordinates>
</LineString>
<LineString>
<tessellate>1</tessellate>
<coordinates>
115.92828199,-31.99856707,17.1744
115.92828397,-31.99856862,17.1742
</coordinates>
</LineString>
<LineString>
<tessellate>1</tessellate>
<coordinates>
115.92830572,-31.99858563,17.1717
</coordinates>
</LineString>
<LineString>
<tessellate>1</tessellate>
<coordinates>
115.92839074,-31.99865214,17.1622
115.92839271,-31.99865368,17.1620
</coordinates>
</LineString>
<LineString>
<tessellate>1</tessellate>
<coordinates>
115.92839864,-31.99865832,17.1613
115.92840062,-31.99865987,17.1611
</coordinates>
</LineString>
<LineString>
<tessellate>1</tessellate>
<coordinates>
115.92842039,-31.99867533,17.1589
115.92842237,-31.99867688,17.1587
115.92842435,-31.99867843,17.1584
115.92842632,-31.99867997,17.1582
</coordinates>
</LineString>
<LineString>
<tessellate>1</tessellate>
<coordinates>
115.92855879,-31.99878359,17.1434
115.92856077,-31.99878514,17.1432
</coordinates>
</LineString>
<LineString>
<tessellate>1</tessellate>
<coordinates>
115.92859043,-31.99880834,17.1398
115.92859241,-31.99880989,17.1396
115.92859438,-31.99881143,17.1394
</coordinates>
</LineString>
<LineString>
<tessellate>1</tessellate>
<coordinates>
115.92859636,-31.99881298,17.1392
115.92859834,-31.99881453,17.1390
</coordinates>
</LineString>
<LineString>
<tessellate>1</tessellate>
<coordinates>
115.92860427,-31.99881917,17.1383
</coordinates>
</LineString>
<LineString>
<tessellate>1</tessellate>
<coordinates>
115.92873867,-31.99892548,16.4007
115.92874050,-31.99892700,16.3470
</coordinates>
</LineString>
<LineString>
<tessellate>1</tessellate>
<coordinates>
115.92875695,-31.99894066,15.8635
115.92875878,-31.99894217,15.8098
</coordinates>
</LineString>
<LineString>
<tessellate>1</tessellate>
<coordinates>
115.92877248,-31.99895355,15.4068
115.92877340,-31.99895431,15.3800
</coordinates>
</LineString>
<LineString>
<tessellate>1</tessellate>
<coordinates>
115.92877888,-31.99895886,15.2188
115.92878071,-31.99896038,15.1651
115.92878253,-31.99896190,15.1113
</coordinates>
</LineString>
<LineString>
<tessellate>1</tessellate>
<coordinates>
115.92878619,-31.99896493,15.0039
115.92878802,-31.99896645,14.9502
</coordinates>
</LineString>
<LineString>
<tessellate>1</tessellate>
<coordinates>
115.92894210,-31.99909084,13.2151
115.92894412,-31.99909245,13.2110
</coordinates>
</LineString>
<LineString>
<tessellate>1</tessellate>
<coordinates>
115.92896631,-31.99911013,13.1652
</coordinates>
</LineString>
<LineString>
<tessellate>1</tessellate>
<coordinates>
115.92897438,-31.99911655,13.1485
115.92897640,-31.99911816,13.1444
115.92897842,-31.99911977,13.1402
115.92898044,-31.99912138,13.1361
</coordinates>
</LineString>
<LineString>
<tessellate>1</tessellate>
<coordinates>
115.92898246,-31.99912298,13.1319
115.92898447,-31.99912459,13.1277
115.92898649,-31.99912620,13.1236
</coordinates>
</LineString>
<LineString>
<tessellate>1</tessellate>
<coordinates>
115.92899154,-31.99913021,13.1132
115.92899254,-31.99913102,13.1111
115.92899456,-31.99913263,13.1069
</coordinates>
</LineString>
<LineString>
<tessellate>1</tessellate>
<coordinates>
115.92926981,-31.99935037,12.6740
115.92927071,-31.99935106,12.6760
</coordinates>
</LineString>
<LineString>
<tessellate>1</tessellate>
<coordinates>
115.92931406,-31.99938396,12.7724
115.92931587,-31.99938533,12.7764
</coordinates>
</LineString>
<LineString>
<tessellate>1</tessellate>
<coordinates>
115.92933394,-31.99939904,12.8166
115.92933574,-31.99940041,12.8206
</coordinates>
</LineString>
<LineString>
<tessellate>1</tessellate>
<coordinates>
115.92933755,-31.99940178,12.8246
115.92933935,-31.99940315,12.8286
</coordinates>
</LineString>
<LineString>
<tessellate>1</tessellate>
<coordinates>
115.92934477,-31.99940727,12.8407
115.92934658,-31.99940864,12.8447
</coordinates>
</LineString>
<LineString>
<tessellate>1</tessellate>
<coordinates>
115.92935019,-31.99941138,12.8527
115.92935200,-31.99941275,12.8568
</coordinates>
</LineString>
<LineString>
<tessellate>1</tessellate>
<coordinates>
115.92941185,-31.99945767,12.9418
115.92941390,-31.99945920,12.9433
115.92941595,-31.99946073,12.9448
</coordinates>
</LineString>
<LineString>
<tessellate>1</tessellate>
<coordinates>
115.92942623,-31.99946836,12.9521
115.92942828,-31.99946989,12.9536
</coordinates>
</LineString>
<LineString>
<tessellate>1</tessellate>
<coordinates>
115.92943855,-31.99947753,12.9610
115.92944061,-31.99947905,12.9624
</coordinates>
</LineString>
<LineString>
<tessellate>1</tessellate>
<coordinates>
115.92944472,-31.99948211,12.9654
115.92944677,-31.99948364,12.9669
</coordinates>
</LineString>
<LineString>
<tessellate>1</tessellate>
<coordinates>
115.92944883,-31.99948516,12.9683
115.92945088,-31.99948669,12.9698
</coordinates>
</LineString>
<LineString>
<tessellate>1</tessellate>
<coordinates>
115.92946115,-31.99949433,12.9772
115.92946321,-31.99949585,12.9786
</coordinates>
</LineString>
<LineString>
<tessellate>1</tessellate>
<coordinates>
115.92947348,-31.99950349,12.9860
115.92947554,-31.99950502,12.9875
115.92947759,-31.99950655,12.9890
115.92947965,-31.99950807,12.9904
</coordinates>
</LineString>
<LineString>
<tessellate>1</tessellate>
<coordinates>
115.92949970,-31.99952307,13.0046
115.92950161,-31.99952452,13.0059
</coordinates>
</LineString>
<LineString>
<tessellate>1</tessellate>
<coordinates>
115.92952649,-31.99954334,13.0229
</coordinates>
</LineString>
<LineString>
<tessellate>1</tessellate>
<coordinates>
115.92953223,-31.99954769,13.0269
115.92953415,-31.99954914,13.0282
115.92953606,-31.99955059,13.0295
115.92953797,-31.99955203,13.0308
</coordinates>
</LineString>
<LineString>
<tessellate>1</tessellate>
<coordinates>
115.92954946,-31.99956072,13.0387
115.92955137,-31.99956217,13.0400
</coordinates>
</LineString>
<LineString>
<tessellate>1</tessellate>
<coordinates>
115.92963415,-31.99962624,13.0749
115.92963610,-31.99962780,13.0748
</coordinates>
</LineString>
<LineString>
<tessellate>1</tessellate>
<coordinates>
115.92964194,-31.99963249,13.0746
115.92964388,-31.99963405,13.0745
</coordinates>
</LineString>
<LineString>
<tessellate>1</tessellate>
<coordinates>
115.92964777,-31.99963718,13.0744
</coordinates>
</LineString>
<LineString>
<tessellate>1</tessellate>
<coordinates>
115.92968279,-31.99966533,13.0731
115.92968474,-31.99966689,13.0730
</coordinates>
</LineString>
<LineString>
<tessellate>1</tessellate>
<coordinates>
115.92970808,-31.99968565,13.0721
115.92971003,-31.99968722,13.0720
</coordinates>
</LineString>
<LineString>
<tessellate>1</tessellate>
<coordinates>
115.92971600,-31.99969196,13.0377
115.92971800,-31.99969355,13.0239
</coordinates>
</LineString>
<LineString>
<tessellate>1</tessellate>
<coordinates>
115.92972000,-31.99969513,13.0102
115.92972200,-31.99969672,12.9965
</coordinates>
</LineString>
<LineString>
<tessellate>1</tessellate>
<coordinates>
115.92973400,-31.99970623,12.9140
115.92973600,-31.99970781,12.9003
115.92973800,-31.99970940,12.8866
</coordinates>
</LineString>
<LineString>
<tessellate>1</tessellate>
<coordinates>
115.92974200,-31.99971257,12.8591
115.92974400,-31.99971415,12.8454
</coordinates>
</LineString>
<LineString>
<tessellate>1</tessellate>
<coordinates>
115.92974900,-31.99971811,12.8110
115.92975000,-31.99971891,12.8042
115.92975200,-31.99972049,12.7904
</coordinates>
</LineString>
<LineString>
<tessellate>1</tessellate>
<coordinates>
115.92975900,-31.99972604,12.7423
115.92976000,-31.99972683,12.7355
115.92976200,-31.99972842,12.7217
</coordinates>
</LineString>
<LineString>
<tessellate>1</tessellate>
<coordinates>
115.92978000,-31.99974268,12.5981
115.92978200,-31.99974426,12.5844
</coordinates>
</LineString>
<LineString>
<tessellate>1</tessellate>
<coordinates>
115.92978900,-31.99974981,12.5363
115.92979000,-31.99975060,12.5294
</coordinates>
</LineString>
<LineString>
<tessellate>1</tessellate>
<coordinates>
115.92980000,-31.99975853,12.4608
115.92980200,-31.99976011,12.4470
</coordinates>
</LineString>
<LineString>
<tessellate>1</tessellate>
<coordinates>
115.92981100,-31.99976725,12.3852
115.92981200,-31.99976804,12.3783
</coordinates>
</LineString>
<LineString>
<tessellate>1</tessellate>
<coordinates>
115.92982553,-31.99977766,12.4225
</coordinates>
</LineString>
<LineString>
<tessellate>1</tessellate>
<coordinates>
115.92983122,-31.99978144,12.4749
115.92983312,-31.99978270,12.4923
</coordinates>
</LineString>
<LineString>
<tessellate>1</tessellate>
<coordinates>
115.92983502,-31.99978396,12.5098
115.92983691,-31.99978522,12.5272
</coordinates>
</LineString>
<LineString>
<tessellate>1</tessellate>
<coordinates>
115.92983881,-31.99978647,12.5447
115.92984071,-31.99978773,12.5621
</coordinates>
</LineString>
<LineString>
<tessellate>1</tessellate>
<coordinates>
115.92984829,-31.99979277,12.6319
115.92985019,-31.99979403,12.6493
</coordinates>
</LineString>
<LineString>
<tessellate>1</tessellate>
<coordinates>
115.92985209,-31.99979528,12.6668
115.92985398,-31.99979654,12.6842
</coordinates>
</LineString>
<LineString>
<tessellate>1</tessellate>
<coordinates>
115.92985778,-31.99979906,12.7191
115.92985967,-31.99980032,12.7366
</coordinates>
</LineString>
<LineString>
<tessellate>1</tessellate>
<coordinates>
115.92986726,-31.99980535,12.8064
115.92986916,-31.99980661,12.8238
</coordinates>
</LineString>
<LineString>
<tessellate>1</tessellate>
<coordinates>
115.92987295,-31.99980913,12.8587
115.92987484,-31.99981039,12.8762
</coordinates>
</LineString>
<LineString>
<tessellate>1</tessellate>
<coordinates>
115.92988433,-31.99981668,12.9634
115.92988622,-31.99981794,12.9809
</coordinates>
</LineString>
<LineString>
<tessellate>1</tessellate>
<coordinates>
115.92991657,-31.99983808,13.2600
115.92991847,-31.99983934,13.2775
</coordinates>
</LineString>
<LineString>
<tessellate>1</tessellate>
<coordinates>
115.92993006,-31.99984731,13.3440
115.92993210,-31.99984885,13.3361
</coordinates>
</LineString>
<LineString>
<tessellate>1</tessellate>
<coordinates>
115.92994434,-31.99985809,13.2882
115.92994638,-31.99985963,13.2802
</coordinates>
</LineString>
<LineString>
<tessellate>1</tessellate>
<coordinates>
115.92996066,-31.99987041,13.2243
115.92996270,-31.99987195,13.2164
115.92996474,-31.99987349,13.2084
115.92996678,-31.99987503,13.2004
</coordinates>
</LineString>
<LineString>
<tessellate>1</tessellate>
<coordinates>
115.92997086,-31.99987811,13.1844
115.92997290,-31.99987965,13.1765
</coordinates>
</LineString>
<LineString>
<tessellate>1</tessellate>
<coordinates>
115.93011063,-31.99998486,12.9668
115.93011165,-31.99998564,12.9669
</coordinates>
</LineString>
<LineString>
<tessellate>1</tessellate>
<coordinates>
115.93052571,-32.00030670,13.1479
115.93052760,-32.00030818,13.1462
</coordinates>
</LineString>
<LineString>
<tessellate>1</tessellate>
<coordinates>
115.93053702,-32.00031559,13.1379
115.93053890,-32.00031707,13.1363
</coordinates>
</LineString>
<LineString>
<tessellate>1</tessellate>
<coordinates>
115.93054267,-32.00032003,13.1330
115.93054456,-32.00032151,13.1313
</coordinates>
</LineString>
<LineString>
<tessellate>1</tessellate>
<coordinates>
115.93059356,-32.00036001,13.0883
115.93059544,-32.00036149,13.0867
</coordinates>
</LineString>
<LineString>
<tessellate>1</tessellate>
<coordinates>
115.93060675,-32.00037038,13.0768
115.93060863,-32.00037186,13.0751
</coordinates>
</LineString>
<LineString>
<tessellate>1</tessellate>
<coordinates>
115.93061429,-32.00037630,13.0701
115.93061617,-32.00037778,13.0685
115.93061806,-32.00037926,13.0668
</coordinates>
</LineString>
<LineString>
<tessellate>1</tessellate>
<coordinates>
115.93061996,-32.00038074,13.0651
115.93062188,-32.00038222,13.0634
</coordinates>
</LineString>
<LineString>
<tessellate>1</tessellate>
<coordinates>
115.93063727,-32.00039407,13.0494
115.93063919,-32.00039555,13.0476
115.93064112,-32.00039703,13.0459
</coordinates>
</LineString>
<LineString>
<tessellate>1</tessellate>
<coordinates>
115.93066419,-32.00041480,13.0249
115.93066612,-32.00041628,13.0231
</coordinates>
</LineString>
<LineString>
<tessellate>1</tessellate>
<coordinates>
115.93067958,-32.00042664,13.0109
115.93068150,-32.00042812,13.0091
</coordinates>
</LineString>
<LineString>
<tessellate>1</tessellate>
<coordinates>
115.93068919,-32.00043405,13.0021
115.93069112,-32.00043553,13.0004
</coordinates>
</LineString>
<LineString>
<tessellate>1</tessellate>
<coordinates>
115.93069496,-32.00043849,12.9969
</coordinates>
</LineString>
<LineString>
<tessellate>1</tessellate>
<coordinates>
115.93070073,-32.00044293,12.9916
115.93070265,-32.00044441,12.9899
</coordinates>
</LineString>
<LineString>
<tessellate>1</tessellate>
<coordinates>
115.93070458,-32.00044589,12.9881
115.93070650,-32.00044737,12.9864
115.93070842,-32.00044886,12.9846
</coordinates>
</LineString>
<LineString>
<tessellate>1</tessellate>
<coordinates>
115.93075063,-32.00048167,12.9557
115.93075267,-32.00048327,12.9545
</coordinates>
</LineString>
<LineString>
<tessellate>1</tessellate>
<coordinates>
115.93080165,-32.00052147,12.9246
115.93080369,-32.00052306,12.9233
</coordinates>
</LineString>
<LineString>
<tessellate>1</tessellate>
<coordinates>
115.93080982,-32.00052784,12.9196
115.93081186,-32.00052943,12.9184
</coordinates>
</LineString>
<LineString>
<tessellate>1</tessellate>
<coordinates>
115.93092575,-32.00061515,14.0831
115.93092759,-32.00061659,14.0758
</coordinates>
</LineString>
<LineString>
<tessellate>1</tessellate>
<coordinates>
115.93113008,-32.00076853,14.2884
115.93113112,-32.00076930,14.2936
115.93113320,-32.00077083,14.3041
</coordinates>
</LineString>
<LineString>
<tessellate>1</tessellate>
<coordinates>
115.93113841,-32.00077465,14.3301
115.93113945,-32.00077542,14.3354
115.93114153,-32.00077695,14.3458
</coordinates>
</LineString>
<LineString>
<tessellate>1</tessellate>
<coordinates>
115.93114673,-32.00078078,14.3719
115.93114778,-32.00078154,14.3771
</coordinates>
</LineString>
<LineString>
<tessellate>1</tessellate>
<coordinates>
115.93115506,-32.00078690,14.4136
115.93115610,-32.00078766,14.4188
115.93115818,-32.00078919,14.4292
115.93116027,-32.00079072,14.4396
</coordinates>
</LineString>
<LineString>
<tessellate>1</tessellate>
<coordinates>
115.93116755,-32.00079608,14.4761
</coordinates>
</LineString>
<LineString>
<tessellate>1</tessellate>
<coordinates>
115.93117276,-32.00079991,14.5022
115.93117484,-32.00080144,14.5126
115.93117692,-32.00080297,14.5231
115.93117900,-32.00080450,14.5335
115.93118108,-32.00080603,14.5439
115.93118316,-32.00080756,14.5544
</coordinates>
</LineString>
<LineString>
<tessellate>1</tessellate>
<coordinates>
115.93118837,-32.00081139,14.5804
115.93118941,-32.00081215,14.5856
115.93119149,-32.00081368,14.5961
115.93119357,-32.00081521,14.6065
115.93119565,-32.00081674,14.6169
115.93119773,-32.00081828,14.6274
115.93119982,-32.00081981,14.6378
115.93120190,-32.00082134,14.6482
115.93120398,-32.00082287,14.6586
115.93120606,-32.00082440,14.6691
115.93120814,-32.00082593,14.6795
115.93121022,-32.00082746,14.6899
115.93121231,-32.00082899,14.7004
115.93121439,-32.00083052,14.7108
</coordinates>
</LineString>
<LineString>
<tessellate>1</tessellate>
<coordinates>
115.93122584,-32.00083894,14.7681
115.93122688,-32.00083970,14.7734
115.93122896,-32.00084123,14.7838
115.93123093,-32.00084274,14.7838
115.93123280,-32.00084422,14.7735
115.93123466,-32.00084570,14.7631
</coordinates>
</LineString>
<LineString>
<tessellate>1</tessellate>
<coordinates>
115.93124306,-32.00085237,14.7166
115.93124399,-32.00085311,14.7114
115.93124586,-32.00085459,14.7011
</coordinates>
</LineString>
<LineString>
<tessellate>1</tessellate>
<coordinates>
115.93191153,-32.00136987,15.0564
115.93191364,-32.00137146,15.0588
115.93191574,-32.00137304,15.0611
115.93191784,-32.00137462,15.0635
115.93191995,-32.00137621,15.0658
115.93192203,-32.00137779,15.0661
115.93192409,-32.00137936,15.0643
115.93192615,-32.00138093,15.0625
115.93192821,-32.00138250,15.0607
</coordinates>
</LineString>
<LineString>
<tessellate>1</tessellate>
<coordinates>
115.93273729,-32.00200498,14.2143
115.93273915,-32.00200649,14.2189
115.93274100,-32.00200800,14.2235
115.93274285,-32.00200951,14.2281
115.93274471,-32.00201102,14.2327
115.93274656,-32.00201254,14.2373
115.93274841,-32.00201405,14.2419
</coordinates>
</LineString>
<LineString>
<tessellate>1</tessellate>
<coordinates>
115.93275027,-32.00201556,14.2465
115.93275212,-32.00201707,14.2512
115.93275398,-32.00201859,14.2558
</coordinates>
</LineString>
<LineString>
<tessellate>1</tessellate>
<coordinates>
115.93275861,-32.00202237,14.2673
</coordinates>
</LineString>
<LineString>
<tessellate>1</tessellate>
<coordinates>
115.93277251,-32.00203371,14.3019
115.93277437,-32.00203522,14.3065
115.93277622,-32.00203673,14.3111
115.93277807,-32.00203824,14.3157
115.93277986,-32.00203973,14.2913
115.93278159,-32.00204119,14.2380
115.93278332,-32.00204265,14.1846
115.93278505,-32.00204411,14.1313
115.93278678,-32.00204557,14.0779
115.93278851,-32.00204703,14.0246
</coordinates>
</LineString>
<LineString>
<tessellate>1</tessellate>
<coordinates>
115.93279284,-32.00205068,13.8912
115.93279370,-32.00205141,13.8645
</coordinates>
</LineString>
<LineString>
<tessellate>1</tessellate>
<coordinates>
115.93279889,-32.00205578,13.7045
115.93280062,-32.00205724,13.6511
</coordinates>
</LineString>
<LineString>
<tessellate>1</tessellate>
<coordinates>
115.93282224,-32.00207549,12.9842
</coordinates>
</LineString>
<LineString>
<tessellate>1</tessellate>
<coordinates>
115.93283522,-32.00208643,12.5841
115.93283695,-32.00208789,12.5307
</coordinates>
</LineString>
<LineString>
<tessellate>1</tessellate>
<coordinates>
115.93289186,-32.00213448,11.5761
115.93289352,-32.00213589,11.5500
</coordinates>
</LineString>
<LineString>
<tessellate>1</tessellate>
<coordinates>
115.93289712,-32.00213869,11.5200
115.93289936,-32.00214007,11.5381
115.93290160,-32.00214145,11.5561
115.93290383,-32.00214283,11.5742
115.93290607,-32.00214421,11.5922
115.93290831,-32.00214560,11.6103
115.93291055,-32.00214698,11.6283
115.93291279,-32.00214836,11.6464
115.93291502,-32.00214974,11.6644
115.93291726,-32.00215112,11.6825
115.93291950,-32.00215250,11.7005
115.93292174,-32.00215388,11.7185
</coordinates>
</LineString>
<LineString>
<tessellate>1</tessellate>
<coordinates>
115.93292957,-32.00215871,11.7817
</coordinates>
</LineString>
<LineString>
<tessellate>1</tessellate>
<coordinates>
115.93293405,-32.00216148,11.8178
115.93293517,-32.00216217,11.8268
115.93293740,-32.00216355,11.8449
115.93293964,-32.00216493,11.8629
115.93294188,-32.00216631,11.8810
</coordinates>
</LineString>
<LineString>
<tessellate>1</tessellate>
<coordinates>
115.93295100,-32.00216991,11.9598
115.93295200,-32.00217027,11.9685
115.93295400,-32.00217100,11.9860
115.93295600,-32.00217173,12.0035
</coordinates>
</LineString>
<LineString>
<tessellate>1</tessellate>
<coordinates>
115.93296100,-32.00217355,12.0471
115.93296200,-32.00217391,12.0558
115.93296400,-32.00217464,12.0733
115.93296600,-32.00217536,12.0907
115.93296800,-32.00217609,12.1082
115.93297000,-32.00217682,12.1256
</coordinates>
</LineString>
<LineString>
<tessellate>1</tessellate>
<coordinates>
115.93297400,-32.00217827,12.1605
115.93297600,-32.00217900,12.1780
</coordinates>
</LineString>
<LineString>
<tessellate>1</tessellate>
<coordinates>
115.93297800,-32.00217973,12.1955
115.93298000,-32.00218045,12.2129
115.93298200,-32.00218118,12.2304
</coordinates>
</LineString>
<LineString>
<tessellate>1</tessellate>
<coordinates>
115.93299700,-32.00218425,12.5040
115.93299986,-32.00218461,12.5697
</coordinates>
</LineString>
<LineString>
<tessellate>1</tessellate>
<coordinates>
115.93305917,-32.00218388,13.7270
115.93306112,-32.00218363,13.7593
115.93306308,-32.00218338,13.7916
115.93306502,-32.00218313,13.8239
</coordinates>
</LineString>
<LineString>
<tessellate>1</tessellate>
<coordinates>
115.93329865,-32.00200928,14.7378
115.93330055,-32.00200765,14.7386
115.93330245,-32.00200602,14.7394
115.93330435,-32.00200438,14.7402
</coordinates>
</LineString>
<LineString>
<tessellate>1</tessellate>
<coordinates>
115.93330625,-32.00200275,14.7410
115.93330815,-32.00200112,14.7418
115.93331005,-32.00199948,14.7426
</coordinates>
</LineString>
<LineString>
<tessellate>1</tessellate>
<coordinates>
115.93331385,-32.00199622,14.7442
115.93331575,-32.00199458,14.7450
</coordinates>
</LineString>
<LineString>
<tessellate>1</tessellate>
<coordinates>
115.93332525,-32.00198642,14.7490
115.93332715,-32.00198478,14.7498
</coordinates>
</LineString>
<LineString>
<tessellate>1</tessellate>
<coordinates>
115.93333095,-32.00198152,14.7514
115.93333285,-32.00197988,14.7522
</coordinates>
</LineString>
<LineString>
<tessellate>1</tessellate>
<coordinates>
115.93334425,-32.00197008,14.7570
115.93334615,-32.00196845,14.7578
</coordinates>
</LineString>
<LineString>
<tessellate>1</tessellate>
<coordinates>
115.93335933,-32.00195717,14.7615
115.93336121,-32.00195556,14.7620
</coordinates>
</LineString>
<LineString>
<tessellate>1</tessellate>
<coordinates>
115.93336309,-32.00195395,14.7624
115.93336497,-32.00195235,14.7629
</coordinates>
</LineString>
<LineString>
<tessellate>1</tessellate>
<coordinates>
115.93337248,-32.00194592,14.7647
115.93337436,-32.00194432,14.7651
115.93337624,-32.00194271,14.7656
115.93337812,-32.00194111,14.7660
115.93338000,-32.00193950,14.7665
</coordinates>
</LineString>
<LineString>
<tessellate>1</tessellate>
<coordinates>
115.93338376,-32.00193629,14.7674
115.93338564,-32.00193468,14.7679
</coordinates>
</LineString>
<LineString>
<tessellate>1</tessellate>
<coordinates>
115.93338752,-32.00193308,14.7683
115.93338939,-32.00193147,14.7688
115.93339127,-32.00192986,14.7692
</coordinates>
</LineString>
<LineString>
<tessellate>1</tessellate>
<coordinates>
115.93339691,-32.00192505,14.7706
115.93339879,-32.00192344,14.7710
</coordinates>
</LineString>
<LineString>
<tessellate>1</tessellate>
<coordinates>
115.93340442,-32.00191862,14.7724
115.93340630,-32.00191702,14.7729
</coordinates>
</LineString>
<LineString>
<tessellate>1</tessellate>
<coordinates>
115.93341579,-32.00190886,14.7726
115.93341770,-32.00190720,14.7720
</coordinates>
</LineString>
<LineString>
<tessellate>1</tessellate>
<coordinates>
115.93350358,-32.00183333,14.7551
115.93350547,-32.00183172,14.7551
</coordinates>
</LineString>
<LineString>
<tessellate>1</tessellate>
<coordinates>
115.93350926,-32.00182851,14.7553
115.93351116,-32.00182691,14.7554
115.93351305,-32.00182530,14.7555
115.93351495,-32.00182370,14.7555
115.93351684,-32.00182209,14.7556
115.93351874,-32.00182049,14.7557
115.93352063,-32.00181888,14.7558
115.93352253,-32.00181728,14.7559
115.93352442,-32.00181567,14.7559
115.93352632,-32.00181407,14.7560
</coordinates>
</LineString>
<LineString>
<tessellate>1</tessellate>
<coordinates>
115.93352821,-32.00181246,14.7561
115.93353011,-32.00181086,14.7562
115.93353200,-32.00180925,14.7563
115.93353389,-32.00180764,14.7563
115.93353579,-32.00180604,14.7564
115.93353768,-32.00180443,14.7565
115.93353958,-32.00180283,14.7566
</coordinates>
</LineString>
<LineString>
<tessellate>1</tessellate>
<coordinates>
115.93354147,-32.00180122,14.7566
115.93354337,-32.00179962,14.7567
115.93354526,-32.00179801,14.7568
115.93354716,-32.00179641,14.7569
</coordinates>
</LineString>
<LineString>
<tessellate>1</tessellate>
<coordinates>
115.93354905,-32.00179480,14.7570
115.93355096,-32.00179318,14.7574
</coordinates>
</LineString>
<LineString>
<tessellate>1</tessellate>
<coordinates>
115.93355481,-32.00178990,14.7589
115.93355673,-32.00178826,14.7597
</coordinates>
</LineString>
<LineString>
<tessellate>1</tessellate>
<coordinates>
115.93355865,-32.00178662,14.7605
115.93356058,-32.00178497,14.7612
115.93356250,-32.00178333,14.7620
</coordinates>
</LineString>
<LineString>
<tessellate>1</tessellate>
<coordinates>
115.93356442,-32.00178169,14.7628
115.93356635,-32.00178005,14.7635
</coordinates>
</LineString>
<LineString>
<tessellate>1</tessellate>
<coordinates>
115.93357788,-32.00177021,14.7682
115.93357981,-32.00176856,14.7689
</coordinates>
</LineString>
<LineString>
<tessellate>1</tessellate>
<coordinates>
115.93358173,-32.00176692,14.7697
115.93358365,-32.00176528,14.7705
115.93358558,-32.00176364,14.7712
115.93358750,-32.00176200,14.7720
</coordinates>
</LineString>
<LineString>
<tessellate>1</tessellate>
<coordinates>
115.93359135,-32.00175872,14.7735
115.93359327,-32.00175708,14.7743
115.93359519,-32.00175544,14.7751
115.93359712,-32.00175379,14.7758
115.93359904,-32.00175215,14.7766
115.93360096,-32.00175051,14.7774
115.93360288,-32.00174887,14.7782
115.93360481,-32.00174723,14.7789
</coordinates>
</LineString>
<LineString>
<tessellate>1</tessellate>
<coordinates>
115.93360865,-32.00174395,14.7805
115.93361058,-32.00174231,14.7812
</coordinates>
</LineString>
<LineString>
<tessellate>1</tessellate>
<coordinates>
115.93361250,-32.00174067,14.7820
115.93361442,-32.00173903,14.7828
</coordinates>
</LineString>
<LineString>
<tessellate>1</tessellate>
<coordinates>
115.93362212,-32.00173246,14.7858
115.93362404,-32.00173082,14.7866
</coordinates>
</LineString>
<LineString>
<tessellate>1</tessellate>
<coordinates>
115.93363345,-32.00172276,14.7826
115.93363533,-32.00172115,14.7816
</coordinates>
</LineString>
<LineString>
<tessellate>1</tessellate>
<coordinates>
115.93363721,-32.00171954,14.7807
115.93363909,-32.00171793,14.7797
</coordinates>
</LineString>
<LineString>
<tessellate>1</tessellate>
<coordinates>
115.93365035,-32.00170827,14.7738
115.93365223,-32.00170666,14.7729
115.93365411,-32.00170505,14.7719
</coordinates>
</LineString>
<LineString>
<tessellate>1</tessellate>
<coordinates>
115.93365599,-32.00170344,14.7709
115.93365787,-32.00170183,14.7699
115.93365974,-32.00170022,14.7690
</coordinates>
</LineString>
<LineString>
<tessellate>1</tessellate>
<coordinates>
115.93366350,-32.00169700,14.7670
115.93366538,-32.00169539,14.7660
</coordinates>
</LineString>
<LineString>
<tessellate>1</tessellate>
<coordinates>
115.93370295,-32.00166319,14.7470
115.93370486,-32.00166157,14.7469
115.93370676,-32.00165995,14.7469
115.93370867,-32.00165833,14.7468
115.93371057,-32.00165671,14.7468
115.93371248,-32.00165510,14.7467
</coordinates>
</LineString>
<LineString>
<tessellate>1</tessellate>
<coordinates>
115.93371724,-32.00165105,14.7466
115.93371819,-32.00165024,14.7466
115.93372010,-32.00164862,14.7465
115.93372200,-32.00164700,14.7465
</coordinates>
</LineString>
<LineString>
<tessellate>1</tessellate>
<coordinates>
115.93372390,-32.00164538,14.7465
115.93372581,-32.00164376,14.7464
</coordinates>
</LineString>
<LineString>
<tessellate>1</tessellate>
<coordinates>
115.93409877,-32.00132491,14.4182
115.93410068,-32.00132327,14.4127
</coordinates>
</LineString>
<LineString>
<tessellate>1</tessellate>
<coordinates>
115.93410450,-32.00132000,14.4019
115.93410641,-32.00131836,14.3964
</coordinates>
</LineString>
<LineString>
<tessellate>1</tessellate>
<coordinates>
115.93417778,-32.00125782,14.2959
115.93417972,-32.00125618,14.2936
115.93418165,-32.00125455,14.2912
115.93418358,-32.00125291,14.2889
115.93418551,-32.00125127,14.2866
115.93418744,-32.00124964,14.2842
115.93418937,-32.00124800,14.2819
115.93419131,-32.00124636,14.2795
115.93419324,-32.00124473,14.2772
115.93419517,-32.00124309,14.2749
115.93419710,-32.00124145,14.2725
115.93419903,-32.00123982,14.2702
115.93420094,-32.00123820,14.2686
</coordinates>
</LineString>
<LineString>
<tessellate>1</tessellate>
<coordinates>
115.93420661,-32.00123340,14.2664
115.93420850,-32.00123180,14.2656
115.93421039,-32.00123020,14.2648
115.93421228,-32.00122860,14.2641
115.93421417,-32.00122700,14.2633
115.93421606,-32.00122540,14.2626
115.93421794,-32.00122380,14.2618
115.93421983,-32.00122220,14.2611
115.93422172,-32.00122060,14.2603
115.93422361,-32.00121900,14.2596
115.93422550,-32.00121740,14.2588
115.93422739,-32.00121580,14.2580
115.93422928,-32.00121420,14.2573
115.93423117,-32.00121260,14.2565
115.93423306,-32.00121100,14.2558
115.93423494,-32.00120940,14.2550
</coordinates>
</LineString>
<LineString>
<tessellate>1</tessellate>
<coordinates>
115.93423683,-32.00120780,14.2543
115.93423872,-32.00120620,14.2535
115.93424061,-32.00120460,14.2528
</coordinates>
</LineString>
<LineString>
<tessellate>1</tessellate>
<coordinates>
115.93436626,-32.00109735,14.2524
115.93436809,-32.00109578,14.2528
</coordinates>
</LineString>
<LineString>
<tessellate>1</tessellate>
<coordinates>
115.93437714,-32.00108820,14.2572
115.93437895,-32.00108669,14.2581
</coordinates>
</LineString>
<LineString>
<tessellate>1</tessellate>
<coordinates>
115.93479622,-32.00073917,13.7141
115.93479813,-32.00073750,13.7160
</coordinates>
</LineString>
<LineString>
<tessellate>1</tessellate>
<coordinates>
115.93488806,-32.00066080,13.6814
115.93488990,-32.00065921,13.6803
</coordinates>
</LineString>
<LineString>
<tessellate>1</tessellate>
<coordinates>
115.93489169,-32.00065764,13.6788
115.93489349,-32.00065607,13.6773
</coordinates>
</LineString>
<LineString>
<tessellate>1</tessellate>
<coordinates>
115.93492402,-32.00062936,13.6523
115.93492582,-32.00062779,13.6509
</coordinates>
</LineString>
<LineString>
<tessellate>1</tessellate>
<coordinates>
115.93505783,-32.00051398,13.6871
115.93505964,-32.00051243,13.6889
115.93506146,-32.00051088,13.6906
</coordinates>
</LineString>
<LineString>
<tessellate>1</tessellate>
<coordinates>
115.93508322,-32.00049213,13.7253
115.93508417,-32.00049130,13.7270
115.93508609,-32.00048965,13.7304
</coordinates>
</LineString>
<LineString>
<tessellate>1</tessellate>
<coordinates>
115.93524884,-32.00035117,14.0826
115.93525080,-32.00034950,14.0882
115.93525276,-32.00034783,14.0938
115.93525471,-32.00034617,14.0994
115.93525667,-32.00034450,14.1050
115.93525862,-32.00034283,14.1106
115.93526058,-32.00034117,14.1162
115.93526253,-32.00033950,14.1218
115.93526449,-32.00033783,14.1274
115.93526644,-32.00033617,14.1330
115.93526840,-32.00033450,14.1386
</coordinates>
</LineString>
<LineString>
<tessellate>1</tessellate>
<coordinates>
115.93569692,-31.99996808,15.2629
115.93569880,-31.99996649,15.2659
</coordinates>
</LineString>
<LineString>
<tessellate>1</tessellate>
<coordinates>
115.93580967,-31.99987272,15.4054
115.93581155,-31.99987113,15.4073
</coordinates>
</LineString>
<LineString>
<tessellate>1</tessellate>
<coordinates>
115.93592401,-31.99977536,15.4712
115.93592588,-31.99977377,15.4710
</coordinates>
</LineString>
<LineString>
<tessellate>1</tessellate>
<coordinates>
115.93595396,-31.99974992,15.4683
115.93595583,-31.99974833,15.4682
115.93595771,-31.99974674,15.4680
115.93595958,-31.99974515,15.4678
</coordinates>
</LineString>
<LineString>
<tessellate>1</tessellate>
<coordinates>
115.93606688,-31.99965688,15.1052
115.93606865,-31.99965532,15.1088
115.93607042,-31.99965376,15.1124
</coordinates>
</LineString>
<LineString>
<tessellate>1</tessellate>
<coordinates>
115.93607396,-31.99965063,15.1197
115.93607573,-31.99964906,15.1234
</coordinates>
</LineString>
<LineString>
<tessellate>1</tessellate>
<coordinates>
115.93607927,-31.99964594,15.1306
115.93608104,-31.99964437,15.1343
</coordinates>
</LineString>
<LineString>
<tessellate>1</tessellate>
<coordinates>
115.93608281,-31.99964281,15.1379
115.93608458,-31.99964124,15.1416
</coordinates>
</LineString>
<LineString>
<tessellate>1</tessellate>
<coordinates>
115.93624982,-31.99949655,15.2148
115.93625170,-31.99949491,15.2126
</coordinates>
</LineString>
<LineString>
<tessellate>1</tessellate>
<coordinates>
115.93628552,-31.99946545,15.1739
115.93628739,-31.99946382,15.1717
115.93628927,-31.99946218,15.1696
115.93629115,-31.99946055,15.1674
115.93629303,-31.99945891,15.1653
115.93629491,-31.99945727,15.1631
115.93629679,-31.99945564,15.1610
115.93629867,-31.99945400,15.1588
115.93630055,-31.99945236,15.1567
115.93630242,-31.99945073,15.1545
115.93630430,-31.99944909,15.1524
115.93630618,-31.99944745,15.1502
</coordinates>
</LineString>
<LineString>
<tessellate>1</tessellate>
<coordinates>
115.93632275,-31.99943300,15.1190
115.93632458,-31.99943140,15.1153
115.93632642,-31.99942980,15.1115
115.93632825,-31.99942820,15.1078
</coordinates>
</LineString>
<LineString>
<tessellate>1</tessellate>
<coordinates>
115.93633283,-31.99942420,15.0985
</coordinates>
</LineString>
<LineString>
<tessellate>1</tessellate>
<coordinates>
115.93633833,-31.99941940,15.0873
115.93633925,-31.99941860,15.0854
115.93634108,-31.99941700,15.0817
115.93634292,-31.99941540,15.0779
115.93634475,-31.99941380,15.0742
115.93634658,-31.99941220,15.0705
115.93634842,-31.99941060,15.0667
</coordinates>
</LineString>
<LineString>
<tessellate>1</tessellate>
<coordinates>
115.93635025,-31.99940900,15.0630
115.93635208,-31.99940740,15.0593
</coordinates>
</LineString>
<LineString>
<tessellate>1</tessellate>
<coordinates>
115.93644615,-31.99932648,14.8234
115.93644794,-31.99932494,14.8188
</coordinates>
</LineString>
<LineString>
<tessellate>1</tessellate>
<coordinates>
115.93645331,-31.99932031,14.8049
115.93645510,-31.99931877,14.8003
115.93645684,-31.99931721,14.7959
115.93645853,-31.99931563,14.7918
115.93646021,-31.99931405,14.7877
115.93646189,-31.99931247,14.7836
</coordinates>
</LineString>
<LineString>
<tessellate>1</tessellate>
<coordinates>
115.93653017,-31.99924450,14.6575
</coordinates>
</LineString>
<LineString>
<tessellate>1</tessellate>
<coordinates>
115.93652612,-31.99934288,9.6278
115.93652327,-31.99934373,9.6783
115.93652042,-31.99934458,9.7288
</coordinates>
</LineString>
<LineString>
<tessellate>1</tessellate>
<coordinates>
115.93649721,-31.99935841,9.5226
115.93649491,-31.99935982,9.4983
115.93649262,-31.99936124,9.4739
</coordinates>
</LineString>
<LineString>
<tessellate>1</tessellate>
<coordinates>
115.93649032,-31.99936265,9.4496
115.93648803,-31.99936406,9.4252
</coordinates>
</LineString>
<LineString>
<tessellate>1</tessellate>
<coordinates>
115.93648574,-31.99936547,9.4009
115.93648344,-31.99936688,9.3765
</coordinates>
</LineString>
<LineString>
<tessellate>1</tessellate>
<coordinates>
115.93547618,-32.00016895,13.9208
115.93547426,-32.00017046,13.9154
</coordinates>
</LineString>
<LineString>
<tessellate>1</tessellate>
<coordinates>
115.93529288,-32.00033951,11.5740
115.93529113,-32.00034137,11.5443
</coordinates>
</LineString>
<LineString>
<tessellate>1</tessellate>
<coordinates>
115.93528150,-32.00035161,11.3808
115.93528063,-32.00035254,11.3659
</coordinates>
</LineString>
<LineString>
<tessellate>1</tessellate>
<coordinates>
115.93525438,-32.00038046,10.9201
115.93525262,-32.00038232,10.8904
115.93525088,-32.00038418,10.8606
115.93524913,-32.00038604,10.8309
115.93524738,-32.00038790,10.8012
115.93524563,-32.00038976,10.7715
</coordinates>
</LineString>
<LineString>
<tessellate>1</tessellate>
<coordinates>
115.93511287,-32.00051232,9.7244
115.93511090,-32.00051403,9.7137
</coordinates>
</LineString>
<LineString>
<tessellate>1</tessellate>
<coordinates>
115.93510893,-32.00051574,9.7029
115.93510696,-32.00051744,9.6921
115.93510499,-32.00051915,9.6814
115.93510303,-32.00052084,9.6747
115.93510109,-32.00052253,9.6720
115.93509914,-32.00052421,9.6694
</coordinates>
</LineString>
<LineString>
<tessellate>1</tessellate>
<coordinates>
115.93509331,-32.00052927,9.6614
115.93509137,-32.00053096,9.6587
</coordinates>
</LineString>
<LineString>
<tessellate>1</tessellate>
<coordinates>
115.93498972,-32.00061915,9.5796
115.93498783,-32.00062079,9.5795
</coordinates>
</LineString>
<LineString>
<tessellate>1</tessellate>
<coordinates>
115.93491113,-32.00068787,9.6314
115.93490932,-32.00068946,9.6331
115.93490751,-32.00069104,9.6348
</coordinates>
</LineString>
<LineString>
<tessellate>1</tessellate>
<coordinates>
115.93490039,-32.00069744,9.6416
115.93489864,-32.00069907,9.6434
</coordinates>
</LineString>
<LineString>
<tessellate>1</tessellate>
<coordinates>
115.93435458,-32.00116482,13.1231
115.93435272,-32.00116636,13.1138
</coordinates>
</LineString>
<LineString>
<tessellate>1</tessellate>
<coordinates>
115.93433593,-32.00118023,13.0306
115.93433407,-32.00118181,13.0267
</coordinates>
</LineString>
<LineString>
<tessellate>1</tessellate>
<coordinates>
115.93421534,-32.00128442,13.1059
115.93421350,-32.00128600,13.1070
</coordinates>
</LineString>
<LineString>
<tessellate>1</tessellate>
<coordinates>
115.93376408,-32.00166987,12.7702
115.93376224,-32.00167161,12.7847
115.93376039,-32.00167334,12.7991
115.93375855,-32.00167508,12.8136
</coordinates>
</LineString>
<LineString>
<tessellate>1</tessellate>
<coordinates>
115.93375671,-32.00167682,12.8280
115.93375487,-32.00167855,12.8425
115.93375303,-32.00168029,12.8569
115.93375118,-32.00168203,12.8714
</coordinates>
</LineString>
<LineString>
<tessellate>1</tessellate>
<coordinates>
115.93374750,-32.00168550,12.9003
115.93374566,-32.00168724,12.9147
</coordinates>
</LineString>
<LineString>
<tessellate>1</tessellate>
<coordinates>
115.93374382,-32.00168897,12.9291
115.93374197,-32.00169071,12.9436
115.93374013,-32.00169245,12.9580
115.93373829,-32.00169418,12.9725
115.93373645,-32.00169592,12.9869
115.93373461,-32.00169766,13.0014
115.93373276,-32.00169939,13.0158
115.93373092,-32.00170113,13.0303
115.93372908,-32.00170287,13.0447
115.93372724,-32.00170461,13.0592
115.93372539,-32.00170634,13.0736
115.93372355,-32.00170808,13.0881
115.93372171,-32.00170982,13.1025
</coordinates>
</LineString>
<LineString>
<tessellate>1</tessellate>
<coordinates>
115.93371618,-32.00171503,13.1459
115.93371434,-32.00171676,13.1603
115.93371250,-32.00171850,13.1748
115.93371066,-32.00172024,13.1892
115.93370882,-32.00172197,13.2036
115.93370697,-32.00172371,13.2181
115.93370513,-32.00172545,13.2325
</coordinates>
</LineString>
<LineString>
<tessellate>1</tessellate>
<coordinates>
115.93369961,-32.00173066,13.2759
115.93369776,-32.00173239,13.2903
115.93369592,-32.00173413,13.3048
115.93369408,-32.00173582,13.3173
115.93369224,-32.00173745,13.3278
115.93369039,-32.00173908,13.3384
115.93368855,-32.00174071,13.3489
115.93368671,-32.00174234,13.3595
</coordinates>
</LineString>
<LineString>
<tessellate>1</tessellate>
<coordinates>
115.93368487,-32.00174397,13.3700
115.93368303,-32.00174561,13.3806
115.93368118,-32.00174724,13.3911
</coordinates>
</LineString>
<LineString>
<tessellate>1</tessellate>
<coordinates>
115.93367382,-32.00175376,13.4334
115.93367197,-32.00175539,13.4439
</coordinates>
</LineString>
<LineString>
<tessellate>1</tessellate>
<coordinates>
115.93364250,-32.00178150,13.6127
115.93364066,-32.00178313,13.6233
</coordinates>
</LineString>
<LineString>
<tessellate>1</tessellate>
<coordinates>
115.93363697,-32.00178639,13.6444
115.93363513,-32.00178803,13.6550
115.93363329,-32.00178966,13.6655
</coordinates>
</LineString>
<LineString>
<tessellate>1</tessellate>
<coordinates>
115.93363145,-32.00179129,13.6761
115.93362961,-32.00179292,13.6866
115.93362776,-32.00179455,13.6972
</coordinates>
</LineString>
<LineString>
<tessellate>1</tessellate>
<coordinates>
115.93362397,-32.00179778,13.6957
115.93362192,-32.00179935,13.6612
</coordinates>
</LineString>
<LineString>
<tessellate>1</tessellate>
<coordinates>
115.93361781,-32.00180249,13.5922
115.93361576,-32.00180405,13.5577
</coordinates>
</LineString>
<LineString>
<tessellate>1</tessellate>
<coordinates>
115.93357878,-32.00183227,12.9364
115.93357673,-32.00183384,12.9019
</coordinates>
</LineString>
<LineString>
<tessellate>1</tessellate>
<coordinates>
115.93357468,-32.00183541,12.8674
115.93357262,-32.00183697,12.8329
</coordinates>
</LineString>
<LineString>
<tessellate>1</tessellate>
<coordinates>
115.93356851,-32.00184011,12.7639
115.93356646,-32.00184168,12.7294
115.93356441,-32.00184324,12.6949
115.93356235,-32.00184481,12.6603
115.93356030,-32.00184638,12.6258
115.93355824,-32.00184795,12.5913
115.93355619,-32.00184951,12.5568
115.93355414,-32.00185108,12.5223
115.93355208,-32.00185265,12.4878
115.93355003,-32.00185422,12.4533
115.93354803,-32.00185579,12.4248
115.93354608,-32.00185738,12.4025
115.93354414,-32.00185896,12.3802
115.93354219,-32.00186054,12.3579
115.93354025,-32.00186213,12.3356
115.93353831,-32.00186371,12.3133
</coordinates>
</LineString>
<LineString>
<tessellate>1</tessellate>
<coordinates>
115.93353636,-32.00186529,12.2910
115.93353442,-32.00186687,12.2687
115.93353247,-32.00186846,12.2464
</coordinates>
</LineString>
<LineString>
<tessellate>1</tessellate>
<coordinates>
115.93353053,-32.00187004,12.2241
115.93352858,-32.00187163,12.2018
</coordinates>
</LineString>
<LineString>
<tessellate>1</tessellate>
<coordinates>
115.93350525,-32.00189063,11.9341
115.93350331,-32.00189221,11.9118
</coordinates>
</LineString>
<LineString>
<tessellate>1</tessellate>
<coordinates>
115.93350136,-32.00189379,11.8895
115.93349942,-32.00189537,11.8672
</coordinates>
</LineString>
<LineString>
<tessellate>1</tessellate>
<coordinates>
115.93336537,-32.00199879,10.8244
115.93336354,-32.00200007,10.8152
</coordinates>
</LineString>
<LineString>
<tessellate>1</tessellate>
<coordinates>
115.93335806,-32.00200393,10.7876
115.93335623,-32.00200521,10.7784
</coordinates>
</LineString>
<LineString>
<tessellate>1</tessellate>
<coordinates>
115.93335257,-32.00200779,10.7600
115.93335074,-32.00200907,10.7508
115.93334891,-32.00201036,10.7416
</coordinates>
</LineString>
<LineString>
<tessellate>1</tessellate>
<coordinates>
115.93333771,-32.00201881,10.7207
115.93333584,-32.00202023,10.7177
</coordinates>
</LineString>
<LineString>
<tessellate>1</tessellate>
<coordinates>
115.93327590,-32.00206970,10.4857
115.93327402,-32.00207166,10.4645
</coordinates>
</LineString>
<LineString>
<tessellate>1</tessellate>
<coordinates>
115.93326838,-32.00207754,10.4007
115.93326650,-32.00207950,10.3795
115.93326462,-32.00208146,10.3583
</coordinates>
</LineString>
<LineString>
<tessellate>1</tessellate>
<coordinates>
115.93326086,-32.00208538,10.3158
115.93325898,-32.00208734,10.2945
115.93325710,-32.00208930,10.2733
</coordinates>
</LineString>
<LineString>
<tessellate>1</tessellate>
<coordinates>
115.93325334,-32.00209322,10.2308
115.93325146,-32.00209518,10.2096
115.93324958,-32.00209714,10.1883
</coordinates>
</LineString>
<LineString>
<tessellate>1</tessellate>
<coordinates>
115.93323910,-32.00210760,10.0847
115.93323754,-32.00210904,10.0730
</coordinates>
</LineString>
<LineString>
<tessellate>1</tessellate>
<coordinates>
115.93323598,-32.00211048,10.0613
115.93323442,-32.00211192,10.0495
115.93323286,-32.00211336,10.0378
115.93323130,-32.00211480,10.0261
115.93322974,-32.00211624,10.0144
115.93322818,-32.00211768,10.0027
115.93322662,-32.00211912,9.9909
115.93322506,-32.00212056,9.9792
</coordinates>
</LineString>
<LineString>
<tessellate>1</tessellate>
<coordinates>
115.93322116,-32.00212416,9.9499
115.93322038,-32.00212488,9.9441
</coordinates>
</LineString>
<LineString>
<tessellate>1</tessellate>
<coordinates>
115.93321648,-32.00212848,9.9148
115.93321570,-32.00212920,9.9089
115.93321414,-32.00213064,9.8972
115.93321258,-32.00213208,9.8855
115.93321102,-32.00213352,9.8737
115.93320946,-32.00213496,9.8620
115.93320790,-32.00213640,9.8503
115.93320634,-32.00213784,9.8386
115.93320478,-32.00213928,9.8269
115.93320291,-32.00214029,9.8533
115.93320074,-32.00214088,9.9179
115.93319856,-32.00214147,9.9825
115.93319638,-32.00214206,10.0471
</coordinates>
</LineString>
<LineString>
<tessellate>1</tessellate>
<coordinates>
115.93319421,-32.00214265,10.1116
115.93319203,-32.00214324,10.1762
115.93318985,-32.00214382,10.2408
115.93318768,-32.00214441,10.3054
115.93318550,-32.00214500,10.3700
</coordinates>
</LineString>
<LineString>
<tessellate>1</tessellate>
<coordinates>
115.93318332,-32.00214559,10.4346
115.93318115,-32.00214618,10.4992
</coordinates>
</LineString>
<LineString>
<tessellate>1</tessellate>
<coordinates>
115.93316809,-32.00214971,10.8867
115.93316624,-32.00215029,10.9406
115.93316471,-32.00215088,10.9837
</coordinates>
</LineString>
<LineString>
<tessellate>1</tessellate>
<coordinates>
115.93312967,-32.00217067,11.6973
115.93312825,-32.00217200,11.7030
115.93312542,-32.00217467,11.7143
115.93312314,-32.00217636,11.7399
</coordinates>
</LineString>
<LineString>
<tessellate>1</tessellate>
<coordinates>
115.93275683,-32.00211033,11.2752
115.93275575,-32.00210950,11.2778
115.93275358,-32.00210783,11.2829
115.93275142,-32.00210617,11.2881
115.93274925,-32.00210450,11.2933
115.93274708,-32.00210283,11.2984
</coordinates>
</LineString>
<LineString>
<tessellate>1</tessellate>
<coordinates>
115.93274167,-32.00209867,11.3113
115.93274058,-32.00209783,11.3139
115.93273842,-32.00209617,11.3191
115.93273625,-32.00209450,11.3242
115.93273408,-32.00209283,11.3294
115.93273191,-32.00209115,11.3357
115.93272972,-32.00208944,11.3431
115.93272754,-32.00208774,11.3505
115.93272535,-32.00208604,11.3579
115.93272317,-32.00208433,11.3653
115.93272098,-32.00208263,11.3727
</coordinates>
</LineString>
<LineString>
<tessellate>1</tessellate>
<coordinates>
115.93141025,-32.00104875,16.0000
115.93140922,-32.00104795,15.9992
115.93140716,-32.00104634,15.9976
</coordinates>
</LineString>
<LineString>
<tessellate>1</tessellate>
<coordinates>
115.93139994,-32.00104073,15.9921
115.93139891,-32.00103993,15.9913
</coordinates>
</LineString>
<LineString>
<tessellate>1</tessellate>
<coordinates>
115.93139684,-32.00103832,15.9897
115.93139478,-32.00103672,15.9881
</coordinates>
</LineString>
<LineString>
<tessellate>1</tessellate>
<coordinates>
115.93139272,-32.00103511,15.9865
</coordinates>
</LineString>
<LineString>
<tessellate>1</tessellate>
<coordinates>
115.93138756,-32.00103110,15.9826
</coordinates>
</LineString>
<LineString>
<tessellate>1</tessellate>
<coordinates>
115.93138138,-32.00102629,15.9778
115.93138034,-32.00102549,15.9770
115.93137828,-32.00102389,15.9755
</coordinates>
</LineString>
<LineString>
<tessellate>1</tessellate>
<coordinates>
115.93136694,-32.00101506,15.9667
115.93136591,-32.00101426,15.9660
</coordinates>
</LineString>
<LineString>
<tessellate>1</tessellate>
<coordinates>
115.93135869,-32.00100865,15.9604
115.93135766,-32.00100784,15.9596
115.93135559,-32.00100624,15.9580
115.93135353,-32.00100464,15.9565
</coordinates>
</LineString>
<LineString>
<tessellate>1</tessellate>
<coordinates>
115.93134838,-32.00100062,15.9525
115.93134734,-32.00099982,15.9517
</coordinates>
</LineString>
<LineString>
<tessellate>1</tessellate>
<coordinates>
115.93109740,-32.00080800,15.6330
</coordinates>
</LineString>
<LineString>
<tessellate>1</tessellate>
<coordinates>
115.93108948,-32.00080200,15.6186
115.93108849,-32.00080125,15.6168
115.93108651,-32.00079975,15.6132
115.93108453,-32.00079825,15.6096
115.93108255,-32.00079675,15.6060
115.93108057,-32.00079525,15.6024
115.93107859,-32.00079375,15.5988
115.93107661,-32.00079225,15.5952
115.93107463,-32.00079075,15.5916
115.93107265,-32.00078925,15.5880
115.93107067,-32.00078775,15.5844
115.93106869,-32.00078625,15.5808
</coordinates>
</LineString>
<LineString>
<tessellate>1</tessellate>
<coordinates>
115.93099921,-32.00073371,15.4739
115.93099819,-32.00073294,15.4726
</coordinates>
</LineString>
<LineString>
<tessellate>1</tessellate>
<coordinates>
115.93099615,-32.00073140,15.4699
115.93099410,-32.00072985,15.4672
</coordinates>
</LineString>
<LineString>
<tessellate>1</tessellate>
<coordinates>
115.93098900,-32.00072600,15.4605
</coordinates>
</LineString>
<LineString>
<tessellate>1</tessellate>
<coordinates>
115.93097879,-32.00071829,15.4471
115.93097777,-32.00071752,15.4457
115.93097573,-32.00071598,15.4430
115.93097369,-32.00071444,15.4403
</coordinates>
</LineString>
<LineString>
<tessellate>1</tessellate>
<coordinates>
115.93052600,-32.00036910,15.2435
115.93052400,-32.00036756,15.2472
</coordinates>
</LineString>
<LineString>
<tessellate>1</tessellate>
<coordinates>
115.92991357,-31.99989524,15.7684
115.92991168,-31.99989378,15.7691
</coordinates>
</LineString>
<LineString>
<tessellate>1</tessellate>
<coordinates>
115.92989847,-31.99988361,15.7738
115.92989658,-31.99988216,15.7745
</coordinates>
</LineString>
<LineString>
<tessellate>1</tessellate>
<coordinates>
115.92982251,-31.99982422,15.7687
115.92982053,-31.99982266,15.7682
115.92981855,-31.99982110,15.7676
</coordinates>
</LineString>
<LineString>
<tessellate>1</tessellate>
<coordinates>
115.92981657,-31.99981954,15.7670
115.92981459,-31.99981798,15.7665
115.92981261,-31.99981642,15.7659
</coordinates>
</LineString>
<LineString>
<tessellate>1</tessellate>
<coordinates>
115.92979479,-31.99980238,15.7609
115.92979281,-31.99980082,15.7603
115.92979083,-31.99979926,15.7598
</coordinates>
</LineString>
<LineString>
<tessellate>1</tessellate>
<coordinates>
115.92978291,-31.99979302,15.7575
115.92978093,-31.99979146,15.7570
</coordinates>
</LineString>
<LineString>
<tessellate>1</tessellate>
<coordinates>
115.92976491,-31.99977893,15.7511
115.92976289,-31.99977736,15.7503
115.92976087,-31.99977579,15.7494
</coordinates>
</LineString>
<LineString>
<tessellate>1</tessellate>
<coordinates>
115.92975582,-31.99977186,15.7473
115.92975481,-31.99977107,15.7469
</coordinates>
</LineString>
<LineString>
<tessellate>1</tessellate>
<coordinates>
115.92975077,-31.99976793,15.7451
115.92974874,-31.99976636,15.7443
115.92974672,-31.99976479,15.7434
</coordinates>
</LineString>
<LineString>
<tessellate>1</tessellate>
<coordinates>
115.92973258,-31.99975379,15.7374
115.92973056,-31.99975221,15.7366
115.92972854,-31.99975064,15.7357
</coordinates>
</LineString>
<LineString>
<tessellate>1</tessellate>
<coordinates>
115.92917412,-31.99932105,15.6821
</coordinates>
</LineString>
<LineString>
<tessellate>1</tessellate>
<coordinates>
115.92908679,-31.99925344,15.6754
115.92908474,-31.99925185,15.6752
</coordinates>
</LineString>
<LineString>
<tessellate>1</tessellate>
<coordinates>
115.92893241,-31.99913246,15.6352
115.92893054,-31.99913102,15.6351
</coordinates>
</LineString>
<LineString>
<tessellate>1</tessellate>
<coordinates>
115.92886859,-31.99908354,15.6328
115.92886671,-31.99908211,15.6327
</coordinates>
</LineString>
<LineString>
<tessellate>1</tessellate>
<coordinates>
115.92886483,-31.99908067,15.6327
115.92886296,-31.99907923,15.6326
115.92886108,-31.99907779,15.6325
</coordinates>
</LineString>
<LineString>
<tessellate>1</tessellate>
<coordinates>
115.92885639,-31.99907419,15.6324
115.92885545,-31.99907347,15.6323
115.92885357,-31.99907204,15.6322
115.92885169,-31.99907060,15.6322
115.92884982,-31.99906916,15.6321
115.92884794,-31.99906772,15.6320
115.92884598,-31.99906621,15.6324
</coordinates>
</LineString>
<LineString>
<tessellate>1</tessellate>
<coordinates>
115.92882356,-31.99904887,15.6413
115.92882152,-31.99904729,15.6421
115.92881948,-31.99904571,15.6429
</coordinates>
</LineString>
<LineString>
<tessellate>1</tessellate>
<coordinates>
115.92868346,-31.99894091,15.6966
</coordinates>
</LineString>
<LineString>
<tessellate>1</tessellate>
<coordinates>
115.92867741,-31.99893626,15.6990
115.92867539,-31.99893472,15.6998
</coordinates>
</LineString>
<LineString>
<tessellate>1</tessellate>
<coordinates>
115.92858050,-31.99886150,15.7545
115.92857862,-31.99886004,15.7559
</coordinates>
</LineString>
<LineString>
<tessellate>1</tessellate>
<coordinates>
115.92849408,-31.99879415,15.8127
</coordinates>
</LineString>
<LineString>
<tessellate>1</tessellate>
<coordinates>
115.92840566,-31.99872495,15.8607
115.92840375,-31.99872347,15.8612
</coordinates>
</LineString>
<LineString>
<tessellate>1</tessellate>
<coordinates>
115.92832917,-31.99866600,15.8803
115.92832725,-31.99866453,15.8808
</coordinates>
</LineString>
<LineString>
<tessellate>1</tessellate>
<coordinates>
115.92832343,-31.99866158,15.8818
115.92832152,-31.99866011,15.8823
</coordinates>
</LineString>
<LineString>
<tessellate>1</tessellate>
<coordinates>
115.92831961,-31.99865863,15.8828
</coordinates>
</LineString>
<LineString>
<tessellate>1</tessellate>
<coordinates>
115.92831482,-31.99865495,15.8840
</coordinates>
</LineString>
<LineString>
<tessellate>1</tessellate>
<coordinates>
115.92830811,-31.99864972,15.8878
115.92830618,-31.99864821,15.8896
</coordinates>
</LineString>
<LineString>
<tessellate>1</tessellate>
<coordinates>
115.92830232,-31.99864517,15.8934
115.92830039,-31.99864365,15.8952
</coordinates>
</LineString>
<LineString>
<tessellate>1</tessellate>
<coordinates>
115.92826857,-31.99861861,15.9259
</coordinates>
</LineString>
<LineString>
<tessellate>1</tessellate>
<coordinates>
115.92825604,-31.99860874,15.9379
115.92825411,-31.99860722,15.9398
115.92825218,-31.99860571,15.9416
115.92825025,-31.99860419,15.9435
</coordinates>
</LineString>
<LineString>
<tessellate>1</tessellate>
<coordinates>
115.92823868,-31.99859508,15.9546
</coordinates>
</LineString>
<LineString>
<tessellate>1</tessellate>
<coordinates>
115.92823096,-31.99858901,15.9621
115.92822904,-31.99858749,15.9639
115.92822711,-31.99858597,15.9658
</coordinates>
</LineString>
<LineString>
<tessellate>1</tessellate>
<coordinates>
115.92821746,-31.99857838,15.9751
115.92821554,-31.99857687,15.9769
</coordinates>
</LineString>
<LineString>
<tessellate>1</tessellate>
<coordinates>
115.92817575,-31.99854575,16.0553
115.92817470,-31.99854493,16.0578
</coordinates>
</LineString>
<LineString>
<tessellate>1</tessellate>
<coordinates>
115.92810972,-31.99849426,16.2158
115.92810763,-31.99849262,16.2209
</coordinates>
</LineString>
<LineString>
<tessellate>1</tessellate>
<coordinates>
115.92809311,-31.99848130,16.2572
115.92809133,-31.99847990,16.2635
</coordinates>
</LineString>
<LineString>
<tessellate>1</tessellate>
<coordinates>
115.92806814,-31.99846170,16.3461
115.92806636,-31.99846030,16.3524
</coordinates>
</LineString>
<LineString>
<tessellate>1</tessellate>
<coordinates>
115.92803248,-31.99843370,16.4731
</coordinates>
</LineString>
<LineString>
<tessellate>1</tessellate>
<coordinates>
115.92801286,-31.99841830,16.5429
115.92801108,-31.99841690,16.5493
</coordinates>
</LineString>
<LineString>
<tessellate>1</tessellate>
<coordinates>
115.92800394,-31.99841130,16.5747
115.92800216,-31.99840990,16.5810
</coordinates>
</LineString>
<LineString>
<tessellate>1</tessellate>
<coordinates>
115.92795896,-31.99837671,16.4984
115.92795688,-31.99837513,16.4883
</coordinates>
</LineString>
<LineString>
<tessellate>1</tessellate>
<coordinates>
115.92788419,-31.99831994,16.1343
115.92788212,-31.99831837,16.1242
</coordinates>
</LineString>
<LineString>
<tessellate>1</tessellate>
<coordinates>
115.92765247,-31.99817748,15.5176
115.92765056,-31.99817595,15.5154
</coordinates>
</LineString>
<LineString>
<tessellate>1</tessellate>
<coordinates>
115.92764864,-31.99817442,15.5132
115.92764672,-31.99817289,15.5110
</coordinates>
</LineString>
<LineString>
<tessellate>1</tessellate>
<coordinates>
115.92764098,-31.99816830,15.5043
115.92763906,-31.99816677,15.5021
</coordinates>
</LineString>
<LineString>
<tessellate>1</tessellate>
<coordinates>
115.92763714,-31.99816524,15.4998
115.92763523,-31.99816371,15.4976
</coordinates>
</LineString>
<LineString>
<tessellate>1</tessellate>
<coordinates>
115.92763044,-31.99815988,15.4920
115.92762948,-31.99815912,15.4909
</coordinates>
</LineString>
<LineString>
<tessellate>1</tessellate>
<coordinates>
115.92699230,-31.99765023,14.7509
115.92699135,-31.99764946,14.7498
115.92698943,-31.99764793,14.7476
</coordinates>
</LineString>
<LineString>
<tessellate>1</tessellate>
<coordinates>
115.92619584,-31.99702417,16.2101
115.92619402,-31.99702276,16.2149
</coordinates>
</LineString>
<LineString>
<tessellate>1</tessellate>
<coordinates>
115.92618673,-31.99701712,16.2339
115.92618491,-31.99701571,16.2386
</coordinates>
</LineString>
<LineString>
<tessellate>1</tessellate>
<coordinates>
115.92611434,-31.99696075,16.2999
115.92611238,-31.99695922,16.3016
115.92611042,-31.99695769,16.3033
115.92610845,-31.99695616,16.3049
</coordinates>
</LineString>
<LineString>
<tessellate>1</tessellate>
<coordinates>
115.92610060,-31.99695005,16.3116
115.92609864,-31.99694852,16.3132
115.92609668,-31.99694699,16.3149
115.92609472,-31.99694546,16.3165
</coordinates>
</LineString>
<LineString>
<tessellate>1</tessellate>
<coordinates>
115.92602042,-31.99688830,16.3585
115.92601840,-31.99688675,16.3595
</coordinates>
</LineString>
<LineString>
<tessellate>1</tessellate>
<coordinates>
115.92601638,-31.99688521,16.3605
115.92601436,-31.99688366,16.3615
115.92601234,-31.99688211,16.3625
115.92601032,-31.99688056,16.3635
115.92600830,-31.99687901,16.3645
</coordinates>
</LineString>
<LineString>
<tessellate>1</tessellate>
<coordinates>
115.92599821,-31.99687126,16.3695
115.92599619,-31.99686972,16.3705
</coordinates>
</LineString>
<LineString>
<tessellate>1</tessellate>
<coordinates>
115.92590738,-31.99680160,16.2610
115.92590547,-31.99680014,16.2578
</coordinates>
</LineString>
<LineString>
<tessellate>1</tessellate>
<coordinates>
115.92589975,-31.99679575,16.2480
115.92589784,-31.99679429,16.2447
</coordinates>
</LineString>
<LineString>
<tessellate>1</tessellate>
<coordinates>
115.92528516,-31.99632261,18.3343
115.92528363,-31.99632125,18.3624
</coordinates>
</LineString>
<LineString>
<tessellate>1</tessellate>
<coordinates>
115.92527595,-31.99631446,18.5029
115.92527441,-31.99631311,18.5310
</coordinates>
</LineString>
<LineString>
<tessellate>1</tessellate>
<coordinates>
115.92527288,-31.99631175,18.5591
115.92527134,-31.99631039,18.5872
115.92526980,-31.99630904,18.6153
</coordinates>
</LineString>
<LineString>
<tessellate>1</tessellate>
<coordinates>
115.92526827,-31.99630768,18.6434
115.92526673,-31.99630632,18.6716
</coordinates>
</LineString>
<LineString>
<tessellate>1</tessellate>
<coordinates>
115.92526520,-31.99630496,18.6997
115.92526366,-31.99630361,18.7278
115.92526213,-31.99630225,18.7559
115.92526059,-31.99630089,18.7840
115.92525905,-31.99629954,18.8121
115.92525752,-31.99629818,18.8402
115.92525598,-31.99629682,18.8683
</coordinates>
</LineString>
<LineString>
<tessellate>1</tessellate>
<coordinates>
115.92642593,-31.99503714,19.0357
115.92642774,-31.99503551,19.0356
115.92642955,-31.99503389,19.0355
</coordinates>
</LineString>
<LineString>
<tessellate>1</tessellate>
<coordinates>
115.92643318,-31.99503065,19.0352
115.92643499,-31.99502903,19.0351
</coordinates>
</LineString>
<LineString>
<tessellate>1</tessellate>
<coordinates>
115.92648963,-31.99498012,19.0403
115.92649052,-31.99497933,19.0404
115.92649230,-31.99497773,19.0407
115.92649408,-31.99497614,19.0410
</coordinates>
</LineString>
<LineString>
<tessellate>1</tessellate>
<coordinates>
115.92656556,-31.99491356,19.0989
115.92656702,-31.99491235,19.1026
115.92656848,-31.99491115,19.1064
</coordinates>
</LineString>
<LineString>
<tessellate>1</tessellate>
<coordinates>
115.92657140,-31.99490873,19.1139
115.92657285,-31.99490752,19.1176
115.92657431,-31.99490631,19.1214
115.92657577,-31.99490510,19.1251
115.92657723,-31.99490390,19.1289
115.92657869,-31.99490269,19.1326
115.92658015,-31.99490148,19.1364
115.92658160,-31.99490027,19.1401
115.92658306,-31.99489906,19.1439
115.92658452,-31.99489785,19.1476
115.92658598,-31.99489665,19.1514
</coordinates>
</LineString>
<LineString>
<tessellate>1</tessellate>
<coordinates>
115.92658744,-31.99489544,19.1551
115.92658890,-31.99489423,19.1589
115.92659035,-31.99489302,19.1626
</coordinates>
</LineString>
<LineString>
<tessellate>1</tessellate>
<coordinates>
115.92659181,-31.99489181,19.1664
115.92659327,-31.99489060,19.1701
115.92659512,-31.99488931,19.1743
</coordinates>
</LineString>
<LineString>
<tessellate>1</tessellate>
<coordinates>
115.92659735,-31.99488792,19.1790
115.92659958,-31.99488654,19.1837
115.92660181,-31.99488515,19.1884
115.92660404,-31.99488377,19.1931
115.92660627,-31.99488238,19.1978
115.92660850,-31.99488100,19.2025
115.92661073,-31.99487962,19.2072
115.92661296,-31.99487823,19.2119
115.92661519,-31.99487685,19.2166
115.92661742,-31.99487546,19.2213
</coordinates>
</LineString>
<LineString>
<tessellate>1</tessellate>
<coordinates>
115.92663260,-31.99487140,18.8568
115.92663420,-31.99487130,18.7941
115.92663740,-31.99487110,18.6687
</coordinates>
</LineString>
<LineString>
<tessellate>1</tessellate>
<coordinates>
115.92670233,-31.99488222,16.8082
115.92670500,-31.99488333,16.7505
115.92670767,-31.99488444,16.6928
</coordinates>
</LineString>
<LineString>
<tessellate>1</tessellate>
<coordinates>
115.92672233,-31.99489767,15.7000
115.92672117,-31.99489683,15.7010
</coordinates>
</LineString>
<LineString>
<tessellate>1</tessellate>
<coordinates>
115.92532440,-31.99606955,16.7100
115.92532320,-31.99607065,16.7380
115.92532200,-31.99607175,16.7660
115.92532080,-31.99607285,16.7940
</coordinates>
</LineString>
<LineString>
<tessellate>1</tessellate>
<coordinates>
115.92527814,-31.99611729,17.8890
115.92527757,-31.99611814,17.9070
</coordinates>
</LineString>
<LineString>
<tessellate>1</tessellate>
<coordinates>
115.92526969,-31.99613200,16.7631
115.92526856,-31.99613400,16.5844
</coordinates>
</LineString>
<LineString>
<tessellate>1</tessellate>
<coordinates>
115.92531648,-31.99627448,13.5978
115.92531825,-31.99627625,13.5712
</coordinates>
</LineString>
<LineString>
<tessellate>1</tessellate>
<coordinates>
115.92533100,-31.99628869,13.4008
115.92533300,-31.99629048,13.3847
</coordinates>
</LineString>
<LineString>
<tessellate>1</tessellate>
<coordinates>
115.92548641,-31.99641445,13.5477
</coordinates>
</LineString>
<LineString>
<tessellate>1</tessellate>
<coordinates>
115.92552074,-31.99643901,13.9658
115.92552279,-31.99644046,13.9973
</coordinates>
</LineString>
<LineString>
<tessellate>1</tessellate>
<coordinates>
115.92552691,-31.99644334,14.0603
115.92552897,-31.99644478,14.0918
</coordinates>
</LineString>
<LineString>
<tessellate>1</tessellate>
<coordinates>
115.92555779,-31.99646496,14.5328
115.92555985,-31.99646640,14.5643
</coordinates>
</LineString>
<LineString>
<tessellate>1</tessellate>
<coordinates>
115.92556597,-31.99647076,14.6358
115.92556791,-31.99647227,14.6213
</coordinates>
</LineString>
<LineString>
<tessellate>1</tessellate>
<coordinates>
115.92557957,-31.99648136,14.5346
115.92558151,-31.99648287,14.5201
</coordinates>
</LineString>
<LineString>
<tessellate>1</tessellate>
<coordinates>
115.92575619,-31.99661625,16.3326
115.92575816,-31.99661775,16.3595
</coordinates>
</LineString>
<LineString>
<tessellate>1</tessellate>
<coordinates>
115.92581894,-31.99666198,16.3330
115.92582106,-31.99666352,16.3255
</coordinates>
</LineString>
<LineString>
<tessellate>1</tessellate>
<coordinates>
115.92600705,-31.99680877,16.3263
115.92600889,-31.99681019,16.3380
115.92601073,-31.99681161,16.3496
</coordinates>
</LineString>
<LineString>
<tessellate>1</tessellate>
<coordinates>
115.92602213,-31.99682048,16.4192
115.92602422,-31.99682213,16.4306
</coordinates>
</LineString>
<LineString>
<tessellate>1</tessellate>
<coordinates>
115.92609313,-31.99687869,16.1714
115.92609471,-31.99688006,16.1415
</coordinates>
</LineString>
<LineString>
<tessellate>1</tessellate>
<coordinates>
115.92621654,-31.99692392,14.2689
</coordinates>
</LineString>
<LineString>
<tessellate>1</tessellate>
<coordinates>
115.92641279,-31.99681914,18.6774
</coordinates>
</LineString>
<LineString>
<tessellate>1</tessellate>
<coordinates>
115.92641450,-31.99681450,18.7200
115.92641487,-31.99681363,18.7278
</coordinates>
</LineString>
<LineString>
<tessellate>1</tessellate>
<coordinates>
115.92641964,-31.99680293,18.8159
115.92642093,-31.99680079,18.8218
115.92642221,-31.99679864,18.8276
115.92642350,-31.99679650,18.8335
</coordinates>
</LineString>
<LineString>
<tessellate>1</tessellate>
<coordinates>
115.92664567,-31.99619467,18.6420
115.92664460,-31.99619410,18.6600
115.92664247,-31.99619297,18.6960
115.92664033,-31.99619183,18.7320
115.92663820,-31.99619070,18.7680
115.92663607,-31.99618957,18.8040
115.92663358,-31.99618833,18.8361
</coordinates>
</LineString>
<LineString>
<tessellate>1</tessellate>
<coordinates>
115.92663075,-31.99618700,18.8642
115.92662792,-31.99618567,18.8924
</coordinates>
</LineString>
<LineString>
<tessellate>1</tessellate>
<coordinates>
115.92662508,-31.99618433,18.9206
115.92662225,-31.99618300,18.9487
115.92661942,-31.99618167,18.9769
115.92661658,-31.99618033,19.0051
</coordinates>
</LineString>
<LineString>
<tessellate>1</tessellate>
<coordinates>
115.92661375,-31.99617900,19.0333
115.92661092,-31.99617767,19.0614
115.92660808,-31.99617633,19.0896
</coordinates>
</LineString>
<LineString>
<tessellate>1</tessellate>
<coordinates>
115.92659906,-31.99617228,19.1722
</coordinates>
</LineString>
<LineString>
<tessellate>1</tessellate>
<coordinates>
115.92658350,-31.99616650,19.2700
</coordinates>
</LineString>
<LineString>
<tessellate>1</tessellate>
<coordinates>
115.92657378,-31.99616289,19.3311
</coordinates>
</LineString>
<LineString>
<tessellate>1</tessellate>
<coordinates>
115.92640456,-31.99617700,18.0512
115.92640361,-31.99617750,18.0649
115.92640172,-31.99617850,18.0924
115.92639983,-31.99617950,18.1198
115.92639794,-31.99618050,18.1473
115.92639606,-31.99618150,18.1747
115.92639417,-31.99618250,18.2022
115.92639228,-31.99618350,18.2296
115.92639039,-31.99618450,18.2571
115.92638850,-31.99618550,18.2845
115.92638661,-31.99618650,18.3119
</coordinates>
</LineString>
<LineString>
<tessellate>1</tessellate>
<coordinates>
115.92624321,-31.99629656,16.9385
115.92624185,-31.99629803,16.9208
115.92624050,-31.99629950,16.9030
</coordinates>
</LineString>
<LineString>
<tessellate>1</tessellate>
<coordinates>
115.92623915,-31.99630097,16.8852
115.92623779,-31.99630244,16.8675
115.92623644,-31.99630391,16.8497
115.92623509,-31.99630538,16.8319
115.92623374,-31.99630685,16.8142
115.92623238,-31.99630832,16.7964
</coordinates>
</LineString>
<LineString>
<tessellate>1</tessellate>
<coordinates>
115.92622635,-31.99631454,16.7295
</coordinates>
</LineString>
<LineString>
<tessellate>1</tessellate>
<coordinates>
115.92621573,-31.99632469,16.6395
115.92621396,-31.99632638,16.6245
</coordinates>
</LineString>
<LineString>
<tessellate>1</tessellate>
<coordinates>
115.92618250,-31.99635643,16.5737
115.92618175,-31.99635714,16.5771
115.92618025,-31.99635857,16.5838
</coordinates>
</LineString>
<LineString>
<tessellate>1</tessellate>
<coordinates>
115.92617875,-31.99636000,16.5905
115.92617725,-31.99636143,16.5972
</coordinates>
</LineString>
<LineString>
<tessellate>1</tessellate>
<coordinates>
115.92617575,-31.99636286,16.6039
115.92617425,-31.99636429,16.6106
</coordinates>
</LineString>
<LineString>
<tessellate>1</tessellate>
<coordinates>
115.92615717,-31.99638025,16.6954
115.92615550,-31.99638175,16.7052
115.92615383,-31.99638325,16.7151
115.92615217,-31.99638475,16.7249
</coordinates>
</LineString>
<LineString>
<tessellate>1</tessellate>
<coordinates>
115.92614800,-31.99638850,16.7495
</coordinates>
</LineString>
<LineString>
<tessellate>1</tessellate>
<coordinates>
115.92614383,-31.99639225,16.7741
115.92614187,-31.99639400,16.7819
</coordinates>
</LineString>
<LineString>
<tessellate>1</tessellate>
<coordinates>
115.92613625,-31.99639900,16.7966
115.92613513,-31.99640000,16.7996
115.92613287,-31.99640200,16.8054
</coordinates>
</LineString>
<LineString>
<tessellate>1</tessellate>
<coordinates>
115.92611938,-31.99641313,16.8016
115.92611844,-31.99641381,16.7976
115.92611656,-31.99641519,16.7894
115.92611469,-31.99641656,16.7813
115.92611281,-31.99641794,16.7732
</coordinates>
</LineString>
<LineString>
<tessellate>1</tessellate>
<coordinates>
115.92611094,-31.99641931,16.7651
</coordinates>
</LineString>
<LineString>
<tessellate>1</tessellate>
<coordinates>
115.92610100,-31.99642700,16.7510
</coordinates>
</LineString>
</MultiGeometry>
</Placemark>
<Placemark>
<name>0.03 - 0.05 m</name>
<Style>
<LineStyle>
<color>ff007fff</color>
<width>5</width>
</LineStyle>
</Style>
<MultiGeometry>
<LineString>
<tessellate>1</tessellate>
<coordinates>
115.92601025,-31.99646837,17.0054
</coordinates>
</LineString>
<LineString>
<tessellate>1</tessellate>
<coordinates>
115.92599300,-31.99648312,16.8353
115.92599133,-31.99648472,16.8603
115.92599000,-31.99648617,16.9210
115.92598867,-31.99648761,16.9817
115.92598733,-31.99648906,17.0423
</coordinates>
</LineString>
<LineString>
<tessellate>1</tessellate>
<coordinates>
115.92597935,-31.99649760,17.3757
115.92597805,-31.99649880,17.3751
</coordinates>
</LineString>
<LineString>
<tessellate>1</tessellate>
<coordinates>
115.92597025,-31.99650600,17.3715
115.92596895,-31.99650720,17.3709
115.92596765,-31.99650840,17.3703
115.92596638,-31.99650963,17.3716
</coordinates>
</LineString>
<LineString>
<tessellate>1</tessellate>
<coordinates>
115.92596325,-31.99651275,17.3794
115.92596263,-31.99651337,17.3809
</coordinates>
</LineString>
<LineString>
<tessellate>1</tessellate>
<coordinates>
115.92595233,-31.99652233,17.3983
115.92595117,-31.99652317,17.3992
</coordinates>
</LineString>
<LineString>
<tessellate>1</tessellate>
<coordinates>
115.92593700,-31.99653500,17.4360
115.92593600,-31.99653600,17.4312
115.92593400,-31.99653800,17.4215
</coordinates>
</LineString>
<LineString>
<tessellate>1</tessellate>
<coordinates>
115.92593200,-31.99654000,17.4118
115.92593000,-31.99654167,17.3407
115.92592800,-31.99654300,17.2080
115.92592600,-31.99654433,17.0753
115.92592388,-31.99654563,16.9700
115.92592163,-31.99654688,16.8920
115.92591938,-31.99654812,16.8140
</coordinates>
</LineString>
<LineString>
<tessellate>1</tessellate>
<coordinates>
115.92590386,-31.99656193,16.9054
</coordinates>
</LineString>
<LineString>
<tessellate>1</tessellate>
<coordinates>
115.92589600,-31.99656900,17.0130
115.92589517,-31.99656975,17.0173
115.92589350,-31.99657125,17.0260
</coordinates>
</LineString>
<LineString>
<tessellate>1</tessellate>
<coordinates>
115.92588600,-31.99657800,17.0650
115.92588483,-31.99657917,17.0815
115.92588250,-31.99658150,17.1145
</coordinates>
</LineString>
<LineString>
<tessellate>1</tessellate>
<coordinates>
115.92587600,-31.99658750,17.5805
</coordinates>
</LineString>
<LineString>
<tessellate>1</tessellate>
<coordinates>
115.92587133,-31.99659167,17.8880
115.92587050,-31.99659250,17.8335
</coordinates>
</LineString>
<LineString>
<tessellate>1</tessellate>
<coordinates>
115.92586733,-31.99659567,17.6013
115.92586700,-31.99659600,17.5670
115.92586633,-31.99659667,17.4983
</coordinates>
</LineString>
<LineString>
<tessellate>1</tessellate>
<coordinates>
115.92586200,-31.99659900,17.9247
115.92586150,-31.99659900,18.0693
115.92585967,-31.99660050,18.2635
115.92585700,-31.99660350,18.3625
</coordinates>
</LineString>
<LineString>
<tessellate>1</tessellate>
<coordinates>
115.92585129,-31.99661014,18.5667
115.92585043,-31.99661121,18.5946
115.92584871,-31.99661336,18.6503
115.92584700,-31.99661550,18.7060
115.92584529,-31.99661764,18.7617
115.92584357,-31.99661979,18.8174
</coordinates>
</LineString>
<LineString>
<tessellate>1</tessellate>
<coordinates>
115.92584075,-31.99662500,18.8334
115.92584063,-31.99662600,18.7996
115.92584038,-31.99662800,18.7320
</coordinates>
</LineString>
<LineString>
<tessellate>1</tessellate>
<coordinates>
115.92583950,-31.99663500,18.4955
</coordinates>
</LineString>
<LineString>
<tessellate>1</tessellate>
<coordinates>
115.92583825,-31.99664500,18.1576
</coordinates>
</LineString>
<LineString>
<tessellate>1</tessellate>
<coordinates>
115.92583891,-31.99664927,18.0448
115.92583936,-31.99665041,18.0222
115.92584027,-31.99665268,17.9770
115.92584118,-31.99665495,17.9319
115.92584209,-31.99665723,17.8867
115.92584300,-31.99665950,17.8415
115.92584391,-31.99666177,17.7963
115.92584482,-31.99666405,17.7511
115.92584573,-31.99666632,17.7060
115.92584664,-31.99666859,17.6608
115.92584755,-31.99667086,17.6156
115.92584914,-31.99667327,17.5717
115.92585141,-31.99667582,17.5292
115.92585368,-31.99667836,17.4866
115.92585595,-31.99668091,17.4441
</coordinates>
</LineString>
<LineString>
<tessellate>1</tessellate>
<coordinates>
115.92586164,-31.99668727,17.3377
115.92586277,-31.99668855,17.3165
115.92586505,-31.99669109,17.2739
115.92586732,-31.99669364,17.2314
</coordinates>
</LineString>
<LineString>
<tessellate>1</tessellate>
<coordinates>
115.92587300,-31.99670000,17.1250
</coordinates>
</LineString>
<LineString>
<tessellate>1</tessellate>
<coordinates>
115.92587829,-31.99670443,17.0759
115.92587917,-31.99670517,17.0677
</coordinates>
</LineString>
<LineString>
<tessellate>1</tessellate>
<coordinates>
115.92588357,-31.99670886,17.0267
115.92588445,-31.99670960,17.0185
115.92588621,-31.99671107,17.0021
115.92588798,-31.99671255,16.9858
115.92588974,-31.99671402,16.9694
115.92589150,-31.99671550,16.9530
115.92589326,-31.99671698,16.9366
115.92589502,-31.99671845,16.9202
115.92589679,-31.99671993,16.9039
115.92589855,-31.99672140,16.8875
115.92590031,-31.99672288,16.8711
115.92590207,-31.99672436,16.8547
115.92590383,-31.99672583,16.8383
115.92590560,-31.99672731,16.8220
115.92590736,-31.99672879,16.8056
115.92590912,-31.99673026,16.7892
115.92591131,-31.99673194,16.7755
115.92591392,-31.99673383,16.7644
115.92591653,-31.99673572,16.7534
115.92591914,-31.99673761,16.7423
115.92592175,-31.99673950,16.7312
115.92592436,-31.99674139,16.7202
115.92592697,-31.99674328,16.7091
115.92592958,-31.99674517,16.6981
115.92593219,-31.99674706,16.6870
115.92593481,-31.99674894,16.6760
115.92593742,-31.99675083,16.6649
115.92594003,-31.99675272,16.6539
115.92594264,-31.99675461,16.6428
115.92594525,-31.99675650,16.6317
115.92594786,-31.99675839,16.6207
115.92595047,-31.99676028,16.6096
115.92595308,-31.99676217,16.5986
115.92595569,-31.99676406,16.5875
115.92595795,-31.99676567,16.5794
115.92595984,-31.99676702,16.5742
</coordinates>
</LineString>
<LineString>
<tessellate>1</tessellate>
<coordinates>
115.92596459,-31.99677038,16.5613
115.92596553,-31.99677105,16.5587
</coordinates>
</LineString>
<LineString>
<tessellate>1</tessellate>
<coordinates>
115.92598924,-31.99678786,16.4941
115.92599019,-31.99678853,16.4915
</coordinates>
</LineString>
<LineString>
<tessellate>1</tessellate>
<coordinates>
115.92600252,-31.99679728,16.4579
115.92600347,-31.99679795,16.4553
</coordinates>
</LineString>
<LineString>
<tessellate>1</tessellate>
<coordinates>
115.92601403,-31.99680548,16.4382
</coordinates>
</LineString>
<LineString>
<tessellate>1</tessellate>
<coordinates>
115.92601810,-31.99680845,16.4507
115.92601912,-31.99680919,16.4538
115.92602116,-31.99681067,16.4601
115.92602319,-31.99681216,16.4663
115.92602522,-31.99681364,16.4726
115.92602726,-31.99681512,16.4788
115.92602929,-31.99681660,16.4851
</coordinates>
</LineString>
<LineString>
<tessellate>1</tessellate>
<coordinates>
115.92603438,-31.99682031,16.5007
115.92603540,-31.99682105,16.5038
115.92603743,-31.99682253,16.5100
115.92603947,-31.99682402,16.5163
115.92604150,-31.99682550,16.5225
115.92604353,-31.99682698,16.5287
115.92604557,-31.99682847,16.5350
115.92604760,-31.99682995,16.5412
115.92604964,-31.99683143,16.5475
115.92605167,-31.99683291,16.5537
</coordinates>
</LineString>
<LineString>
<tessellate>1</tessellate>
<coordinates>
115.92605676,-31.99683662,16.5693
115.92605778,-31.99683736,16.5724
115.92605981,-31.99683884,16.5787
115.92606184,-31.99684033,16.5849
115.92606388,-31.99684181,16.5912
115.92606591,-31.99684329,16.5974
115.92606795,-31.99684478,16.6036
115.92606998,-31.99684626,16.6099
115.92607212,-31.99684784,16.6150
115.92607438,-31.99684952,16.6189
115.92607662,-31.99685120,16.6229
</coordinates>
</LineString>
<LineString>
<tessellate>1</tessellate>
<coordinates>
115.92608225,-31.99685539,16.6328
115.92608337,-31.99685623,16.6348
115.92608563,-31.99685791,16.6388
115.92608788,-31.99685959,16.6427
115.92609013,-31.99686127,16.6467
115.92609238,-31.99686295,16.6507
115.92609462,-31.99686463,16.6546
115.92609688,-31.99686630,16.6586
115.92609912,-31.99686798,16.6626
115.92610138,-31.99686966,16.6665
115.92610363,-31.99687134,16.6705
115.92610588,-31.99687302,16.6744
</coordinates>
</LineString>
<LineString>
<tessellate>1</tessellate>
<coordinates>
115.92611150,-31.99687721,16.6844
115.92611263,-31.99687805,16.6863
115.92611488,-31.99687973,16.6903
115.92611713,-31.99688141,16.6943
115.92611938,-31.99688309,16.6982
</coordinates>
</LineString>
<LineString>
<tessellate>1</tessellate>
<coordinates>
115.92612500,-31.99688729,16.7081
115.92612613,-31.99688813,16.7101
115.92612838,-31.99688980,16.7141
115.92613063,-31.99689148,16.7181
115.92613288,-31.99689316,16.7220
115.92613498,-31.99689480,16.7248
115.92613695,-31.99689639,16.7264
115.92613892,-31.99689798,16.7281
115.92614089,-31.99689958,16.7297
115.92614286,-31.99690117,16.7313
115.92614483,-31.99690277,16.7329
115.92614680,-31.99690436,16.7346
115.92614877,-31.99690595,16.7362
115.92615073,-31.99690755,16.7378
115.92615270,-31.99690914,16.7394
115.92615467,-31.99691073,16.7411
115.92615664,-31.99691233,16.7427
115.92615861,-31.99691392,16.7443
115.92616058,-31.99691552,16.7459
115.92616255,-31.99691711,16.7476
115.92616452,-31.99691870,16.7492
115.92616648,-31.99692030,16.7508
115.92616845,-31.99692189,16.7524
115.92617042,-31.99692348,16.7541
115.92617239,-31.99692508,16.7557
115.92617436,-31.99692667,16.7573
115.92617633,-31.99692827,16.7589
115.92617830,-31.99692986,16.7606
</coordinates>
</LineString>
<LineString>
<tessellate>1</tessellate>
<coordinates>
115.92618322,-31.99693384,16.7646
115.92618420,-31.99693464,16.7654
115.92618617,-31.99693623,16.7671
</coordinates>
</LineString>
<LineString>
<tessellate>1</tessellate>
<coordinates>
115.92619109,-31.99694022,16.7711
</coordinates>
</LineString>
<LineString>
<tessellate>1</tessellate>
<coordinates>
115.92619503,-31.99694341,16.7744
115.92619602,-31.99694420,16.7752
115.92619794,-31.99694577,16.7778
115.92619983,-31.99694731,16.7813
115.92620171,-31.99694886,16.7848
115.92620360,-31.99695040,16.7883
115.92620549,-31.99695194,16.7918
</coordinates>
</LineString>
<LineString>
<tessellate>1</tessellate>
<coordinates>
115.92621020,-31.99695580,16.8006
115.92621114,-31.99695657,16.8024
115.92621303,-31.99695811,16.8059
115.92621491,-31.99695966,16.8094
</coordinates>
</LineString>
<LineString>
<tessellate>1</tessellate>
<coordinates>
115.92621963,-31.99696351,16.8182
115.92622057,-31.99696429,16.8199
115.92622246,-31.99696583,16.8234
115.92622434,-31.99696737,16.8270
115.92622623,-31.99696891,16.8305
</coordinates>
</LineString>
<LineString>
<tessellate>1</tessellate>
<coordinates>
115.92623094,-31.99697277,16.8393
115.92623189,-31.99697354,16.8410
115.92623377,-31.99697509,16.8445
115.92623566,-31.99697663,16.8480
115.92623754,-31.99697817,16.8516
115.92623943,-31.99697971,16.8551
115.92624131,-31.99698126,16.8586
115.92624320,-31.99698280,16.8621
115.92624509,-31.99698434,16.8656
115.92624697,-31.99698589,16.8691
115.92624886,-31.99698743,16.8726
115.92625074,-31.99698897,16.8762
115.92625263,-31.99699051,16.8797
115.92625451,-31.99699206,16.8832
115.92625640,-31.99699360,16.8867
</coordinates>
</LineString>
<LineString>
<tessellate>1</tessellate>
<coordinates>
115.92626111,-31.99699746,16.8955
115.92626206,-31.99699823,16.8972
115.92626399,-31.99699976,16.9026
115.92626596,-31.99700127,16.9099
115.92626793,-31.99700279,16.9171
115.92626990,-31.99700430,16.9244
115.92627187,-31.99700581,16.9317
115.92627384,-31.99700733,16.9389
115.92627581,-31.99700884,16.9462
115.92627779,-31.99701036,16.9534
115.92627976,-31.99701187,16.9607
115.92628173,-31.99701339,16.9679
115.92628370,-31.99701490,16.9752
115.92628567,-31.99701641,16.9825
115.92628764,-31.99701793,16.9897
115.92628961,-31.99701944,16.9970
115.92629159,-31.99702096,17.0042
115.92629356,-31.99702247,17.0115
115.92629553,-31.99702399,17.0187
115.92629750,-31.99702550,17.0260
115.92629947,-31.99702701,17.0333
115.92630144,-31.99702853,17.0405
</coordinates>
</LineString>
<LineString>
<tessellate>1</tessellate>
<coordinates>
115.92630637,-31.99703231,17.0587
115.92630736,-31.99703307,17.0623
115.92630933,-31.99703459,17.0695
115.92631130,-31.99703610,17.0768
115.92631327,-31.99703761,17.0841
115.92631524,-31.99703913,17.0913
115.92631721,-31.99704064,17.0986
115.92631919,-31.99704216,17.1058
</coordinates>
</LineString>
<LineString>
<tessellate>1</tessellate>
<coordinates>
115.92632411,-31.99704594,17.1240
</coordinates>
</LineString>
<LineString>
<tessellate>1</tessellate>
<coordinates>
115.92632806,-31.99704897,17.1385
115.92632904,-31.99704973,17.1421
115.92633101,-31.99705124,17.1494
115.92633296,-31.99705273,17.1479
115.92633488,-31.99705419,17.1376
115.92633680,-31.99705565,17.1274
115.92633872,-31.99705711,17.1171
</coordinates>
</LineString>
<LineString>
<tessellate>1</tessellate>
<coordinates>
115.92634351,-31.99706076,17.0915
115.92634447,-31.99706149,17.0864
115.92634639,-31.99706295,17.0762
115.92634831,-31.99706441,17.0659
115.92635023,-31.99706586,17.0557
115.92635215,-31.99706732,17.0454
</coordinates>
</LineString>
<LineString>
<tessellate>1</tessellate>
<coordinates>
115.92635695,-31.99707097,17.0198
115.92635791,-31.99707170,17.0147
115.92635982,-31.99707316,17.0045
115.92636174,-31.99707462,16.9942
</coordinates>
</LineString>
<LineString>
<tessellate>1</tessellate>
<coordinates>
115.92636654,-31.99707827,16.9686
115.92636750,-31.99707900,16.9635
</coordinates>
</LineString>
<LineString>
<tessellate>1</tessellate>
<coordinates>
115.92637230,-31.99708265,16.9379
</coordinates>
</LineString>
<LineString>
<tessellate>1</tessellate>
<coordinates>
115.92637614,-31.99708557,16.9174
115.92637709,-31.99708630,16.9123
115.92637901,-31.99708776,16.9020
115.92638093,-31.99708922,16.8918
115.92638285,-31.99709068,16.8816
115.92638477,-31.99709214,16.8713
115.92638669,-31.99709359,16.8611
115.92638861,-31.99709505,16.8508
</coordinates>
</LineString>
<LineString>
<tessellate>1</tessellate>
<coordinates>
115.92639341,-31.99709870,16.8252
115.92639436,-31.99709943,16.8201
115.92639628,-31.99710089,16.8099
115.92639820,-31.99710235,16.7996
</coordinates>
</LineString>
<LineString>
<tessellate>1</tessellate>
<coordinates>
115.92640300,-31.99710600,16.7740
115.92640395,-31.99710678,16.7812
115.92640584,-31.99710833,16.7957
115.92640774,-31.99710988,16.8101
115.92640963,-31.99711143,16.8246
115.92641153,-31.99711299,16.8390
</coordinates>
</LineString>
<LineString>
<tessellate>1</tessellate>
<coordinates>
115.92641626,-31.99711687,16.8751
</coordinates>
</LineString>
<LineString>
<tessellate>1</tessellate>
<coordinates>
115.92642005,-31.99711997,16.9040
115.92642100,-31.99712075,16.9113
</coordinates>
</LineString>
<LineString>
<tessellate>1</tessellate>
<coordinates>
115.92642574,-31.99712463,16.9474
115.92642668,-31.99712541,16.9546
115.92642858,-31.99712696,16.9690
115.92643047,-31.99712851,16.9835
115.92643237,-31.99713007,16.9979
115.92643426,-31.99713162,17.0124
115.92643616,-31.99713317,17.0268
115.92643805,-31.99713472,17.0413
</coordinates>
</LineString>
<LineString>
<tessellate>1</tessellate>
<coordinates>
115.92644279,-31.99713861,17.0774
115.92644374,-31.99713938,17.0846
115.92644563,-31.99714093,17.0991
115.92644753,-31.99714249,17.1135
</coordinates>
</LineString>
<LineString>
<tessellate>1</tessellate>
<coordinates>
115.92645416,-31.99714792,17.1641
115.92645511,-31.99714870,17.1713
115.92645700,-31.99715025,17.1857
</coordinates>
</LineString>
<LineString>
<tessellate>1</tessellate>
<coordinates>
115.92646363,-31.99715568,17.2363
115.92646458,-31.99715646,17.2435
</coordinates>
</LineString>
<LineString>
<tessellate>1</tessellate>
<coordinates>
115.92647311,-31.99716345,17.3086
115.92647405,-31.99716422,17.3158
115.92647597,-31.99716574,17.3211
</coordinates>
</LineString>
<LineString>
<tessellate>1</tessellate>
<coordinates>
115.92648279,-31.99717089,17.3081
115.92648376,-31.99717163,17.3062
115.92648571,-31.99717311,17.3024
</coordinates>
</LineString>
<LineString>
<tessellate>1</tessellate>
<coordinates>
115.92649253,-31.99717826,17.2894
</coordinates>
</LineString>
<LineString>
<tessellate>1</tessellate>
<coordinates>
115.92649837,-31.99718268,17.2782
115.92649934,-31.99718342,17.2763
115.92650129,-31.99718489,17.2726
</coordinates>
</LineString>
<LineString>
<tessellate>1</tessellate>
<coordinates>
115.92650616,-31.99718858,17.2632
115.92650713,-31.99718932,17.2613
</coordinates>
</LineString>
<LineString>
<tessellate>1</tessellate>
<coordinates>
115.92651395,-31.99719447,17.2483
115.92651492,-31.99719521,17.2464
</coordinates>
</LineString>
<LineString>
<tessellate>1</tessellate>
<coordinates>
115.92652563,-31.99720332,17.2258
</coordinates>
</LineString>
<LineString>
<tessellate>1</tessellate>
<coordinates>
115.92652953,-31.99720626,17.2184
115.92653050,-31.99720700,17.2165
115.92653245,-31.99720847,17.2128
115.92653439,-31.99720995,17.2090
115.92653634,-31.99721142,17.2053
115.92653829,-31.99721289,17.2016
</coordinates>
</LineString>
<LineString>
<tessellate>1</tessellate>
<coordinates>
115.92655311,-31.99722400,17.1910
115.92655413,-31.99722475,17.1935
115.92655618,-31.99722625,17.1985
</coordinates>
</LineString>
<LineString>
<tessellate>1</tessellate>
<coordinates>
115.92656132,-31.99723000,17.2110
115.92656234,-31.99723075,17.2135
</coordinates>
</LineString>
<LineString>
<tessellate>1</tessellate>
<coordinates>
115.92661879,-31.99727200,17.3510
115.92661982,-31.99727275,17.3535
</coordinates>
</LineString>
<LineString>
<tessellate>1</tessellate>
<coordinates>
115.92662597,-31.99727725,17.3685
115.92662796,-31.99727879,17.3796
115.92662989,-31.99728036,17.3969
</coordinates>
</LineString>
<LineString>
<tessellate>1</tessellate>
<coordinates>
115.92664433,-31.99729217,17.5265
</coordinates>
</LineString>
<LineString>
<tessellate>1</tessellate>
<coordinates>
115.92665780,-31.99730320,17.6474
115.92665876,-31.99730399,17.6560
</coordinates>
</LineString>
<LineString>
<tessellate>1</tessellate>
<coordinates>
115.92669438,-31.99733312,17.9756
115.92669534,-31.99733391,17.9843
</coordinates>
</LineString>
<LineString>
<tessellate>1</tessellate>
<coordinates>
115.92670207,-31.99733943,18.0447
</coordinates>
</LineString>
<LineString>
<tessellate>1</tessellate>
<coordinates>
115.92670597,-31.99734257,18.0739
115.92670696,-31.99734336,18.0798
</coordinates>
</LineString>
<LineString>
<tessellate>1</tessellate>
<coordinates>
115.92671388,-31.99734887,18.1214
</coordinates>
</LineString>
<LineString>
<tessellate>1</tessellate>
<coordinates>
115.92671782,-31.99735202,18.1451
115.92671881,-31.99735281,18.1511
115.92672079,-31.99735439,18.1629
115.92672276,-31.99735596,18.1748
115.92672474,-31.99735754,18.1867
115.92672671,-31.99735911,18.1986
</coordinates>
</LineString>
<LineString>
<tessellate>1</tessellate>
<coordinates>
115.92673165,-31.99736305,18.2283
</coordinates>
</LineString>
<LineString>
<tessellate>1</tessellate>
<coordinates>
115.92673560,-31.99736620,18.2520
</coordinates>
</LineString>
<LineString>
<tessellate>1</tessellate>
<coordinates>
115.92673955,-31.99736935,18.2758
115.92674054,-31.99737014,18.2817
115.92674251,-31.99737171,18.2936
115.92674449,-31.99737329,18.3054
115.92674646,-31.99737486,18.3173
115.92674844,-31.99737644,18.3292
</coordinates>
</LineString>
<LineString>
<tessellate>1</tessellate>
<coordinates>
115.92675338,-31.99738037,18.3589
115.92675436,-31.99738116,18.3648
115.92675634,-31.99738274,18.3767
115.92675831,-31.99738431,18.3886
115.92676029,-31.99738589,18.4004
115.92676226,-31.99738746,18.4123
</coordinates>
</LineString>
<LineString>
<tessellate>1</tessellate>
<coordinates>
115.92676918,-31.99739298,18.4539
</coordinates>
</LineString>
<LineString>
<tessellate>1</tessellate>
<coordinates>
115.92677510,-31.99739770,18.4895
</coordinates>
</LineString>
<LineString>
<tessellate>1</tessellate>
<coordinates>
115.92677905,-31.99740085,18.5132
</coordinates>
</LineString>
<LineString>
<tessellate>1</tessellate>
<coordinates>
115.92678893,-31.99740861,18.5679
</coordinates>
</LineString>
<LineString>
<tessellate>1</tessellate>
<coordinates>
115.92680078,-31.99741783,18.6296
</coordinates>
</LineString>
<LineString>
<tessellate>1</tessellate>
<coordinates>
115.92680473,-31.99742090,18.6502
</coordinates>
</LineString>
<LineString>
<tessellate>1</tessellate>
<coordinates>
115.92681263,-31.99742705,18.6914
</coordinates>
</LineString>
<LineString>
<tessellate>1</tessellate>
<coordinates>
115.92681856,-31.99743166,18.7223
</coordinates>
</LineString>
<LineString>
<tessellate>1</tessellate>
<coordinates>
115.92682646,-31.99743780,18.7634
</coordinates>
</LineString>
<LineString>
<tessellate>1</tessellate>
<coordinates>
115.92683239,-31.99744241,18.7943
115.92683338,-31.99744318,18.7995
115.92683535,-31.99744472,18.8098
</coordinates>
</LineString>
<LineString>
<tessellate>1</tessellate>
<coordinates>
115.92684424,-31.99745163,18.8561
115.92684523,-31.99745240,18.8612
</coordinates>
</LineString>
<LineString>
<tessellate>1</tessellate>
<coordinates>
115.92685017,-31.99745624,18.8870
</coordinates>
</LineString>
<LineString>
<tessellate>1</tessellate>
<coordinates>
115.92685412,-31.99745932,18.9075
</coordinates>
</LineString>
<LineString>
<tessellate>1</tessellate>
<coordinates>
115.92685807,-31.99746239,18.9281
115.92685906,-31.99746316,18.9333
</coordinates>
</LineString>
<LineString>
<tessellate>1</tessellate>
<coordinates>
115.92686598,-31.99746852,18.9644
115.92686696,-31.99746929,18.9671
115.92686894,-31.99747081,18.9725
115.92687092,-31.99747233,18.9779
</coordinates>
</LineString>
<LineString>
<tessellate>1</tessellate>
<coordinates>
115.92687586,-31.99747614,18.9914
115.92687685,-31.99747690,18.9941
115.92687882,-31.99747843,18.9995
</coordinates>
</LineString>
<LineString>
<tessellate>1</tessellate>
<coordinates>
115.92689562,-31.99749138,19.0455
115.92689661,-31.99749214,19.0482
115.92689858,-31.99749367,19.0536
</coordinates>
</LineString>
<LineString>
<tessellate>1</tessellate>
<coordinates>
115.92690352,-31.99749748,19.0671
115.92690451,-31.99749824,19.0698
</coordinates>
</LineString>
<LineString>
<tessellate>1</tessellate>
<coordinates>
115.92690945,-31.99750205,19.0833
115.92691044,-31.99750281,19.0860
115.92691242,-31.99750433,19.0914
</coordinates>
</LineString>
<LineString>
<tessellate>1</tessellate>
<coordinates>
115.92692131,-31.99751119,19.1157
</coordinates>
</LineString>
<LineString>
<tessellate>1</tessellate>
<coordinates>
115.92692724,-31.99751576,19.1320
</coordinates>
</LineString>
<LineString>
<tessellate>1</tessellate>
<coordinates>
115.92693317,-31.99752033,19.1482
115.92693415,-31.99752110,19.1509
</coordinates>
</LineString>
<LineString>
<tessellate>1</tessellate>
<coordinates>
115.92694107,-31.99752643,19.1698
</coordinates>
</LineString>
<LineString>
<tessellate>1</tessellate>
<coordinates>
115.92694700,-31.99753100,19.1860
</coordinates>
</LineString>
<LineString>
<tessellate>1</tessellate>
<coordinates>
115.92695300,-31.99753557,19.1880
</coordinates>
</LineString>
<LineString>
<tessellate>1</tessellate>
<coordinates>
115.92695700,-31.99753862,19.1893
</coordinates>
</LineString>
<LineString>
<tessellate>1</tessellate>
<coordinates>
115.92696100,-31.99754167,19.1907
</coordinates>
</LineString>
<LineString>
<tessellate>1</tessellate>
<coordinates>
115.92696500,-31.99754471,19.1920
</coordinates>
</LineString>
<LineString>
<tessellate>1</tessellate>
<coordinates>
115.92697100,-31.99754929,19.1940
</coordinates>
</LineString>
<LineString>
<tessellate>1</tessellate>
<coordinates>
115.92697500,-31.99755233,19.1953
115.92697600,-31.99755310,19.1957
115.92697800,-31.99755462,19.1963
</coordinates>
</LineString>
<LineString>
<tessellate>1</tessellate>
<coordinates>
115.92699300,-31.99756605,19.2013
115.92699400,-31.99756681,19.2017
</coordinates>
</LineString>
<LineString>
<tessellate>1</tessellate>
<coordinates>
115.92699900,-31.99757062,19.2033
</coordinates>
</LineString>
<LineString>
<tessellate>1</tessellate>
<coordinates>
115.92700300,-31.99757367,19.2047
</coordinates>
</LineString>
<LineString>
<tessellate>1</tessellate>
<coordinates>
115.92701500,-31.99758281,19.2087
115.92701600,-31.99758357,19.2090
</coordinates>
</LineString>
<LineString>
<tessellate>1</tessellate>
<coordinates>
115.92702100,-31.99758738,19.2107
</coordinates>
</LineString>
<LineString>
<tessellate>1</tessellate>
<coordinates>
115.92702500,-31.99759043,19.2120
</coordinates>
</LineString>
<LineString>
<tessellate>1</tessellate>
<coordinates>
115.92703505,-31.99759814,19.2099
</coordinates>
</LineString>
<LineString>
<tessellate>1</tessellate>
<coordinates>
115.92703910,-31.99760129,19.2058
</coordinates>
</LineString>
<LineString>
<tessellate>1</tessellate>
<coordinates>
115.92704921,-31.99760914,19.1956
</coordinates>
</LineString>
<LineString>
<tessellate>1</tessellate>
<coordinates>
115.92705731,-31.99761543,19.1874
</coordinates>
</LineString>
<LineString>
<tessellate>1</tessellate>
<coordinates>
115.92706136,-31.99761857,19.1833
115.92706237,-31.99761936,19.1823
115.92706439,-31.99762093,19.1802
115.92706642,-31.99762250,19.1782
</coordinates>
</LineString>
<LineString>
<tessellate>1</tessellate>
<coordinates>
115.92707148,-31.99762643,19.1730
115.92707249,-31.99762721,19.1720
</coordinates>
</LineString>
<LineString>
<tessellate>1</tessellate>
<coordinates>
115.92707755,-31.99763114,19.1669
</coordinates>
</LineString>
<LineString>
<tessellate>1</tessellate>
<coordinates>
115.92708160,-31.99763429,19.1628
</coordinates>
</LineString>
<LineString>
<tessellate>1</tessellate>
<coordinates>
115.92708969,-31.99764057,19.1546
115.92709070,-31.99764136,19.1536
</coordinates>
</LineString>
<LineString>
<tessellate>1</tessellate>
<coordinates>
115.92709981,-31.99764843,19.1444
</coordinates>
</LineString>
<LineString>
<tessellate>1</tessellate>
<coordinates>
115.92710386,-31.99765157,19.1403
115.92710487,-31.99765236,19.1393
</coordinates>
</LineString>
<LineString>
<tessellate>1</tessellate>
<coordinates>
115.92710993,-31.99765629,19.1341
</coordinates>
</LineString>
<LineString>
<tessellate>1</tessellate>
<coordinates>
115.92711398,-31.99765943,19.1300
115.92711499,-31.99766021,19.1290
115.92711701,-31.99766178,19.1262
115.92711903,-31.99766334,19.1226
</coordinates>
</LineString>
<LineString>
<tessellate>1</tessellate>
<coordinates>
115.92712409,-31.99766723,19.1137
</coordinates>
</LineString>
<LineString>
<tessellate>1</tessellate>
<coordinates>
115.92712814,-31.99767035,19.1065
</coordinates>
</LineString>
<LineString>
<tessellate>1</tessellate>
<coordinates>
115.92713421,-31.99767502,19.0958
115.92713522,-31.99767580,19.0940
</coordinates>
</LineString>
<LineString>
<tessellate>1</tessellate>
<coordinates>
115.92714028,-31.99767970,19.0850
115.92714129,-31.99768048,19.0832
</coordinates>
</LineString>
<LineString>
<tessellate>1</tessellate>
<coordinates>
115.92714635,-31.99768437,19.0743
115.92714736,-31.99768515,19.0725
</coordinates>
</LineString>
<LineString>
<tessellate>1</tessellate>
<coordinates>
115.92715242,-31.99768905,19.0635
</coordinates>
</LineString>
<LineString>
<tessellate>1</tessellate>
<coordinates>
115.92716051,-31.99769528,19.0492
</coordinates>
</LineString>
<LineString>
<tessellate>1</tessellate>
<coordinates>
115.92716658,-31.99769995,19.0385
</coordinates>
</LineString>
<LineString>
<tessellate>1</tessellate>
<coordinates>
115.92717265,-31.99770463,19.0277
</coordinates>
</LineString>
<LineString>
<tessellate>1</tessellate>
<coordinates>
115.92717872,-31.99770930,19.0170
</coordinates>
</LineString>
<LineString>
<tessellate>1</tessellate>
<coordinates>
115.92718479,-31.99771398,19.0062
</coordinates>
</LineString>
<LineString>
<tessellate>1</tessellate>
<coordinates>
115.92719086,-31.99771865,18.9955
</coordinates>
</LineString>
<LineString>
<tessellate>1</tessellate>
<coordinates>
115.92719491,-31.99772177,18.9883
</coordinates>
</LineString>
<LineString>
<tessellate>1</tessellate>
<coordinates>
115.92720098,-31.99772644,18.9776
115.92720199,-31.99772722,18.9758
</coordinates>
</LineString>
<LineString>
<tessellate>1</tessellate>
<coordinates>
115.92720709,-31.99773114,18.9668
115.92720811,-31.99773192,18.9650
115.92721016,-31.99773349,18.9614
</coordinates>
</LineString>
<LineString>
<tessellate>1</tessellate>
<coordinates>
115.92721527,-31.99773741,18.9525
</coordinates>
</LineString>
<LineString>
<tessellate>1</tessellate>
<coordinates>
115.92722141,-31.99774211,18.9417
115.92722243,-31.99774290,18.9399
</coordinates>
</LineString>
<LineString>
<tessellate>1</tessellate>
<coordinates>
115.92722959,-31.99774839,18.9273
</coordinates>
</LineString>
<LineString>
<tessellate>1</tessellate>
<coordinates>
115.92723368,-31.99775152,18.9201
115.92723470,-31.99775231,18.9183
</coordinates>
</LineString>
<LineString>
<tessellate>1</tessellate>
<coordinates>
115.92723982,-31.99775623,18.9094
115.92724084,-31.99775701,18.9076
115.92724289,-31.99775858,18.9040
</coordinates>
</LineString>
<LineString>
<tessellate>1</tessellate>
<coordinates>
115.92725823,-31.99777034,18.8770
115.92725925,-31.99777113,18.8753
115.92726130,-31.99777269,18.8717
</coordinates>
</LineString>
<LineString>
<tessellate>1</tessellate>
<coordinates>
115.92727050,-31.99777975,18.8555
</coordinates>
</LineString>
<LineString>
<tessellate>1</tessellate>
<coordinates>
115.92727664,-31.99778445,18.8447
115.92727766,-31.99778524,18.8429
</coordinates>
</LineString>
<LineString>
<tessellate>1</tessellate>
<coordinates>
115.92728277,-31.99778916,18.8340
</coordinates>
</LineString>
<LineString>
<tessellate>1</tessellate>
<coordinates>
115.92728686,-31.99779230,18.8268
</coordinates>
</LineString>
<LineString>
<tessellate>1</tessellate>
<coordinates>
115.92729504,-31.99779859,18.8107
</coordinates>
</LineString>
<LineString>
<tessellate>1</tessellate>
<coordinates>
115.92730322,-31.99780493,18.7896
</coordinates>
</LineString>
<LineString>
<tessellate>1</tessellate>
<coordinates>
115.92730935,-31.99780970,18.7737
115.92731037,-31.99781049,18.7711
115.92731241,-31.99781208,18.7658
115.92731446,-31.99781366,18.7605
115.92731650,-31.99781525,18.7552
</coordinates>
</LineString>
<LineString>
<tessellate>1</tessellate>
<coordinates>
115.92732161,-31.99781922,18.7420
115.92732263,-31.99782001,18.7394
</coordinates>
</LineString>
<LineString>
<tessellate>1</tessellate>
<coordinates>
115.92732978,-31.99782557,18.7209
115.92733080,-31.99782636,18.7183
115.92733285,-31.99782795,18.7130
115.92733489,-31.99782953,18.7077
115.92733693,-31.99783112,18.7024
115.92733898,-31.99783271,18.6971
115.92734102,-31.99783429,18.6919
115.92734307,-31.99783588,18.6866
</coordinates>
</LineString>
<LineString>
<tessellate>1</tessellate>
<coordinates>
115.92734817,-31.99783985,18.6734
115.92734920,-31.99784064,18.6707
</coordinates>
</LineString>
<LineString>
<tessellate>1</tessellate>
<coordinates>
115.92736248,-31.99785096,18.6364
</coordinates>
</LineString>
<LineString>
<tessellate>1</tessellate>
<coordinates>
115.92736963,-31.99785651,18.6179
</coordinates>
</LineString>
<LineString>
<tessellate>1</tessellate>
<coordinates>
115.92737474,-31.99786048,18.6047
115.92737576,-31.99786127,18.6021
115.92737780,-31.99786286,18.5968
115.92737985,-31.99786445,18.5915
</coordinates>
</LineString>
<LineString>
<tessellate>1</tessellate>
<coordinates>
115.92738496,-31.99786841,18.5783
115.92738598,-31.99786921,18.5756
</coordinates>
</LineString>
<LineString>
<tessellate>1</tessellate>
<coordinates>
115.92739104,-31.99787310,18.5454
</coordinates>
</LineString>
<LineString>
<tessellate>1</tessellate>
<coordinates>
115.92739912,-31.99787931,18.4903
</coordinates>
</LineString>
<LineString>
<tessellate>1</tessellate>
<coordinates>
115.92740417,-31.99788318,18.4559
</coordinates>
</LineString>
<LineString>
<tessellate>1</tessellate>
<coordinates>
115.92740922,-31.99788706,18.4215
115.92741023,-31.99788784,18.4146
115.92741226,-31.99788939,18.4008
115.92741428,-31.99789094,18.3870
115.92741630,-31.99789249,18.3733
</coordinates>
</LineString>
<LineString>
<tessellate>1</tessellate>
<coordinates>
115.92742135,-31.99789637,18.3388
115.92742236,-31.99789714,18.3319
</coordinates>
</LineString>
<LineString>
<tessellate>1</tessellate>
<coordinates>
115.92743145,-31.99790412,18.2699
115.92743246,-31.99790490,18.2631
</coordinates>
</LineString>
<LineString>
<tessellate>1</tessellate>
<coordinates>
115.92743953,-31.99791033,18.2148
</coordinates>
</LineString>
<LineString>
<tessellate>1</tessellate>
<coordinates>
115.92744357,-31.99791343,18.1873
115.92744458,-31.99791420,18.1804
115.92744660,-31.99791576,18.1666
</coordinates>
</LineString>
<LineString>
<tessellate>1</tessellate>
<coordinates>
115.92745367,-31.99792118,18.1184
115.92745468,-31.99792196,18.1115
115.92745670,-31.99792351,18.0977
</coordinates>
</LineString>
<LineString>
<tessellate>1</tessellate>
<coordinates>
115.92746378,-31.99792894,18.0495
</coordinates>
</LineString>
<LineString>
<tessellate>1</tessellate>
<coordinates>
115.92746782,-31.99793204,18.0220
</coordinates>
</LineString>
<LineString>
<tessellate>1</tessellate>
<coordinates>
115.92747792,-31.99793980,17.9531
115.92747893,-31.99794057,17.9462
115.92748095,-31.99794212,17.9324
</coordinates>
</LineString>
<LineString>
<tessellate>1</tessellate>
<coordinates>
115.92748791,-31.99794746,17.8860
</coordinates>
</LineString>
<LineString>
<tessellate>1</tessellate>
<coordinates>
115.92749935,-31.99795624,17.8143
</coordinates>
</LineString>
<LineString>
<tessellate>1</tessellate>
<coordinates>
115.92750507,-31.99796063,17.7784
115.92750603,-31.99796136,17.7724
</coordinates>
</LineString>
<LineString>
<tessellate>1</tessellate>
<coordinates>
115.92751080,-31.99796502,17.7425
115.92751175,-31.99796575,17.7365
115.92751366,-31.99796721,17.7245
</coordinates>
</LineString>
<LineString>
<tessellate>1</tessellate>
<coordinates>
115.92752224,-31.99797380,17.6707
</coordinates>
</LineString>
<LineString>
<tessellate>1</tessellate>
<coordinates>
115.92752606,-31.99797672,17.6468
115.92752701,-31.99797745,17.6408
115.92752892,-31.99797892,17.6288
</coordinates>
</LineString>
<LineString>
<tessellate>1</tessellate>
<coordinates>
115.92753559,-31.99798404,17.5870
115.92753655,-31.99798477,17.5810
</coordinates>
</LineString>
<LineString>
<tessellate>1</tessellate>
<coordinates>
115.92754131,-31.99798843,17.5511
</coordinates>
</LineString>
<LineString>
<tessellate>1</tessellate>
<coordinates>
115.92754704,-31.99799281,17.5152
115.92754799,-31.99799355,17.5092
</coordinates>
</LineString>
<LineString>
<tessellate>1</tessellate>
<coordinates>
115.92755276,-31.99799720,17.4793
</coordinates>
</LineString>
<LineString>
<tessellate>1</tessellate>
<coordinates>
115.92756039,-31.99800306,17.4314
</coordinates>
</LineString>
<LineString>
<tessellate>1</tessellate>
<coordinates>
115.92756420,-31.99800598,17.4075
</coordinates>
</LineString>
<LineString>
<tessellate>1</tessellate>
<coordinates>
115.92757374,-31.99801330,17.3477
115.92757469,-31.99801403,17.3417
115.92757660,-31.99801549,17.3298
115.92757851,-31.99801695,17.3178
115.92758042,-31.99801842,17.3058
</coordinates>
</LineString>
<LineString>
<tessellate>1</tessellate>
<coordinates>
115.92758519,-31.99802207,17.2759
115.92758614,-31.99802281,17.2699
115.92758805,-31.99802427,17.2580
115.92758999,-31.99802577,17.2519
</coordinates>
</LineString>
<LineString>
<tessellate>1</tessellate>
<coordinates>
115.92759493,-31.99802964,17.2513
115.92759592,-31.99803041,17.2512
</coordinates>
</LineString>
<LineString>
<tessellate>1</tessellate>
<coordinates>
115.92760284,-31.99803583,17.2504
</coordinates>
</LineString>
<LineString>
<tessellate>1</tessellate>
<coordinates>
115.92761273,-31.99804356,17.2493
115.92761371,-31.99804433,17.2492
115.92761569,-31.99804588,17.2490
</coordinates>
</LineString>
<LineString>
<tessellate>1</tessellate>
<coordinates>
115.92762261,-31.99805129,17.2482
115.92762360,-31.99805207,17.2481
115.92762558,-31.99805361,17.2479
115.92762755,-31.99805516,17.2477
115.92762953,-31.99805670,17.2475
</coordinates>
</LineString>
<LineString>
<tessellate>1</tessellate>
<coordinates>
115.92763645,-31.99806212,17.2467
</coordinates>
</LineString>
<LineString>
<tessellate>1</tessellate>
<coordinates>
115.92764041,-31.99806521,17.2462
115.92764139,-31.99806598,17.2461
115.92764337,-31.99806753,17.2459
</coordinates>
</LineString>
<LineString>
<tessellate>1</tessellate>
<coordinates>
115.92765227,-31.99807449,17.2449
115.92765326,-31.99807526,17.2448
</coordinates>
</LineString>
<LineString>
<tessellate>1</tessellate>
<coordinates>
115.92766413,-31.99808377,17.2436
</coordinates>
</LineString>
<LineString>
<tessellate>1</tessellate>
<coordinates>
115.92766809,-31.99808686,17.2431
115.92766907,-31.99808764,17.2430
115.92767105,-31.99808918,17.2428
115.92767303,-31.99809073,17.2426
</coordinates>
</LineString>
<LineString>
<tessellate>1</tessellate>
<coordinates>
115.92767797,-31.99809460,17.2420
115.92767896,-31.99809537,17.2419
</coordinates>
</LineString>
<LineString>
<tessellate>1</tessellate>
<coordinates>
115.92768588,-31.99810078,17.2411
</coordinates>
</LineString>
<LineString>
<tessellate>1</tessellate>
<coordinates>
115.92769379,-31.99810697,17.2403
</coordinates>
</LineString>
<LineString>
<tessellate>1</tessellate>
<coordinates>
115.92770565,-31.99811625,17.2389
</coordinates>
</LineString>
<LineString>
<tessellate>1</tessellate>
<coordinates>
115.92774322,-31.99814563,17.2347
115.92774421,-31.99814641,17.2346
115.92774618,-31.99814795,17.2344
115.92774816,-31.99814950,17.2342
115.92775014,-31.99815105,17.2340
115.92775212,-31.99815259,17.2337
</coordinates>
</LineString>
<LineString>
<tessellate>1</tessellate>
<coordinates>
115.92776892,-31.99816574,17.2318
115.92776991,-31.99816651,17.2317
115.92777189,-31.99816806,17.2315
115.92777386,-31.99816960,17.2313
</coordinates>
</LineString>
<LineString>
<tessellate>1</tessellate>
<coordinates>
115.92778474,-31.99817811,17.2301
</coordinates>
</LineString>
<LineString>
<tessellate>1</tessellate>
<coordinates>
115.92778869,-31.99818120,17.2296
115.92778968,-31.99818198,17.2295
115.92779166,-31.99818352,17.2293
115.92779364,-31.99818507,17.2291
</coordinates>
</LineString>
<LineString>
<tessellate>1</tessellate>
<coordinates>
115.92779858,-31.99818894,17.2285
115.92779957,-31.99818971,17.2284
115.92780154,-31.99819126,17.2282
115.92780352,-31.99819280,17.2280
115.92780550,-31.99819435,17.2278
115.92780748,-31.99819590,17.2275
</coordinates>
</LineString>
<LineString>
<tessellate>1</tessellate>
<coordinates>
115.92781242,-31.99819976,17.2270
115.92781341,-31.99820054,17.2269
115.92781538,-31.99820208,17.2266
</coordinates>
</LineString>
<LineString>
<tessellate>1</tessellate>
<coordinates>
115.92781736,-31.99820363,17.2264
115.92781934,-31.99820518,17.2262
115.92782132,-31.99820672,17.2260
115.92782329,-31.99820827,17.2258
115.92782527,-31.99820982,17.2255
115.92782725,-31.99821136,17.2253
115.92782922,-31.99821291,17.2251
115.92783120,-31.99821446,17.2249
115.92783318,-31.99821600,17.2247
115.92783516,-31.99821755,17.2244
115.92783713,-31.99821909,17.2242
115.92783911,-31.99822064,17.2240
115.92784109,-31.99822219,17.2238
115.92784306,-31.99822373,17.2235
115.92784504,-31.99822528,17.2233
115.92784702,-31.99822683,17.2231
115.92784900,-31.99822837,17.2229
115.92785097,-31.99822992,17.2227
115.92785295,-31.99823147,17.2224
115.92785493,-31.99823301,17.2222
115.92785690,-31.99823456,17.2220
115.92785888,-31.99823611,17.2218
115.92786086,-31.99823765,17.2216
115.92786284,-31.99823920,17.2213
115.92786481,-31.99824075,17.2211
115.92786679,-31.99824229,17.2209
115.92786877,-31.99824384,17.2207
115.92787074,-31.99824539,17.2204
115.92787272,-31.99824693,17.2202
115.92787470,-31.99824848,17.2200
115.92787668,-31.99825003,17.2198
115.92787865,-31.99825157,17.2196
115.92788063,-31.99825312,17.2193
115.92788261,-31.99825467,17.2191
115.92788458,-31.99825621,17.2189
115.92788656,-31.99825776,17.2187
115.92788854,-31.99825931,17.2185
115.92789052,-31.99826085,17.2182
115.92789249,-31.99826240,17.2180
115.92789447,-31.99826395,17.2178
115.92789645,-31.99826549,17.2176
115.92789842,-31.99826704,17.2173
115.92790040,-31.99826859,17.2171
115.92790238,-31.99827013,17.2169
115.92790436,-31.99827168,17.2167
115.92790633,-31.99827322,17.2165
115.92790831,-31.99827477,17.2162
115.92791029,-31.99827632,17.2160
115.92791226,-31.99827786,17.2158
115.92791424,-31.99827941,17.2156
115.92791622,-31.99828096,17.2154
115.92791820,-31.99828250,17.2151
115.92792017,-31.99828405,17.2149
115.92792215,-31.99828560,17.2147
115.92792413,-31.99828714,17.2145
115.92792610,-31.99828869,17.2142
115.92792808,-31.99829024,17.2140
115.92793006,-31.99829178,17.2138
115.92793204,-31.99829333,17.2136
115.92793401,-31.99829488,17.2134
115.92793599,-31.99829642,17.2131
115.92793797,-31.99829797,17.2129
</coordinates>
</LineString>
<LineString>
<tessellate>1</tessellate>
<coordinates>
115.92794489,-31.99830338,17.2121
115.92794588,-31.99830416,17.2120
</coordinates>
</LineString>
<LineString>
<tessellate>1</tessellate>
<coordinates>
115.92795280,-31.99830957,17.2113
</coordinates>
</LineString>
<LineString>
<tessellate>1</tessellate>
<coordinates>
115.92795675,-31.99831266,17.2108
115.92795774,-31.99831344,17.2107
115.92795972,-31.99831498,17.2105
115.92796169,-31.99831653,17.2103
115.92796367,-31.99831808,17.2100
</coordinates>
</LineString>
<LineString>
<tessellate>1</tessellate>
<coordinates>
115.92797257,-31.99832504,17.2090
</coordinates>
</LineString>
<LineString>
<tessellate>1</tessellate>
<coordinates>
115.92797652,-31.99832813,17.2086
115.92797751,-31.99832890,17.2085
</coordinates>
</LineString>
<LineString>
<tessellate>1</tessellate>
<coordinates>
115.92798443,-31.99833431,17.2077
115.92798542,-31.99833509,17.2076
115.92798740,-31.99833663,17.2074
115.92798937,-31.99833818,17.2072
</coordinates>
</LineString>
<LineString>
<tessellate>1</tessellate>
<coordinates>
115.92799432,-31.99834205,17.2066
115.92799530,-31.99834282,17.2065
115.92799728,-31.99834437,17.2063
115.92799926,-31.99834591,17.2061
115.92800124,-31.99834746,17.2058
115.92800321,-31.99834901,17.2056
115.92800519,-31.99835055,17.2054
115.92800717,-31.99835210,17.2052
</coordinates>
</LineString>
<LineString>
<tessellate>1</tessellate>
<coordinates>
115.92801211,-31.99835597,17.2046
115.92801310,-31.99835674,17.2045
115.92801508,-31.99835829,17.2043
115.92801705,-31.99835983,17.2041
115.92801903,-31.99836138,17.2038
115.92802101,-31.99836293,17.2036
115.92802299,-31.99836447,17.2034
115.92802496,-31.99836602,17.2032
115.92802694,-31.99836757,17.2030
115.92802892,-31.99836911,17.2027
115.92803089,-31.99837066,17.2025
</coordinates>
</LineString>
<LineString>
<tessellate>1</tessellate>
<coordinates>
115.92804177,-31.99837917,17.2013
115.92804276,-31.99837994,17.2012
115.92804473,-31.99838149,17.2010
115.92804671,-31.99838303,17.2007
</coordinates>
</LineString>
<LineString>
<tessellate>1</tessellate>
<coordinates>
115.92805165,-31.99838690,17.2002
115.92805264,-31.99838767,17.2001
115.92805462,-31.99838922,17.1999
115.92805660,-31.99839076,17.1996
</coordinates>
</LineString>
<LineString>
<tessellate>1</tessellate>
<coordinates>
115.92806154,-31.99839463,17.1991
115.92806253,-31.99839540,17.1990
115.92806451,-31.99839695,17.1987
115.92806648,-31.99839850,17.1985
115.92806846,-31.99840004,17.1983
</coordinates>
</LineString>
<LineString>
<tessellate>1</tessellate>
<coordinates>
115.92807340,-31.99840391,17.1977
</coordinates>
</LineString>
<LineString>
<tessellate>1</tessellate>
<coordinates>
115.92807736,-31.99840700,17.1973
115.92807835,-31.99840778,17.1972
</coordinates>
</LineString>
<LineString>
<tessellate>1</tessellate>
<coordinates>
115.92808329,-31.99841164,17.1966
115.92808428,-31.99841242,17.1965
</coordinates>
</LineString>
<LineString>
<tessellate>1</tessellate>
<coordinates>
115.92808922,-31.99841628,17.1960
115.92809021,-31.99841706,17.1959
115.92809219,-31.99841860,17.1956
</coordinates>
</LineString>
<LineString>
<tessellate>1</tessellate>
<coordinates>
115.92809911,-31.99842402,17.1949
115.92810009,-31.99842479,17.1948
</coordinates>
</LineString>
<LineString>
<tessellate>1</tessellate>
<coordinates>
115.92810701,-31.99843020,17.1940
115.92810800,-31.99843098,17.1939
115.92810998,-31.99843252,17.1937
</coordinates>
</LineString>
<LineString>
<tessellate>1</tessellate>
<coordinates>
115.92811492,-31.99843639,17.1931
115.92811591,-31.99843716,17.1930
115.92811789,-31.99843871,17.1928
115.92811987,-31.99844025,17.1925
</coordinates>
</LineString>
<LineString>
<tessellate>1</tessellate>
<coordinates>
115.92812679,-31.99844567,17.1918
115.92812777,-31.99844644,17.1917
</coordinates>
</LineString>
<LineString>
<tessellate>1</tessellate>
<coordinates>
115.92813272,-31.99845031,17.1911
115.92813371,-31.99845108,17.1910
</coordinates>
</LineString>
<LineString>
<tessellate>1</tessellate>
<coordinates>
115.92813865,-31.99845495,17.1904
115.92813964,-31.99845572,17.1903
115.92814161,-31.99845727,17.1901
115.92814359,-31.99845881,17.1899
</coordinates>
</LineString>
<LineString>
<tessellate>1</tessellate>
<coordinates>
115.92814853,-31.99846268,17.1893
115.92814952,-31.99846345,17.1892
</coordinates>
</LineString>
<LineString>
<tessellate>1</tessellate>
<coordinates>
115.92815545,-31.99846809,17.1886
115.92815743,-31.99846964,17.1883
115.92815941,-31.99847119,17.1881
115.92816139,-31.99847273,17.1879
</coordinates>
</LineString>
<LineString>
<tessellate>1</tessellate>
<coordinates>
115.92816831,-31.99847815,17.1871
115.92816929,-31.99847892,17.1870
</coordinates>
</LineString>
<LineString>
<tessellate>1</tessellate>
<coordinates>
115.92817424,-31.99848279,17.1865
115.92817523,-31.99848356,17.1863
115.92817720,-31.99848511,17.1861
</coordinates>
</LineString>
<LineString>
<tessellate>1</tessellate>
<coordinates>
115.92818610,-31.99849207,17.1851
115.92818709,-31.99849284,17.1850
115.92818907,-31.99849438,17.1848
</coordinates>
</LineString>
<LineString>
<tessellate>1</tessellate>
<coordinates>
115.92819401,-31.99849825,17.1842
115.92819500,-31.99849902,17.1841
</coordinates>
</LineString>
<LineString>
<tessellate>1</tessellate>
<coordinates>
115.92819994,-31.99850289,17.1836
115.92820093,-31.99850366,17.1835
115.92820291,-31.99850521,17.1832
115.92820488,-31.99850676,17.1830
</coordinates>
</LineString>
<LineString>
<tessellate>1</tessellate>
<coordinates>
115.92821180,-31.99851217,17.1822
</coordinates>
</LineString>
<LineString>
<tessellate>1</tessellate>
<coordinates>
115.92821576,-31.99851526,17.1818
115.92821675,-31.99851604,17.1817
</coordinates>
</LineString>
<LineString>
<tessellate>1</tessellate>
<coordinates>
115.92822169,-31.99851990,17.1811
</coordinates>
</LineString>
<LineString>
<tessellate>1</tessellate>
<coordinates>
115.92822564,-31.99852300,17.1807
115.92822663,-31.99852377,17.1806
115.92822861,-31.99852532,17.1804
115.92823059,-31.99852686,17.1801
115.92823256,-31.99852841,17.1799
</coordinates>
</LineString>
<LineString>
<tessellate>1</tessellate>
<coordinates>
115.92823751,-31.99853228,17.1794
115.92823849,-31.99853305,17.1793
115.92824047,-31.99853460,17.1790
115.92824245,-31.99853614,17.1788
</coordinates>
</LineString>
<LineString>
<tessellate>1</tessellate>
<coordinates>
115.92825135,-31.99854310,17.1778
</coordinates>
</LineString>
<LineString>
<tessellate>1</tessellate>
<coordinates>
115.92825629,-31.99854697,17.1773
115.92825827,-31.99854851,17.1770
115.92826024,-31.99855006,17.1768
</coordinates>
</LineString>
<LineString>
<tessellate>1</tessellate>
<coordinates>
115.92826222,-31.99855161,17.1766
115.92826420,-31.99855315,17.1764
115.92826617,-31.99855470,17.1762
115.92826815,-31.99855625,17.1759
</coordinates>
</LineString>
<LineString>
<tessellate>1</tessellate>
<coordinates>
115.92827309,-31.99856011,17.1754
115.92827408,-31.99856089,17.1753
115.92827606,-31.99856243,17.1750
115.92827804,-31.99856398,17.1748
115.92828001,-31.99856553,17.1746
115.92828199,-31.99856707,17.1744
</coordinates>
</LineString>
<LineString>
<tessellate>1</tessellate>
<coordinates>
115.92828397,-31.99856862,17.1742
</coordinates>
</LineString>
<LineString>
<tessellate>1</tessellate>
<coordinates>
115.92828891,-31.99857249,17.1736
115.92828990,-31.99857326,17.1735
</coordinates>
</LineString>
<LineString>
<tessellate>1</tessellate>
<coordinates>
115.92829484,-31.99857713,17.1729
115.92829583,-31.99857790,17.1728
115.92829781,-31.99857945,17.1726
115.92829979,-31.99858099,17.1724
115.92830176,-31.99858254,17.1722
115.92830374,-31.99858409,17.1719
115.92830572,-31.99858563,17.1717
</coordinates>
</LineString>
<LineString>
<tessellate>1</tessellate>
<coordinates>
115.92831066,-31.99858950,17.1712
115.92831165,-31.99859027,17.1711
115.92831363,-31.99859182,17.1708
</coordinates>
</LineString>
<LineString>
<tessellate>1</tessellate>
<coordinates>
115.92831857,-31.99859569,17.1703
115.92831956,-31.99859646,17.1702
115.92832154,-31.99859801,17.1700
115.92832351,-31.99859955,17.1697
</coordinates>
</LineString>
<LineString>
<tessellate>1</tessellate>
<coordinates>
115.92832846,-31.99860342,17.1692
</coordinates>
</LineString>
<LineString>
<tessellate>1</tessellate>
<coordinates>
115.92833241,-31.99860651,17.1687
</coordinates>
</LineString>
<LineString>
<tessellate>1</tessellate>
<coordinates>
115.92833636,-31.99860960,17.1683
115.92833735,-31.99861038,17.1682
115.92833933,-31.99861192,17.1680
115.92834131,-31.99861347,17.1677
115.92834328,-31.99861502,17.1675
</coordinates>
</LineString>
<LineString>
<tessellate>1</tessellate>
<coordinates>
115.92834823,-31.99861888,17.1670
115.92834922,-31.99861966,17.1669
115.92835119,-31.99862120,17.1666
115.92835317,-31.99862275,17.1664
115.92835515,-31.99862430,17.1662
115.92835712,-31.99862584,17.1660
</coordinates>
</LineString>
<LineString>
<tessellate>1</tessellate>
<coordinates>
115.92836207,-31.99862971,17.1654
115.92836306,-31.99863048,17.1653
115.92836503,-31.99863203,17.1651
115.92836701,-31.99863358,17.1649
115.92836899,-31.99863512,17.1646
</coordinates>
</LineString>
<LineString>
<tessellate>1</tessellate>
<coordinates>
115.92837393,-31.99863899,17.1641
115.92837492,-31.99863976,17.1640
115.92837690,-31.99864131,17.1638
115.92837887,-31.99864286,17.1635
115.92838085,-31.99864440,17.1633
115.92838283,-31.99864595,17.1631
</coordinates>
</LineString>
<LineString>
<tessellate>1</tessellate>
<coordinates>
115.92838777,-31.99864982,17.1625
115.92838876,-31.99865059,17.1624
115.92839074,-31.99865214,17.1622
</coordinates>
</LineString>
<LineString>
<tessellate>1</tessellate>
<coordinates>
115.92839271,-31.99865368,17.1620
</coordinates>
</LineString>
<LineString>
<tessellate>1</tessellate>
<coordinates>
115.92839766,-31.99865755,17.1614
115.92839864,-31.99865832,17.1613
</coordinates>
</LineString>
<LineString>
<tessellate>1</tessellate>
<coordinates>
115.92840062,-31.99865987,17.1611
115.92840260,-31.99866141,17.1609
115.92840458,-31.99866296,17.1607
115.92840655,-31.99866451,17.1604
115.92840853,-31.99866605,17.1602
</coordinates>
</LineString>
<LineString>
<tessellate>1</tessellate>
<coordinates>
115.92841347,-31.99866992,17.1597
115.92841446,-31.99867069,17.1595
</coordinates>
</LineString>
<LineString>
<tessellate>1</tessellate>
<coordinates>
115.92841940,-31.99867456,17.1590
115.92842039,-31.99867533,17.1589
</coordinates>
</LineString>
<LineString>
<tessellate>1</tessellate>
<coordinates>
115.92842632,-31.99867997,17.1582
115.92842830,-31.99868152,17.1580
</coordinates>
</LineString>
<LineString>
<tessellate>1</tessellate>
<coordinates>
115.92843522,-31.99868693,17.1572
115.92843621,-31.99868771,17.1571
115.92843819,-31.99868925,17.1569
115.92844016,-31.99869080,17.1567
115.92844214,-31.99869235,17.1564
115.92844412,-31.99869389,17.1562
115.92844610,-31.99869544,17.1560
</coordinates>
</LineString>
<LineString>
<tessellate>1</tessellate>
<coordinates>
115.92845104,-31.99869931,17.1555
115.92845203,-31.99870008,17.1553
115.92845400,-31.99870163,17.1551
</coordinates>
</LineString>
<LineString>
<tessellate>1</tessellate>
<coordinates>
115.92846092,-31.99870704,17.1543
115.92846191,-31.99870781,17.1542
115.92846389,-31.99870936,17.1540
115.92846587,-31.99871091,17.1538
115.92846784,-31.99871245,17.1536
</coordinates>
</LineString>
<LineString>
<tessellate>1</tessellate>
<coordinates>
115.92847279,-31.99871632,17.1530
</coordinates>
</LineString>
<LineString>
<tessellate>1</tessellate>
<coordinates>
115.92847872,-31.99872096,17.1524
115.92847971,-31.99872173,17.1522
</coordinates>
</LineString>
<LineString>
<tessellate>1</tessellate>
<coordinates>
115.92848465,-31.99872560,17.1517
115.92848564,-31.99872637,17.1516
115.92848762,-31.99872792,17.1514
115.92848959,-31.99872946,17.1511
</coordinates>
</LineString>
<LineString>
<tessellate>1</tessellate>
<coordinates>
115.92849454,-31.99873333,17.1506
115.92849552,-31.99873410,17.1505
</coordinates>
</LineString>
<LineString>
<tessellate>1</tessellate>
<coordinates>
115.92850047,-31.99873797,17.1499
115.92850146,-31.99873874,17.1498
</coordinates>
</LineString>
<LineString>
<tessellate>1</tessellate>
<coordinates>
115.92850640,-31.99874261,17.1493
</coordinates>
</LineString>
<LineString>
<tessellate>1</tessellate>
<coordinates>
115.92851035,-31.99874570,17.1488
115.92851134,-31.99874648,17.1487
115.92851332,-31.99874802,17.1485
115.92851530,-31.99874957,17.1483
115.92851727,-31.99875112,17.1480
115.92851925,-31.99875266,17.1478
115.92852123,-31.99875421,17.1476
115.92852320,-31.99875576,17.1474
</coordinates>
</LineString>
<LineString>
<tessellate>1</tessellate>
<coordinates>
115.92852815,-31.99875962,17.1468
115.92852914,-31.99876040,17.1467
115.92853111,-31.99876194,17.1465
115.92853309,-31.99876349,17.1463
115.92853507,-31.99876504,17.1460
</coordinates>
</LineString>
<LineString>
<tessellate>1</tessellate>
<coordinates>
115.92854001,-31.99876890,17.1455
</coordinates>
</LineString>
<LineString>
<tessellate>1</tessellate>
<coordinates>
115.92854396,-31.99877199,17.1450
</coordinates>
</LineString>
<LineString>
<tessellate>1</tessellate>
<coordinates>
115.92854792,-31.99877509,17.1446
115.92854891,-31.99877586,17.1445
115.92855088,-31.99877741,17.1443
</coordinates>
</LineString>
<LineString>
<tessellate>1</tessellate>
<coordinates>
115.92855583,-31.99878127,17.1437
115.92855682,-31.99878205,17.1436
115.92855879,-31.99878359,17.1434
</coordinates>
</LineString>
<LineString>
<tessellate>1</tessellate>
<coordinates>
115.92856077,-31.99878514,17.1432
115.92856275,-31.99878669,17.1429
</coordinates>
</LineString>
<LineString>
<tessellate>1</tessellate>
<coordinates>
115.92856967,-31.99879210,17.1422
115.92857066,-31.99879287,17.1421
115.92857263,-31.99879442,17.1418
115.92857461,-31.99879597,17.1416
</coordinates>
</LineString>
<LineString>
<tessellate>1</tessellate>
<coordinates>
115.92858153,-31.99880138,17.1408
115.92858252,-31.99880215,17.1407
115.92858450,-31.99880370,17.1405
115.92858647,-31.99880525,17.1403
115.92858845,-31.99880679,17.1401
115.92859043,-31.99880834,17.1398
</coordinates>
</LineString>
<LineString>
<tessellate>1</tessellate>
<coordinates>
115.92859438,-31.99881143,17.1394
115.92859636,-31.99881298,17.1392
</coordinates>
</LineString>
<LineString>
<tessellate>1</tessellate>
<coordinates>
115.92859834,-31.99881453,17.1390
115.92860031,-31.99881607,17.1387
115.92860229,-31.99881762,17.1385
115.92860427,-31.99881917,17.1383
</coordinates>
</LineString>
<LineString>
<tessellate>1</tessellate>
<coordinates>
115.92860921,-31.99882303,17.1377
115.92861020,-31.99882380,17.1376
</coordinates>
</LineString>
<LineString>
<tessellate>1</tessellate>
<coordinates>
115.92861712,-31.99882922,17.1369
</coordinates>
</LineString>
<LineString>
<tessellate>1</tessellate>
<coordinates>
115.92862107,-31.99883231,17.1364
</coordinates>
</LineString>
<LineString>
<tessellate>1</tessellate>
<coordinates>
115.92862701,-31.99883695,17.1357
115.92862799,-31.99883772,17.1356
</coordinates>
</LineString>
<LineString>
<tessellate>1</tessellate>
<coordinates>
115.92863491,-31.99884314,17.1349
115.92863590,-31.99884391,17.1347
</coordinates>
</LineString>
<LineString>
<tessellate>1</tessellate>
<coordinates>
115.92864282,-31.99884932,17.1340
115.92864381,-31.99885010,17.1339
115.92864579,-31.99885164,17.1336
115.92864777,-31.99885319,17.1334
</coordinates>
</LineString>
<LineString>
<tessellate>1</tessellate>
<coordinates>
115.92865864,-31.99886170,17.1322
115.92865963,-31.99886247,17.1321
115.92866161,-31.99886402,17.1319
115.92866358,-31.99886556,17.1316
115.92866556,-31.99886711,17.1314
115.92866754,-31.99886866,17.1312
115.92866951,-31.99887020,17.1310
115.92867149,-31.99887175,17.1308
115.92867347,-31.99887330,17.1305
</coordinates>
</LineString>
<LineString>
<tessellate>1</tessellate>
<coordinates>
115.92868039,-31.99887871,17.1298
115.92868138,-31.99887948,17.1297
115.92868335,-31.99888103,17.1294
115.92868533,-31.99888257,17.1292
115.92868731,-31.99888412,17.1290
</coordinates>
</LineString>
<LineString>
<tessellate>1</tessellate>
<coordinates>
115.92869423,-31.99888953,17.1282
</coordinates>
</LineString>
<LineString>
<tessellate>1</tessellate>
<coordinates>
115.92870016,-31.99889417,17.1276
115.92870115,-31.99889495,17.1274
</coordinates>
</LineString>
<LineString>
<tessellate>1</tessellate>
<coordinates>
115.92870609,-31.99889881,17.1269
115.92870708,-31.99889959,17.1268
115.92870906,-31.99890113,17.1266
115.92871103,-31.99890268,17.1263
115.92871301,-31.99890423,17.1261
115.92871491,-31.99890576,17.0991
</coordinates>
</LineString>
<LineString>
<tessellate>1</tessellate>
<coordinates>
115.92871948,-31.99890955,16.9648
115.92872040,-31.99891031,16.9380
115.92872222,-31.99891183,16.8842
115.92872405,-31.99891334,16.8305
115.92872588,-31.99891486,16.7768
115.92872771,-31.99891638,16.7231
</coordinates>
</LineString>
<LineString>
<tessellate>1</tessellate>
<coordinates>
115.92873228,-31.99892017,16.5888
115.92873319,-31.99892093,16.5619
</coordinates>
</LineString>
<LineString>
<tessellate>1</tessellate>
<coordinates>
115.92873776,-31.99892472,16.4276
115.92873867,-31.99892548,16.4007
</coordinates>
</LineString>
<LineString>
<tessellate>1</tessellate>
<coordinates>
115.92874050,-31.99892700,16.3470
115.92874233,-31.99892852,16.2933
</coordinates>
</LineString>
<LineString>
<tessellate>1</tessellate>
<coordinates>
115.92874872,-31.99893383,16.1052
115.92874964,-31.99893459,16.0784
</coordinates>
</LineString>
<LineString>
<tessellate>1</tessellate>
<coordinates>
115.92875421,-31.99893838,15.9441
115.92875512,-31.99893914,15.9172
115.92875695,-31.99894066,15.8635
</coordinates>
</LineString>
<LineString>
<tessellate>1</tessellate>
<coordinates>
115.92875878,-31.99894217,15.8098
115.92876060,-31.99894369,15.7560
115.92876243,-31.99894521,15.7023
</coordinates>
</LineString>
<LineString>
<tessellate>1</tessellate>
<coordinates>
115.92876700,-31.99894900,15.5680
115.92876791,-31.99894976,15.5411
</coordinates>
</LineString>
<LineString>
<tessellate>1</tessellate>
<coordinates>
115.92877340,-31.99895431,15.3800
115.92877522,-31.99895583,15.3262
115.92877705,-31.99895734,15.2725
115.92877888,-31.99895886,15.2188
</coordinates>
</LineString>
<LineString>
<tessellate>1</tessellate>
<coordinates>
115.92878253,-31.99896190,15.1113
115.92878436,-31.99896341,15.0576
115.92878619,-31.99896493,15.0039
</coordinates>
</LineString>
<LineString>
<tessellate>1</tessellate>
<coordinates>
115.92878802,-31.99896645,14.9502
</coordinates>
</LineString>
<LineString>
<tessellate>1</tessellate>
<coordinates>
115.92879441,-31.99897176,14.7621
115.92879533,-31.99897252,14.7353
115.92879716,-31.99897403,14.6816
115.92879898,-31.99897555,14.6278
</coordinates>
</LineString>
<LineString>
<tessellate>1</tessellate>
<coordinates>
115.92880538,-31.99898086,14.4398
115.92880629,-31.99898162,14.4129
115.92880812,-31.99898314,14.3592
115.92880995,-31.99898466,14.3055
</coordinates>
</LineString>
<LineString>
<tessellate>1</tessellate>
<coordinates>
115.92881452,-31.99898845,14.1712
115.92881543,-31.99898921,14.1443
</coordinates>
</LineString>
<LineString>
<tessellate>1</tessellate>
<coordinates>
115.92882000,-31.99899300,14.0100
115.92882093,-31.99899374,14.0036
115.92882278,-31.99899522,13.9907
115.92882463,-31.99899671,13.9778
115.92882647,-31.99899819,13.9650
115.92882833,-31.99899968,13.9521
115.92883018,-31.99900116,13.9392
</coordinates>
</LineString>
<LineString>
<tessellate>1</tessellate>
<coordinates>
115.92883480,-31.99900487,13.9071
115.92883573,-31.99900561,13.9006
115.92883758,-31.99900709,13.8878
115.92883943,-31.99900857,13.8749
115.92884128,-31.99901006,13.8620
115.92884313,-31.99901154,13.8492
115.92884498,-31.99901302,13.8363
115.92884683,-31.99901451,13.8234
115.92884868,-31.99901599,13.8106
115.92885053,-31.99901747,13.7977
115.92885237,-31.99901896,13.7848
115.92885422,-31.99902044,13.7720
115.92885608,-31.99902193,13.7591
115.92885793,-31.99902341,13.7462
115.92885978,-31.99902489,13.7334
</coordinates>
</LineString>
<LineString>
<tessellate>1</tessellate>
<coordinates>
115.92886440,-31.99902860,13.7012
115.92886533,-31.99902934,13.6948
115.92886718,-31.99903082,13.6819
115.92886903,-31.99903231,13.6690
115.92887088,-31.99903379,13.6562
115.92887272,-31.99903528,13.6433
115.92887458,-31.99903676,13.6304
</coordinates>
</LineString>
<LineString>
<tessellate>1</tessellate>
<coordinates>
115.92888105,-31.99904195,13.5854
115.92888198,-31.99904269,13.5790
115.92888383,-31.99904418,13.5661
</coordinates>
</LineString>
<LineString>
<tessellate>1</tessellate>
<coordinates>
115.92889030,-31.99904937,13.5211
</coordinates>
</LineString>
<LineString>
<tessellate>1</tessellate>
<coordinates>
115.92889400,-31.99905233,13.4953
</coordinates>
</LineString>
<LineString>
<tessellate>1</tessellate>
<coordinates>
115.92889955,-31.99905678,13.4567
115.92890048,-31.99905752,13.4503
115.92890233,-31.99905901,13.4374
</coordinates>
</LineString>
<LineString>
<tessellate>1</tessellate>
<coordinates>
115.92890880,-31.99906420,13.3924
115.92890973,-31.99906494,13.3860
</coordinates>
</LineString>
<LineString>
<tessellate>1</tessellate>
<coordinates>
115.92891805,-31.99907162,13.3281
</coordinates>
</LineString>
<LineString>
<tessellate>1</tessellate>
<coordinates>
115.92892175,-31.99907458,13.3023
115.92892268,-31.99907533,13.2959
115.92892453,-31.99907681,13.2830
115.92892638,-31.99907829,13.2702
115.92892823,-31.99907978,13.2573
115.92893008,-31.99908126,13.2444
115.92893201,-31.99908280,13.2359
115.92893403,-31.99908441,13.2318
</coordinates>
</LineString>
<LineString>
<tessellate>1</tessellate>
<coordinates>
115.92893907,-31.99908843,13.2214
115.92894008,-31.99908923,13.2193
115.92894210,-31.99909084,13.2151
</coordinates>
</LineString>
<LineString>
<tessellate>1</tessellate>
<coordinates>
115.92894412,-31.99909245,13.2110
115.92894613,-31.99909405,13.2068
</coordinates>
</LineString>
<LineString>
<tessellate>1</tessellate>
<coordinates>
115.92895320,-31.99909968,13.1922
</coordinates>
</LineString>
<LineString>
<tessellate>1</tessellate>
<coordinates>
115.92895723,-31.99910289,13.1839
</coordinates>
</LineString>
<LineString>
<tessellate>1</tessellate>
<coordinates>
115.92896127,-31.99910611,13.1756
</coordinates>
</LineString>
<LineString>
<tessellate>1</tessellate>
<coordinates>
115.92896530,-31.99910932,13.1673
115.92896631,-31.99911013,13.1652
</coordinates>
</LineString>
<LineString>
<tessellate>1</tessellate>
<coordinates>
115.92897136,-31.99911414,13.1548
115.92897237,-31.99911495,13.1527
115.92897438,-31.99911655,13.1485
</coordinates>
</LineString>
<LineString>
<tessellate>1</tessellate>
<coordinates>
115.92898044,-31.99912138,13.1361
115.92898246,-31.99912298,13.1319
</coordinates>
</LineString>
<LineString>
<tessellate>1</tessellate>
<coordinates>
115.92899456,-31.99913263,13.1069
115.92899658,-31.99913423,13.1028
115.92899860,-31.99913584,13.0986
115.92900062,-31.99913745,13.0945
115.92900263,-31.99913905,13.0903
115.92900465,-31.99914066,13.0861
115.92900667,-31.99914227,13.0820
115.92900869,-31.99914388,13.0778
</coordinates>
</LineString>
<LineString>
<tessellate>1</tessellate>
<coordinates>
115.92901373,-31.99914789,13.0674
</coordinates>
</LineString>
<LineString>
<tessellate>1</tessellate>
<coordinates>
115.92901777,-31.99915111,13.0591
115.92901878,-31.99915191,13.0570
</coordinates>
</LineString>
<LineString>
<tessellate>1</tessellate>
<coordinates>
115.92902382,-31.99915593,13.0466
115.92902483,-31.99915673,13.0445
115.92902685,-31.99915834,13.0404
115.92902887,-31.99915995,13.0362
115.92903088,-31.99916155,13.0320
115.92903290,-31.99916316,13.0279
</coordinates>
</LineString>
<LineString>
<tessellate>1</tessellate>
<coordinates>
115.92903795,-31.99916718,13.0175
115.92903896,-31.99916798,13.0154
115.92904097,-31.99916959,13.0112
</coordinates>
</LineString>
<LineString>
<tessellate>1</tessellate>
<coordinates>
115.92904587,-31.99917348,13.0021
115.92904680,-31.99917423,13.0006
115.92904867,-31.99917571,12.9976
115.92905053,-31.99917719,12.9947
115.92905240,-31.99917868,12.9917
115.92905427,-31.99918016,12.9888
</coordinates>
</LineString>
<LineString>
<tessellate>1</tessellate>
<coordinates>
115.92906080,-31.99918535,12.9784
115.92906173,-31.99918609,12.9770
115.92906360,-31.99918758,12.9740
115.92906547,-31.99918906,12.9711
115.92906733,-31.99919054,12.9681
115.92906920,-31.99919202,12.9652
</coordinates>
</LineString>
<LineString>
<tessellate>1</tessellate>
<coordinates>
115.92907387,-31.99919573,12.9578
115.92907480,-31.99919648,12.9563
115.92907667,-31.99919796,12.9534
</coordinates>
</LineString>
<LineString>
<tessellate>1</tessellate>
<coordinates>
115.92908133,-31.99920167,12.9460
115.92908227,-31.99920241,12.9445
</coordinates>
</LineString>
<LineString>
<tessellate>1</tessellate>
<coordinates>
115.92908693,-31.99920612,12.9371
</coordinates>
</LineString>
<LineString>
<tessellate>1</tessellate>
<coordinates>
115.92909067,-31.99920908,12.9312
115.92909160,-31.99920983,12.9298
</coordinates>
</LineString>
<LineString>
<tessellate>1</tessellate>
<coordinates>
115.92909627,-31.99921353,12.9224
115.92909720,-31.99921428,12.9209
115.92909907,-31.99921576,12.9180
</coordinates>
</LineString>
<LineString>
<tessellate>1</tessellate>
<coordinates>
115.92910373,-31.99921947,12.9106
115.92910467,-31.99922021,12.9091
115.92910653,-31.99922169,12.9062
115.92910840,-31.99922318,12.9032
115.92911027,-31.99922466,12.9003
</coordinates>
</LineString>
<LineString>
<tessellate>1</tessellate>
<coordinates>
115.92911493,-31.99922837,12.8929
115.92911587,-31.99922911,12.8914
115.92911773,-31.99923059,12.8885
115.92911960,-31.99923208,12.8855
</coordinates>
</LineString>
<LineString>
<tessellate>1</tessellate>
<coordinates>
115.92912800,-31.99923875,12.8722
115.92912893,-31.99923949,12.8708
115.92913080,-31.99924097,12.8678
</coordinates>
</LineString>
<LineString>
<tessellate>1</tessellate>
<coordinates>
115.92913547,-31.99924468,12.8604
</coordinates>
</LineString>
<LineString>
<tessellate>1</tessellate>
<coordinates>
115.92913920,-31.99924765,12.8546
115.92914013,-31.99924839,12.8531
</coordinates>
</LineString>
<LineString>
<tessellate>1</tessellate>
<coordinates>
115.92914480,-31.99925210,12.8457
115.92914573,-31.99925284,12.8442
115.92914760,-31.99925433,12.8413
115.92914947,-31.99925581,12.8383
115.92915133,-31.99925729,12.8354
115.92915320,-31.99925878,12.8324
</coordinates>
</LineString>
<LineString>
<tessellate>1</tessellate>
<coordinates>
115.92915804,-31.99926260,12.8251
115.92915905,-31.99926340,12.8237
115.92916109,-31.99926500,12.8208
115.92916313,-31.99926660,12.8179
115.92916516,-31.99926820,12.8151
115.92916720,-31.99926980,12.8122
115.92916924,-31.99927140,12.8093
</coordinates>
</LineString>
<LineString>
<tessellate>1</tessellate>
<coordinates>
115.92917433,-31.99927540,12.8021
115.92917535,-31.99927620,12.8007
115.92917738,-31.99927780,12.7978
115.92917942,-31.99927940,12.7950
115.92918145,-31.99928100,12.7921
115.92918349,-31.99928260,12.7892
115.92918553,-31.99928420,12.7863
</coordinates>
</LineString>
<LineString>
<tessellate>1</tessellate>
<coordinates>
115.92919265,-31.99928980,12.7763
</coordinates>
</LineString>
<LineString>
<tessellate>1</tessellate>
<coordinates>
115.92919673,-31.99929300,12.7705
115.92919775,-31.99929380,12.7691
115.92919978,-31.99929540,12.7662
115.92920182,-31.99929700,12.7634
115.92920385,-31.99929860,12.7605
115.92920589,-31.99930020,12.7576
115.92920793,-31.99930180,12.7547
115.92920996,-31.99930340,12.7519
</coordinates>
</LineString>
<LineString>
<tessellate>1</tessellate>
<coordinates>
115.92921505,-31.99930740,12.7447
115.92921607,-31.99930820,12.7433
115.92921811,-31.99930980,12.7404
</coordinates>
</LineString>
<LineString>
<tessellate>1</tessellate>
<coordinates>
115.92922320,-31.99931380,12.7332
115.92922422,-31.99931460,12.7318
115.92922625,-31.99931620,12.7289
115.92922829,-31.99931780,12.7260
115.92923033,-31.99931940,12.7231
115.92923236,-31.99932100,12.7203
115.92923440,-31.99932260,12.7174
115.92923644,-31.99932420,12.7145
</coordinates>
</LineString>
<LineString>
<tessellate>1</tessellate>
<coordinates>
115.92924153,-31.99932820,12.7073
115.92924255,-31.99932900,12.7059
115.92924458,-31.99933060,12.7030
</coordinates>
</LineString>
<LineString>
<tessellate>1</tessellate>
<coordinates>
115.92925171,-31.99933620,12.6930
115.92925273,-31.99933700,12.6915
115.92925476,-31.99933860,12.6887
115.92925680,-31.99934020,12.6858
115.92925884,-31.99934180,12.6829
</coordinates>
</LineString>
<LineString>
<tessellate>1</tessellate>
<coordinates>
115.92926393,-31.99934580,12.6757
115.92926495,-31.99934660,12.6743
</coordinates>
</LineString>
<LineString>
<tessellate>1</tessellate>
<coordinates>
115.92927071,-31.99935106,12.6760
</coordinates>
</LineString>
<LineString>
<tessellate>1</tessellate>
<coordinates>
115.92927523,-31.99935448,12.6861
115.92927613,-31.99935517,12.6881
115.92927794,-31.99935654,12.6921
115.92927974,-31.99935791,12.6961
115.92928155,-31.99935928,12.7001
115.92928335,-31.99936065,12.7041
115.92928516,-31.99936202,12.7082
</coordinates>
</LineString>
<LineString>
<tessellate>1</tessellate>
<coordinates>
115.92928968,-31.99936545,12.7182
115.92929058,-31.99936614,12.7202
115.92929239,-31.99936751,12.7242
</coordinates>
</LineString>
<LineString>
<tessellate>1</tessellate>
<coordinates>
115.92929690,-31.99937094,12.7343
</coordinates>
</LineString>
<LineString>
<tessellate>1</tessellate>
<coordinates>
115.92930052,-31.99937368,12.7423
115.92930142,-31.99937436,12.7443
115.92930323,-31.99937573,12.7483
</coordinates>
</LineString>
<LineString>
<tessellate>1</tessellate>
<coordinates>
115.92930774,-31.99937916,12.7584
115.92930865,-31.99937985,12.7604
</coordinates>
</LineString>
<LineString>
<tessellate>1</tessellate>
<coordinates>
115.92931316,-31.99938327,12.7704
115.92931406,-31.99938396,12.7724
</coordinates>
</LineString>
<LineString>
<tessellate>1</tessellate>
<coordinates>
115.92931587,-31.99938533,12.7764
115.92931768,-31.99938670,12.7804
115.92931948,-31.99938807,12.7845
115.92932129,-31.99938944,12.7885
115.92932310,-31.99939081,12.7925
115.92932490,-31.99939219,12.7965
115.92932671,-31.99939356,12.8005
</coordinates>
</LineString>
<LineString>
<tessellate>1</tessellate>
<coordinates>
115.92933123,-31.99939698,12.8106
115.92933213,-31.99939767,12.8126
115.92933394,-31.99939904,12.8166
</coordinates>
</LineString>
<LineString>
<tessellate>1</tessellate>
<coordinates>
115.92933574,-31.99940041,12.8206
115.92933755,-31.99940178,12.8246
</coordinates>
</LineString>
<LineString>
<tessellate>1</tessellate>
<coordinates>
115.92933935,-31.99940315,12.8286
115.92934116,-31.99940452,12.8327
115.92934297,-31.99940590,12.8367
115.92934477,-31.99940727,12.8407
</coordinates>
</LineString>
<LineString>
<tessellate>1</tessellate>
<coordinates>
115.92934658,-31.99940864,12.8447
115.92934839,-31.99941001,12.8487
115.92935019,-31.99941138,12.8527
</coordinates>
</LineString>
<LineString>
<tessellate>1</tessellate>
<coordinates>
115.92935832,-31.99941755,12.8708
</coordinates>
</LineString>
<LineString>
<tessellate>1</tessellate>
<coordinates>
115.92936194,-31.99942029,12.8788
115.92936284,-31.99942098,12.8808
115.92936465,-31.99942235,12.8849
</coordinates>
</LineString>
<LineString>
<tessellate>1</tessellate>
<coordinates>
115.92936916,-31.99942577,12.8949
115.92937006,-31.99942646,12.8969
115.92937187,-31.99942783,12.9009
115.92937368,-31.99942920,12.9049
</coordinates>
</LineString>
<LineString>
<tessellate>1</tessellate>
<coordinates>
115.92937819,-31.99943263,12.9150
115.92937910,-31.99943331,12.9170
115.92938103,-31.99943476,12.9197
115.92938308,-31.99943629,12.9212
115.92938514,-31.99943782,12.9227
115.92938719,-31.99943935,12.9242
115.92938925,-31.99944087,12.9256
115.92939130,-31.99944240,12.9271
115.92939335,-31.99944393,12.9286
115.92939541,-31.99944545,12.9300
115.92939746,-31.99944698,12.9315
115.92939952,-31.99944851,12.9330
115.92940157,-31.99945004,12.9345
115.92940363,-31.99945156,12.9359
</coordinates>
</LineString>
<LineString>
<tessellate>1</tessellate>
<coordinates>
115.92940876,-31.99945538,12.9396
115.92940979,-31.99945615,12.9404
115.92941185,-31.99945767,12.9418
</coordinates>
</LineString>
<LineString>
<tessellate>1</tessellate>
<coordinates>
115.92941595,-31.99946073,12.9448
115.92941801,-31.99946225,12.9462
</coordinates>
</LineString>
<LineString>
<tessellate>1</tessellate>
<coordinates>
115.92942520,-31.99946760,12.9514
115.92942623,-31.99946836,12.9521
</coordinates>
</LineString>
<LineString>
<tessellate>1</tessellate>
<coordinates>
115.92942828,-31.99946989,12.9536
115.92943034,-31.99947142,12.9551
</coordinates>
</LineString>
<LineString>
<tessellate>1</tessellate>
<coordinates>
115.92943753,-31.99947676,12.9602
115.92943855,-31.99947753,12.9610
</coordinates>
</LineString>
<LineString>
<tessellate>1</tessellate>
<coordinates>
115.92944061,-31.99947905,12.9624
115.92944266,-31.99948058,12.9639
115.92944472,-31.99948211,12.9654
</coordinates>
</LineString>
<LineString>
<tessellate>1</tessellate>
<coordinates>
115.92944677,-31.99948364,12.9669
115.92944883,-31.99948516,12.9683
</coordinates>
</LineString>
<LineString>
<tessellate>1</tessellate>
<coordinates>
115.92945088,-31.99948669,12.9698
115.92945294,-31.99948822,12.9713
115.92945499,-31.99948975,12.9728
115.92945705,-31.99949127,12.9742
115.92945910,-31.99949280,12.9757
115.92946115,-31.99949433,12.9772
</coordinates>
</LineString>
<LineString>
<tessellate>1</tessellate>
<coordinates>
115.92946321,-31.99949585,12.9786
115.92946526,-31.99949738,12.9801
</coordinates>
</LineString>
<LineString>
<tessellate>1</tessellate>
<coordinates>
115.92947040,-31.99950120,12.9838
115.92947143,-31.99950196,12.9845
115.92947348,-31.99950349,12.9860
</coordinates>
</LineString>
<LineString>
<tessellate>1</tessellate>
<coordinates>
115.92947965,-31.99950807,12.9904
115.92948170,-31.99950960,12.9919
115.92948375,-31.99951113,12.9934
</coordinates>
</LineString>
<LineString>
<tessellate>1</tessellate>
<coordinates>
115.92949095,-31.99951647,12.9985
115.92949197,-31.99951724,12.9993
115.92949396,-31.99951872,13.0007
115.92949587,-31.99952017,13.0020
115.92949778,-31.99952162,13.0033
115.92949970,-31.99952307,13.0046
</coordinates>
</LineString>
<LineString>
<tessellate>1</tessellate>
<coordinates>
115.92950161,-31.99952452,13.0059
115.92950353,-31.99952597,13.0072
115.92950544,-31.99952741,13.0085
115.92950735,-31.99952886,13.0098
115.92950927,-31.99953031,13.0111
115.92951118,-31.99953176,13.0124
115.92951309,-31.99953321,13.0138
115.92951501,-31.99953466,13.0151
115.92951692,-31.99953610,13.0164
115.92951884,-31.99953755,13.0177
</coordinates>
</LineString>
<LineString>
<tessellate>1</tessellate>
<coordinates>
115.92952362,-31.99954117,13.0210
115.92952458,-31.99954190,13.0216
115.92952649,-31.99954334,13.0229
</coordinates>
</LineString>
<LineString>
<tessellate>1</tessellate>
<coordinates>
115.92953128,-31.99954697,13.0262
115.92953223,-31.99954769,13.0269
</coordinates>
</LineString>
<LineString>
<tessellate>1</tessellate>
<coordinates>
115.92953797,-31.99955203,13.0308
</coordinates>
</LineString>
<LineString>
<tessellate>1</tessellate>
<coordinates>
115.92954276,-31.99955566,13.0341
115.92954372,-31.99955638,13.0347
115.92954563,-31.99955783,13.0360
115.92954754,-31.99955928,13.0373
115.92954946,-31.99956072,13.0387
</coordinates>
</LineString>
<LineString>
<tessellate>1</tessellate>
<coordinates>
115.92955137,-31.99956217,13.0400
115.92955328,-31.99956362,13.0413
115.92955520,-31.99956507,13.0426
115.92955711,-31.99956652,13.0439
115.92955903,-31.99956797,13.0452
115.92956094,-31.99956941,13.0465
115.92956285,-31.99957086,13.0478
115.92956477,-31.99957231,13.0491
</coordinates>
</LineString>
<LineString>
<tessellate>1</tessellate>
<coordinates>
115.92956955,-31.99957593,13.0524
</coordinates>
</LineString>
<LineString>
<tessellate>1</tessellate>
<coordinates>
115.92957338,-31.99957883,13.0550
115.92957434,-31.99957955,13.0557
115.92957625,-31.99958100,13.0570
115.92957816,-31.99958245,13.0583
115.92958008,-31.99958390,13.0596
115.92958199,-31.99958534,13.0609
115.92958391,-31.99958679,13.0622
115.92958582,-31.99958824,13.0636
115.92958773,-31.99958969,13.0649
115.92958965,-31.99959114,13.0662
115.92959156,-31.99959259,13.0675
115.92959347,-31.99959403,13.0688
115.92959539,-31.99959548,13.0701
</coordinates>
</LineString>
<LineString>
<tessellate>1</tessellate>
<coordinates>
115.92960017,-31.99959910,13.0734
115.92960113,-31.99959983,13.0740
115.92960304,-31.99960128,13.0753
115.92960497,-31.99960278,13.0760
115.92960692,-31.99960435,13.0759
115.92960886,-31.99960591,13.0758
115.92961081,-31.99960747,13.0757
115.92961275,-31.99960904,13.0757
115.92961470,-31.99961060,13.0756
115.92961665,-31.99961216,13.0755
115.92961859,-31.99961373,13.0755
115.92962054,-31.99961529,13.0754
</coordinates>
</LineString>
<LineString>
<tessellate>1</tessellate>
<coordinates>
115.92962540,-31.99961920,13.0752
115.92962637,-31.99961998,13.0752
115.92962832,-31.99962155,13.0751
115.92963026,-31.99962311,13.0750
115.92963221,-31.99962467,13.0749
115.92963415,-31.99962624,13.0749
</coordinates>
</LineString>
<LineString>
<tessellate>1</tessellate>
<coordinates>
115.92963610,-31.99962780,13.0748
115.92963805,-31.99962936,13.0747
115.92963999,-31.99963093,13.0747
115.92964194,-31.99963249,13.0746
</coordinates>
</LineString>
<LineString>
<tessellate>1</tessellate>
<coordinates>
115.92964388,-31.99963405,13.0745
115.92964583,-31.99963562,13.0744
115.92964777,-31.99963718,13.0744
</coordinates>
</LineString>
<LineString>
<tessellate>1</tessellate>
<coordinates>
115.92965264,-31.99964109,13.0742
115.92965361,-31.99964187,13.0741
115.92965555,-31.99964344,13.0741
115.92965750,-31.99964500,13.0740
115.92965945,-31.99964656,13.0739
115.92966139,-31.99964813,13.0739
115.92966334,-31.99964969,13.0738
115.92966528,-31.99965125,13.0737
115.92966723,-31.99965282,13.0736
115.92966917,-31.99965438,13.0736
115.92967112,-31.99965595,13.0735
115.92967306,-31.99965751,13.0734
</coordinates>
</LineString>
<LineString>
<tessellate>1</tessellate>
<coordinates>
115.92967793,-31.99966142,13.0732
115.92967890,-31.99966220,13.0732
115.92968085,-31.99966376,13.0731
115.92968279,-31.99966533,13.0731
</coordinates>
</LineString>
<LineString>
<tessellate>1</tessellate>
<coordinates>
115.92968474,-31.99966689,13.0730
115.92968668,-31.99966845,13.0729
115.92968863,-31.99967002,13.0728
115.92969057,-31.99967158,13.0728
115.92969252,-31.99967315,13.0727
115.92969446,-31.99967471,13.0726
115.92969641,-31.99967627,13.0725
115.92969835,-31.99967784,13.0725
115.92970030,-31.99967940,13.0724
115.92970225,-31.99968096,13.0723
115.92970419,-31.99968253,13.0723
115.92970614,-31.99968409,13.0722
115.92970808,-31.99968565,13.0721
</coordinates>
</LineString>
<LineString>
<tessellate>1</tessellate>
<coordinates>
115.92971003,-31.99968722,13.0720
</coordinates>
</LineString>
<LineString>
<tessellate>1</tessellate>
<coordinates>
115.92971500,-31.99969117,13.0445
115.92971600,-31.99969196,13.0377
</coordinates>
</LineString>
<LineString>
<tessellate>1</tessellate>
<coordinates>
115.92971800,-31.99969355,13.0239
115.92972000,-31.99969513,13.0102
</coordinates>
</LineString>
<LineString>
<tessellate>1</tessellate>
<coordinates>
115.92972200,-31.99969672,12.9965
115.92972400,-31.99969830,12.9827
115.92972600,-31.99969989,12.9690
115.92972800,-31.99970147,12.9552
</coordinates>
</LineString>
<LineString>
<tessellate>1</tessellate>
<coordinates>
115.92973300,-31.99970543,12.9209
115.92973400,-31.99970623,12.9140
</coordinates>
</LineString>
<LineString>
<tessellate>1</tessellate>
<coordinates>
115.92973800,-31.99970940,12.8866
115.92974000,-31.99971098,12.8728
115.92974200,-31.99971257,12.8591
</coordinates>
</LineString>
<LineString>
<tessellate>1</tessellate>
<coordinates>
115.92974400,-31.99971415,12.8454
</coordinates>
</LineString>
<LineString>
<tessellate>1</tessellate>
<coordinates>
115.92975200,-31.99972049,12.7904
115.92975400,-31.99972208,12.7767
</coordinates>
</LineString>
<LineString>
<tessellate>1</tessellate>
<coordinates>
115.92976200,-31.99972842,12.7217
</coordinates>
</LineString>
<LineString>
<tessellate>1</tessellate>
<coordinates>
115.92976700,-31.99973238,12.6874
115.92976800,-31.99973317,12.6805
115.92977000,-31.99973475,12.6668
115.92977200,-31.99973634,12.6531
115.92977400,-31.99973792,12.6393
115.92977600,-31.99973951,12.6256
115.92977800,-31.99974109,12.6118
115.92978000,-31.99974268,12.5981
</coordinates>
</LineString>
<LineString>
<tessellate>1</tessellate>
<coordinates>
115.92978200,-31.99974426,12.5844
115.92978400,-31.99974585,12.5706
</coordinates>
</LineString>
<LineString>
<tessellate>1</tessellate>
<coordinates>
115.92979000,-31.99975060,12.5294
115.92979200,-31.99975219,12.5157
115.92979400,-31.99975377,12.5020
115.92979600,-31.99975536,12.4882
115.92979800,-31.99975694,12.4745
115.92980000,-31.99975853,12.4608
</coordinates>
</LineString>
<LineString>
<tessellate>1</tessellate>
<coordinates>
115.92980200,-31.99976011,12.4470
115.92980400,-31.99976170,12.4333
115.92980600,-31.99976328,12.4195
</coordinates>
</LineString>
<LineString>
<tessellate>1</tessellate>
<coordinates>
115.92981200,-31.99976804,12.3783
</coordinates>
</LineString>
<LineString>
<tessellate>1</tessellate>
<coordinates>
115.92981700,-31.99977200,12.3440
115.92981795,-31.99977263,12.3527
</coordinates>
</LineString>
<LineString>
<tessellate>1</tessellate>
<coordinates>
115.92982459,-31.99977703,12.4138
115.92982553,-31.99977766,12.4225
</coordinates>
</LineString>
<LineString>
<tessellate>1</tessellate>
<coordinates>
115.92983028,-31.99978081,12.4661
115.92983122,-31.99978144,12.4749
</coordinates>
</LineString>
<LineString>
<tessellate>1</tessellate>
<coordinates>
115.92983312,-31.99978270,12.4923
115.92983502,-31.99978396,12.5098
</coordinates>
</LineString>
<LineString>
<tessellate>1</tessellate>
<coordinates>
115.92983691,-31.99978522,12.5272
115.92983881,-31.99978647,12.5447
</coordinates>
</LineString>
<LineString>
<tessellate>1</tessellate>
<coordinates>
115.92984071,-31.99978773,12.5621
115.92984260,-31.99978899,12.5796
115.92984450,-31.99979025,12.5970
115.92984640,-31.99979151,12.6144
115.92984829,-31.99979277,12.6319
</coordinates>
</LineString>
<LineString>
<tessellate>1</tessellate>
<coordinates>
115.92985019,-31.99979403,12.6493
115.92985209,-31.99979528,12.6668
</coordinates>
</LineString>
<LineString>
<tessellate>1</tessellate>
<coordinates>
115.92985398,-31.99979654,12.6842
115.92985588,-31.99979780,12.7017
115.92985778,-31.99979906,12.7191
</coordinates>
</LineString>
<LineString>
<tessellate>1</tessellate>
<coordinates>
115.92985967,-31.99980032,12.7366
115.92986157,-31.99980158,12.7540
115.92986347,-31.99980284,12.7715
115.92986536,-31.99980409,12.7889
115.92986726,-31.99980535,12.8064
</coordinates>
</LineString>
<LineString>
<tessellate>1</tessellate>
<coordinates>
115.92986916,-31.99980661,12.8238
115.92987105,-31.99980787,12.8413
115.92987295,-31.99980913,12.8587
</coordinates>
</LineString>
<LineString>
<tessellate>1</tessellate>
<coordinates>
115.92987484,-31.99981039,12.8762
115.92987674,-31.99981165,12.8936
115.92987864,-31.99981291,12.9111
115.92988053,-31.99981416,12.9285
115.92988243,-31.99981542,12.9460
115.92988433,-31.99981668,12.9634
</coordinates>
</LineString>
<LineString>
<tessellate>1</tessellate>
<coordinates>
115.92988622,-31.99981794,12.9809
115.92988812,-31.99981920,12.9983
115.92989002,-31.99982046,13.0158
115.92989191,-31.99982172,13.0332
115.92989381,-31.99982297,13.0507
115.92989571,-31.99982423,13.0681
115.92989760,-31.99982549,13.0856
</coordinates>
</LineString>
<LineString>
<tessellate>1</tessellate>
<coordinates>
115.92990234,-31.99982864,13.1292
115.92990329,-31.99982927,13.1379
115.92990519,-31.99983053,13.1553
115.92990709,-31.99983178,13.1728
115.92990898,-31.99983304,13.1902
115.92991088,-31.99983430,13.2077
115.92991278,-31.99983556,13.2251
115.92991467,-31.99983682,13.2426
115.92991657,-31.99983808,13.2600
</coordinates>
</LineString>
<LineString>
<tessellate>1</tessellate>
<coordinates>
115.92991847,-31.99983934,13.2775
</coordinates>
</LineString>
<LineString>
<tessellate>1</tessellate>
<coordinates>
115.92992321,-31.99984248,13.3211
115.92992416,-31.99984311,13.3298
115.92992605,-31.99984437,13.3473
115.92992802,-31.99984577,13.3520
115.92993006,-31.99984731,13.3440
</coordinates>
</LineString>
<LineString>
<tessellate>1</tessellate>
<coordinates>
115.92993210,-31.99984885,13.3361
115.92993414,-31.99985039,13.3281
115.92993618,-31.99985193,13.3201
115.92993822,-31.99985347,13.3121
115.92994026,-31.99985501,13.3041
115.92994230,-31.99985655,13.2962
115.92994434,-31.99985809,13.2882
</coordinates>
</LineString>
<LineString>
<tessellate>1</tessellate>
<coordinates>
115.92994638,-31.99985963,13.2802
115.92994842,-31.99986117,13.2722
</coordinates>
</LineString>
<LineString>
<tessellate>1</tessellate>
<coordinates>
115.92995352,-31.99986502,13.2523
</coordinates>
</LineString>
<LineString>
<tessellate>1</tessellate>
<coordinates>
115.92995760,-31.99986810,13.2363
115.92995862,-31.99986887,13.2323
115.92996066,-31.99987041,13.2243
</coordinates>
</LineString>
<LineString>
<tessellate>1</tessellate>
<coordinates>
115.92996678,-31.99987503,13.2004
115.92996882,-31.99987657,13.1924
115.92997086,-31.99987811,13.1844
</coordinates>
</LineString>
<LineString>
<tessellate>1</tessellate>
<coordinates>
115.92997290,-31.99987965,13.1765
</coordinates>
</LineString>
<LineString>
<tessellate>1</tessellate>
<coordinates>
115.92997800,-31.99988350,13.1565
115.92997902,-31.99988427,13.1525
115.92998106,-31.99988581,13.1445
</coordinates>
</LineString>
<LineString>
<tessellate>1</tessellate>
<coordinates>
115.92998616,-31.99988966,13.1246
115.92998718,-31.99989043,13.1206
115.92998922,-31.99989197,13.1126
115.92999126,-31.99989351,13.1046
115.92999330,-31.99989505,13.0967
115.92999534,-31.99989659,13.0887
115.92999738,-31.99989813,13.0807
115.92999942,-31.99989967,13.0727
115.93000146,-31.99990121,13.0647
115.93000350,-31.99990275,13.0568
</coordinates>
</LineString>
<LineString>
<tessellate>1</tessellate>
<coordinates>
115.93000860,-31.99990660,13.0368
115.93000962,-31.99990737,13.0328
115.93001166,-31.99990891,13.0248
115.93001370,-31.99991045,13.0169
115.93001574,-31.99991199,13.0089
115.93001778,-31.99991353,13.0009
115.93001982,-31.99991507,12.9929
115.93002186,-31.99991661,12.9849
</coordinates>
</LineString>
<LineString>
<tessellate>1</tessellate>
<coordinates>
115.93002696,-31.99992046,12.9650
115.93002798,-31.99992123,12.9610
115.93003002,-31.99992279,12.9571
115.93003206,-31.99992436,12.9574
115.93003410,-31.99992593,12.9576
115.93003614,-31.99992750,12.9579
115.93003818,-31.99992907,12.9581
115.93004022,-31.99993064,12.9583
115.93004227,-31.99993221,12.9586
115.93004431,-31.99993379,12.9588
</coordinates>
</LineString>
<LineString>
<tessellate>1</tessellate>
<coordinates>
115.93004941,-31.99993771,12.9594
115.93005043,-31.99993850,12.9596
115.93005247,-31.99994007,12.9598
115.93005451,-31.99994164,12.9601
115.93005655,-31.99994321,12.9603
115.93005859,-31.99994479,12.9606
115.93006063,-31.99994636,12.9608
115.93006267,-31.99994793,12.9610
115.93006471,-31.99994950,12.9613
115.93006676,-31.99995107,12.9615
115.93006880,-31.99995264,12.9618
115.93007084,-31.99995421,12.9620
115.93007288,-31.99995579,12.9623
115.93007492,-31.99995736,12.9625
115.93007696,-31.99995893,12.9628
115.93007900,-31.99996050,12.9630
115.93008104,-31.99996207,12.9632
115.93008308,-31.99996364,12.9635
115.93008512,-31.99996521,12.9637
115.93008716,-31.99996679,12.9640
115.93008920,-31.99996836,12.9642
115.93009124,-31.99996993,12.9645
115.93009329,-31.99997150,12.9647
115.93009533,-31.99997307,12.9650
115.93009737,-31.99997464,12.9652
115.93009941,-31.99997621,12.9654
115.93010145,-31.99997779,12.9657
115.93010349,-31.99997936,12.9659
115.93010553,-31.99998093,12.9662
</coordinates>
</LineString>
<LineString>
<tessellate>1</tessellate>
<coordinates>
115.93011165,-31.99998564,12.9669
115.93011369,-31.99998721,12.9672
115.93011573,-31.99998879,12.9674
115.93011778,-31.99999036,12.9677
115.93011982,-31.99999193,12.9679
115.93012186,-31.99999350,12.9681
115.93012390,-31.99999507,12.9684
115.93012594,-31.99999664,12.9686
115.93012798,-31.99999821,12.9689
115.93012997,-31.99999975,12.9784
115.93013192,-32.00000126,12.9972
115.93013386,-32.00000277,13.0159
115.93013580,-32.00000428,13.0347
115.93013775,-32.00000579,13.0535
115.93013969,-32.00000730,13.0723
115.93014163,-32.00000881,13.0910
115.93014358,-32.00001032,13.1098
115.93014552,-32.00001183,13.1286
115.93014746,-32.00001334,13.1473
115.93014941,-32.00001485,13.1661
115.93015135,-32.00001636,13.1849
115.93015329,-32.00001787,13.2037
115.93015524,-32.00001938,13.2224
115.93015718,-32.00002089,13.2412
115.93015912,-32.00002240,13.2600
115.93016107,-32.00002391,13.2788
115.93016301,-32.00002542,13.2975
</coordinates>
</LineString>
<LineString>
<tessellate>1</tessellate>
<coordinates>
115.93016787,-32.00002919,13.3445
115.93016884,-32.00002994,13.3539
115.93017078,-32.00003145,13.3726
115.93017273,-32.00003296,13.3914
115.93017467,-32.00003447,13.4102
115.93017661,-32.00003598,13.4290
115.93017856,-32.00003749,13.4477
115.93018050,-32.00003900,13.4665
115.93018244,-32.00004051,13.4853
115.93018439,-32.00004202,13.5040
115.93018633,-32.00004353,13.5228
115.93018827,-32.00004504,13.5416
115.93019022,-32.00004655,13.5604
115.93019216,-32.00004806,13.5791
115.93019410,-32.00004957,13.5979
115.93019605,-32.00005108,13.6167
115.93019799,-32.00005258,13.6355
115.93019993,-32.00005409,13.6542
115.93020188,-32.00005560,13.6730
</coordinates>
</LineString>
<LineString>
<tessellate>1</tessellate>
<coordinates>
115.93020674,-32.00005938,13.7199
115.93020771,-32.00006013,13.7293
</coordinates>
</LineString>
<LineString>
<tessellate>1</tessellate>
<coordinates>
115.93021257,-32.00006391,13.7763
115.93021354,-32.00006466,13.7857
115.93021548,-32.00006617,13.8044
115.93021742,-32.00006768,13.8232
115.93021937,-32.00006919,13.8420
115.93022131,-32.00007070,13.8607
115.93022325,-32.00007221,13.8795
115.93022520,-32.00007372,13.8983
115.93022714,-32.00007523,13.9171
115.93022908,-32.00007674,13.9358
115.93023103,-32.00007825,13.9546
115.93023292,-32.00007976,13.9605
115.93023476,-32.00008129,13.9534
115.93023661,-32.00008282,13.9463
115.93023845,-32.00008435,13.9392
115.93024029,-32.00008588,13.9321
115.93024214,-32.00008741,13.9250
115.93024398,-32.00008894,13.9179
115.93024582,-32.00009047,13.9108
115.93024767,-32.00009200,13.9037
115.93024951,-32.00009353,13.8966
115.93025135,-32.00009506,13.8895
115.93025320,-32.00009659,13.8824
115.93025504,-32.00009812,13.8753
115.93025688,-32.00009965,13.8682
115.93025873,-32.00010118,13.8611
115.93026057,-32.00010271,13.8540
115.93026241,-32.00010424,13.8469
115.93026425,-32.00010576,13.8398
115.93026610,-32.00010729,13.8327
115.93026794,-32.00010882,13.8256
115.93026978,-32.00011035,13.8185
</coordinates>
</LineString>
<LineString>
<tessellate>1</tessellate>
<coordinates>
115.93027439,-32.00011418,13.8007
115.93027531,-32.00011494,13.7972
115.93027716,-32.00011647,13.7901
115.93027900,-32.00011800,13.7830
115.93028084,-32.00011953,13.7759
115.93028269,-32.00012106,13.7688
115.93028453,-32.00012259,13.7617
115.93028637,-32.00012412,13.7546
115.93028822,-32.00012565,13.7475
115.93029006,-32.00012718,13.7404
115.93029190,-32.00012871,13.7333
115.93029375,-32.00013024,13.7262
115.93029559,-32.00013176,13.7191
115.93029743,-32.00013329,13.7120
115.93029927,-32.00013482,13.7049
115.93030112,-32.00013635,13.6978
115.93030296,-32.00013788,13.6907
115.93030480,-32.00013941,13.6836
115.93030665,-32.00014094,13.6765
</coordinates>
</LineString>
<LineString>
<tessellate>1</tessellate>
<coordinates>
115.93031125,-32.00014476,13.6588
115.93031218,-32.00014553,13.6552
</coordinates>
</LineString>
<LineString>
<tessellate>1</tessellate>
<coordinates>
115.93031678,-32.00014935,13.6375
115.93031771,-32.00015012,13.6339
115.93031955,-32.00015165,13.6268
115.93032139,-32.00015318,13.6197
115.93032324,-32.00015471,13.6126
115.93032508,-32.00015624,13.6055
115.93032701,-32.00015776,13.5999
115.93032903,-32.00015928,13.5956
115.93033105,-32.00016080,13.5913
115.93033307,-32.00016232,13.5870
115.93033509,-32.00016384,13.5827
115.93033711,-32.00016536,13.5784
115.93033914,-32.00016689,13.5741
115.93034116,-32.00016841,13.5698
115.93034318,-32.00016993,13.5655
115.93034520,-32.00017145,13.5612
115.93034722,-32.00017297,13.5569
115.93034924,-32.00017449,13.5526
115.93035126,-32.00017601,13.5484
115.93035328,-32.00017753,13.5441
115.93035530,-32.00017905,13.5398
115.93035732,-32.00018057,13.5355
115.93035934,-32.00018209,13.5312
115.93036136,-32.00018361,13.5269
115.93036339,-32.00018514,13.5226
115.93036541,-32.00018666,13.5183
115.93036743,-32.00018818,13.5140
115.93036945,-32.00018970,13.5097
115.93037147,-32.00019122,13.5054
115.93037349,-32.00019274,13.5011
115.93037551,-32.00019426,13.4969
115.93037753,-32.00019578,13.4926
115.93037955,-32.00019730,13.4883
115.93038157,-32.00019882,13.4840
115.93038359,-32.00020034,13.4797
115.93038561,-32.00020186,13.4754
115.93038764,-32.00020339,13.4711
115.93038966,-32.00020491,13.4668
115.93039168,-32.00020643,13.4625
115.93039370,-32.00020795,13.4582
115.93039572,-32.00020947,13.4539
115.93039774,-32.00021099,13.4496
115.93039976,-32.00021251,13.4454
115.93040178,-32.00021403,13.4411
115.93040380,-32.00021555,13.4368
115.93040582,-32.00021707,13.4325
115.93040784,-32.00021859,13.4282
115.93040986,-32.00022011,13.4239
115.93041189,-32.00022164,13.4196
115.93041391,-32.00022316,13.4153
115.93041593,-32.00022468,13.4110
115.93041795,-32.00022620,13.4067
115.93041997,-32.00022772,13.4024
115.93042199,-32.00022924,13.3981
115.93042402,-32.00023076,13.3935
115.93042606,-32.00023228,13.3884
115.93042810,-32.00023380,13.3833
115.93043015,-32.00023532,13.3782
115.93043219,-32.00023684,13.3731
115.93043423,-32.00023836,13.3680
115.93043627,-32.00023989,13.3630
115.93043831,-32.00024141,13.3579
115.93044035,-32.00024293,13.3528
115.93044240,-32.00024445,13.3477
115.93044444,-32.00024597,13.3426
115.93044648,-32.00024749,13.3375
115.93044852,-32.00024901,13.3325
115.93045056,-32.00025053,13.3274
115.93045260,-32.00025205,13.3223
115.93045465,-32.00025357,13.3172
115.93045669,-32.00025509,13.3121
115.93045873,-32.00025661,13.3070
115.93046077,-32.00025814,13.3020
115.93046281,-32.00025966,13.2969
115.93046485,-32.00026118,13.2918
115.93046690,-32.00026270,13.2867
115.93046894,-32.00026422,13.2816
115.93047098,-32.00026574,13.2765
115.93047302,-32.00026726,13.2715
115.93047506,-32.00026878,13.2664
115.93047710,-32.00027030,13.2613
115.93047915,-32.00027182,13.2562
115.93048119,-32.00027334,13.2511
115.93048323,-32.00027486,13.2460
115.93048527,-32.00027639,13.2410
115.93048731,-32.00027791,13.2359
115.93048935,-32.00027943,13.2308
115.93049140,-32.00028095,13.2257
115.93049344,-32.00028247,13.2206
115.93049548,-32.00028399,13.2155
115.93049752,-32.00028551,13.2105
115.93049956,-32.00028703,13.2054
115.93050160,-32.00028855,13.2003
115.93050365,-32.00029007,13.1952
115.93050569,-32.00029159,13.1901
115.93050773,-32.00029311,13.1850
115.93050977,-32.00029464,13.1800
115.93051181,-32.00029616,13.1749
115.93051385,-32.00029768,13.1698
115.93051590,-32.00029920,13.1647
115.93051794,-32.00030072,13.1596
115.93051998,-32.00030224,13.1545
115.93052194,-32.00030374,13.1512
115.93052383,-32.00030522,13.1495
115.93052571,-32.00030670,13.1479
</coordinates>
</LineString>
<LineString>
<tessellate>1</tessellate>
<coordinates>
115.93052760,-32.00030818,13.1462
115.93052948,-32.00030966,13.1446
115.93053137,-32.00031114,13.1429
115.93053325,-32.00031262,13.1412
115.93053513,-32.00031411,13.1396
115.93053702,-32.00031559,13.1379
</coordinates>
</LineString>
<LineString>
<tessellate>1</tessellate>
<coordinates>
115.93053890,-32.00031707,13.1363
115.93054079,-32.00031855,13.1346
115.93054267,-32.00032003,13.1330
</coordinates>
</LineString>
<LineString>
<tessellate>1</tessellate>
<coordinates>
115.93054456,-32.00032151,13.1313
115.93054644,-32.00032299,13.1297
115.93054833,-32.00032447,13.1280
115.93055021,-32.00032595,13.1264
115.93055210,-32.00032743,13.1247
115.93055398,-32.00032891,13.1231
115.93055587,-32.00033039,13.1214
115.93055775,-32.00033188,13.1198
115.93055963,-32.00033336,13.1181
115.93056152,-32.00033484,13.1164
115.93056340,-32.00033632,13.1148
115.93056529,-32.00033780,13.1131
115.93056717,-32.00033928,13.1115
115.93056906,-32.00034076,13.1098
115.93057094,-32.00034224,13.1082
115.93057283,-32.00034372,13.1065
115.93057471,-32.00034520,13.1049
115.93057660,-32.00034668,13.1032
115.93057848,-32.00034816,13.1016
115.93058037,-32.00034964,13.0999
115.93058225,-32.00035113,13.0983
115.93058413,-32.00035261,13.0966
115.93058602,-32.00035409,13.0949
115.93058790,-32.00035557,13.0933
115.93058979,-32.00035705,13.0916
115.93059167,-32.00035853,13.0900
115.93059356,-32.00036001,13.0883
</coordinates>
</LineString>
<LineString>
<tessellate>1</tessellate>
<coordinates>
115.93059544,-32.00036149,13.0867
115.93059733,-32.00036297,13.0850
115.93059921,-32.00036445,13.0834
115.93060110,-32.00036593,13.0817
115.93060298,-32.00036741,13.0801
115.93060487,-32.00036889,13.0784
115.93060675,-32.00037038,13.0768
</coordinates>
</LineString>
<LineString>
<tessellate>1</tessellate>
<coordinates>
115.93060863,-32.00037186,13.0751
115.93061052,-32.00037334,13.0734
115.93061240,-32.00037482,13.0718
115.93061429,-32.00037630,13.0701
</coordinates>
</LineString>
<LineString>
<tessellate>1</tessellate>
<coordinates>
115.93061806,-32.00037926,13.0668
115.93061996,-32.00038074,13.0651
</coordinates>
</LineString>
<LineString>
<tessellate>1</tessellate>
<coordinates>
115.93062188,-32.00038222,13.0634
115.93062381,-32.00038370,13.0616
115.93062573,-32.00038518,13.0599
115.93062765,-32.00038666,13.0581
115.93062958,-32.00038814,13.0564
115.93063150,-32.00038962,13.0546
115.93063342,-32.00039111,13.0529
115.93063535,-32.00039259,13.0511
115.93063727,-32.00039407,13.0494
</coordinates>
</LineString>
<LineString>
<tessellate>1</tessellate>
<coordinates>
115.93064112,-32.00039703,13.0459
115.93064304,-32.00039851,13.0441
115.93064496,-32.00039999,13.0424
115.93064688,-32.00040147,13.0406
115.93064881,-32.00040295,13.0389
115.93065073,-32.00040443,13.0371
115.93065265,-32.00040591,13.0354
115.93065458,-32.00040739,13.0336
115.93065650,-32.00040888,13.0319
115.93065842,-32.00041036,13.0301
115.93066035,-32.00041184,13.0284
115.93066227,-32.00041332,13.0266
115.93066419,-32.00041480,13.0249
</coordinates>
</LineString>
<LineString>
<tessellate>1</tessellate>
<coordinates>
115.93066612,-32.00041628,13.0231
115.93066804,-32.00041776,13.0214
115.93066996,-32.00041924,13.0196
115.93067188,-32.00042072,13.0179
115.93067381,-32.00042220,13.0161
115.93067573,-32.00042368,13.0144
115.93067765,-32.00042516,13.0126
115.93067958,-32.00042664,13.0109
</coordinates>
</LineString>
<LineString>
<tessellate>1</tessellate>
<coordinates>
115.93068150,-32.00042812,13.0091
115.93068342,-32.00042961,13.0074
115.93068535,-32.00043109,13.0056
115.93068727,-32.00043257,13.0039
115.93068919,-32.00043405,13.0021
</coordinates>
</LineString>
<LineString>
<tessellate>1</tessellate>
<coordinates>
115.93069112,-32.00043553,13.0004
115.93069304,-32.00043701,12.9986
115.93069496,-32.00043849,12.9969
</coordinates>
</LineString>
<LineString>
<tessellate>1</tessellate>
<coordinates>
115.93069977,-32.00044219,12.9925
115.93070073,-32.00044293,12.9916
</coordinates>
</LineString>
<LineString>
<tessellate>1</tessellate>
<coordinates>
115.93070265,-32.00044441,12.9899
115.93070458,-32.00044589,12.9881
</coordinates>
</LineString>
<LineString>
<tessellate>1</tessellate>
<coordinates>
115.93070842,-32.00044886,12.9846
115.93071035,-32.00045034,12.9829
115.93071227,-32.00045182,12.9811
115.93071419,-32.00045330,12.9794
115.93071612,-32.00045478,12.9776
115.93071804,-32.00045626,12.9759
115.93072002,-32.00045780,12.9744
115.93072206,-32.00045939,12.9731
115.93072410,-32.00046098,12.9719
115.93072614,-32.00046257,12.9706
115.93072818,-32.00046416,12.9694
115.93073022,-32.00046576,12.9682
115.93073227,-32.00046735,12.9669
115.93073431,-32.00046894,12.9657
115.93073635,-32.00047053,12.9644
115.93073839,-32.00047212,12.9632
115.93074043,-32.00047371,12.9619
115.93074247,-32.00047531,12.9607
115.93074451,-32.00047690,12.9594
115.93074655,-32.00047849,12.9582
115.93074859,-32.00048008,12.9569
115.93075063,-32.00048167,12.9557
</coordinates>
</LineString>
<LineString>
<tessellate>1</tessellate>
<coordinates>
115.93075267,-32.00048327,12.9545
115.93075471,-32.00048486,12.9532
115.93075676,-32.00048645,12.9520
</coordinates>
</LineString>
<LineString>
<tessellate>1</tessellate>
<coordinates>
115.93076186,-32.00049043,12.9489
115.93076288,-32.00049122,12.9482
115.93076492,-32.00049282,12.9470
115.93076696,-32.00049441,12.9457
115.93076900,-32.00049600,12.9445
115.93077104,-32.00049759,12.9433
115.93077308,-32.00049918,12.9420
115.93077512,-32.00050078,12.9408
115.93077716,-32.00050237,12.9395
115.93077920,-32.00050396,12.9383
115.93078124,-32.00050555,12.9370
115.93078329,-32.00050714,12.9358
115.93078533,-32.00050873,12.9345
</coordinates>
</LineString>
<LineString>
<tessellate>1</tessellate>
<coordinates>
115.93079043,-32.00051271,12.9314
115.93079145,-32.00051351,12.9308
115.93079349,-32.00051510,12.9296
115.93079553,-32.00051669,12.9283
115.93079757,-32.00051829,12.9271
115.93079961,-32.00051988,12.9258
115.93080165,-32.00052147,12.9246
</coordinates>
</LineString>
<LineString>
<tessellate>1</tessellate>
<coordinates>
115.93080369,-32.00052306,12.9233
115.93080573,-32.00052465,12.9221
115.93080778,-32.00052624,12.9208
115.93080982,-32.00052784,12.9196
</coordinates>
</LineString>
<LineString>
<tessellate>1</tessellate>
<coordinates>
115.93081186,-32.00052943,12.9184
115.93081390,-32.00053102,12.9171
115.93081594,-32.00053261,12.9159
115.93081798,-32.00053420,12.9146
115.93082002,-32.00053576,12.9256
115.93082206,-32.00053729,12.9487
115.93082410,-32.00053882,12.9718
115.93082614,-32.00054035,12.9950
115.93082818,-32.00054188,13.0181
115.93083022,-32.00054341,13.0413
115.93083225,-32.00054494,13.0644
115.93083429,-32.00054647,13.0875
115.93083633,-32.00054800,13.1107
115.93083837,-32.00054953,13.1338
115.93084041,-32.00055106,13.1569
115.93084245,-32.00055259,13.1801
115.93084449,-32.00055412,13.2032
115.93084653,-32.00055565,13.2264
115.93084857,-32.00055718,13.2495
115.93085061,-32.00055871,13.2726
115.93085265,-32.00056024,13.2958
115.93085469,-32.00056176,13.3189
115.93085673,-32.00056329,13.3420
115.93085876,-32.00056482,13.3652
115.93086080,-32.00056635,13.3883
115.93086284,-32.00056788,13.4115
115.93086488,-32.00056941,13.4346
115.93086692,-32.00057094,13.4577
115.93086896,-32.00057247,13.4809
115.93087100,-32.00057400,13.5040
115.93087304,-32.00057553,13.5271
115.93087508,-32.00057706,13.5503
115.93087712,-32.00057859,13.5734
115.93087916,-32.00058012,13.5965
115.93088120,-32.00058165,13.6197
115.93088324,-32.00058318,13.6428
115.93088527,-32.00058471,13.6660
115.93088731,-32.00058624,13.6891
115.93088935,-32.00058776,13.7122
115.93089139,-32.00058929,13.7354
115.93089343,-32.00059082,13.7585
115.93089547,-32.00059235,13.7816
115.93089751,-32.00059388,13.8048
115.93089955,-32.00059541,13.8279
115.93090159,-32.00059694,13.8511
115.93090363,-32.00059847,13.8742
115.93090567,-32.00060000,13.8973
115.93090771,-32.00060153,13.9205
115.93090975,-32.00060306,13.9436
115.93091178,-32.00060459,13.9667
115.93091382,-32.00060612,13.9899
115.93091586,-32.00060765,14.0130
115.93091790,-32.00060918,14.0362
115.93091994,-32.00061071,14.0593
115.93092198,-32.00061224,14.0824
115.93092392,-32.00061372,14.0904
115.93092575,-32.00061515,14.0831
</coordinates>
</LineString>
<LineString>
<tessellate>1</tessellate>
<coordinates>
115.93092759,-32.00061659,14.0758
115.93092943,-32.00061803,14.0685
115.93093126,-32.00061946,14.0613
115.93093310,-32.00062090,14.0540
115.93093494,-32.00062234,14.0467
115.93093677,-32.00062377,14.0395
115.93093861,-32.00062521,14.0322
115.93094045,-32.00062665,14.0249
115.93094228,-32.00062808,14.0176
115.93094412,-32.00062952,14.0104
115.93094595,-32.00063095,14.0031
115.93094779,-32.00063239,13.9958
115.93094963,-32.00063383,13.9885
115.93095146,-32.00063526,13.9813
115.93095330,-32.00063670,13.9740
115.93095514,-32.00063814,13.9667
115.93095697,-32.00063957,13.9595
115.93095881,-32.00064101,13.9522
115.93096065,-32.00064245,13.9449
115.93096248,-32.00064388,13.9376
115.93096432,-32.00064532,13.9304
115.93096615,-32.00064675,13.9231
115.93096799,-32.00064819,13.9158
115.93096983,-32.00064963,13.9085
115.93097166,-32.00065106,13.9013
115.93097350,-32.00065250,13.8940
115.93097534,-32.00065394,13.8867
115.93097717,-32.00065537,13.8795
115.93097901,-32.00065681,13.8722
115.93098085,-32.00065825,13.8649
115.93098268,-32.00065968,13.8576
115.93098452,-32.00066112,13.8504
115.93098635,-32.00066255,13.8431
115.93098819,-32.00066399,13.8358
115.93099003,-32.00066543,13.8285
115.93099186,-32.00066686,13.8213
115.93099370,-32.00066830,13.8140
115.93099554,-32.00066974,13.8067
115.93099737,-32.00067117,13.7995
115.93099921,-32.00067261,13.7922
115.93100105,-32.00067405,13.7849
115.93100288,-32.00067548,13.7776
115.93100472,-32.00067692,13.7704
115.93100655,-32.00067835,13.7631
115.93100839,-32.00067979,13.7558
115.93101023,-32.00068123,13.7485
115.93101206,-32.00068266,13.7413
115.93101390,-32.00068410,13.7340
115.93101574,-32.00068554,13.7267
115.93101757,-32.00068697,13.7195
115.93101941,-32.00068841,13.7122
115.93102125,-32.00068985,13.7049
115.93102308,-32.00069128,13.6976
115.93102504,-32.00069275,13.6998
115.93102712,-32.00069425,13.7115
115.93102920,-32.00069575,13.7232
115.93103128,-32.00069725,13.7349
115.93103336,-32.00069875,13.7466
115.93103544,-32.00070025,13.7582
115.93103752,-32.00070175,13.7699
115.93103960,-32.00070325,13.7816
115.93104168,-32.00070475,13.7933
115.93104376,-32.00070625,13.8050
115.93104584,-32.00070775,13.8166
115.93104792,-32.00070925,13.8283
115.93105000,-32.00071075,13.8400
115.93105208,-32.00071225,13.8517
115.93105416,-32.00071375,13.8634
115.93105624,-32.00071525,13.8750
115.93105832,-32.00071675,13.8867
115.93106040,-32.00071825,13.8984
115.93106248,-32.00071975,13.9101
115.93106456,-32.00072125,13.9218
115.93106664,-32.00072275,13.9334
</coordinates>
</LineString>
<LineString>
<tessellate>1</tessellate>
<coordinates>
115.93107392,-32.00072800,13.9743
115.93107496,-32.00072875,13.9802
</coordinates>
</LineString>
<LineString>
<tessellate>1</tessellate>
<coordinates>
115.93108224,-32.00073400,14.0210
</coordinates>
</LineString>
<LineString>
<tessellate>1</tessellate>
<coordinates>
115.93110304,-32.00074900,14.1378
115.93110408,-32.00074975,14.1437
115.93110616,-32.00075125,14.1554
115.93110824,-32.00075275,14.1670
</coordinates>
</LineString>
<LineString>
<tessellate>1</tessellate>
<coordinates>
115.93117171,-32.00079914,14.4970
115.93117276,-32.00079991,14.5022
</coordinates>
</LineString>
<LineString>
<tessellate>1</tessellate>
<coordinates>
115.93126544,-32.00087013,14.5924
115.93126637,-32.00087088,14.5873
115.93126824,-32.00087236,14.5769
115.93127011,-32.00087384,14.5666
115.93127197,-32.00087532,14.5562
115.93127384,-32.00087680,14.5459
</coordinates>
</LineString>
<LineString>
<tessellate>1</tessellate>
<coordinates>
115.93127850,-32.00088050,14.5200
</coordinates>
</LineString>
<LineString>
<tessellate>1</tessellate>
<coordinates>
115.93128223,-32.00088346,14.4993
115.93128316,-32.00088420,14.4941
</coordinates>
</LineString>
<LineString>
<tessellate>1</tessellate>
<coordinates>
115.93128783,-32.00088790,14.4683
</coordinates>
</LineString>
<LineString>
<tessellate>1</tessellate>
<coordinates>
115.93129156,-32.00089087,14.4476
115.93129249,-32.00089161,14.4424
115.93129436,-32.00089309,14.4321
115.93129622,-32.00089457,14.4217
115.93129809,-32.00089605,14.4114
115.93129995,-32.00089753,14.4010
115.93130182,-32.00089901,14.3907
115.93130368,-32.00090049,14.3803
115.93130555,-32.00090197,14.3700
115.93130741,-32.00090345,14.3596
115.93130928,-32.00090493,14.3493
115.93131114,-32.00090641,14.3389
115.93131301,-32.00090789,14.3286
115.93131488,-32.00090938,14.3182
115.93131674,-32.00091086,14.3079
115.93131861,-32.00091234,14.2976
115.93132047,-32.00091382,14.2872
115.93132234,-32.00091530,14.2769
115.93132420,-32.00091678,14.2665
115.93132607,-32.00091826,14.2562
115.93132793,-32.00091974,14.2482
115.93132980,-32.00092122,14.2427
115.93133166,-32.00092270,14.2371
115.93133353,-32.00092418,14.2315
115.93133539,-32.00092566,14.2260
115.93133726,-32.00092714,14.2204
115.93133912,-32.00092863,14.2149
115.93134099,-32.00093011,14.2093
115.93134286,-32.00093159,14.2038
115.93134472,-32.00093307,14.1982
115.93134659,-32.00093455,14.1926
115.93134845,-32.00093603,14.1871
115.93135032,-32.00093751,14.1815
115.93135218,-32.00093899,14.1760
115.93135405,-32.00094047,14.1704
115.93135591,-32.00094195,14.1649
115.93135778,-32.00094343,14.1593
115.93135964,-32.00094491,14.1537
115.93136151,-32.00094639,14.1482
115.93136338,-32.00094788,14.1426
115.93136524,-32.00094936,14.1371
115.93136711,-32.00095084,14.1315
115.93136897,-32.00095232,14.1260
115.93137084,-32.00095380,14.1204
115.93137270,-32.00095528,14.1148
115.93137457,-32.00095676,14.1093
115.93137643,-32.00095824,14.1037
115.93137830,-32.00095972,14.0982
115.93138016,-32.00096120,14.0926
115.93138203,-32.00096268,14.0870
115.93138389,-32.00096416,14.0815
115.93138576,-32.00096564,14.0759
115.93138763,-32.00096713,14.0704
115.93138949,-32.00096861,14.0648
115.93139136,-32.00097009,14.0593
115.93139322,-32.00097157,14.0537
115.93139509,-32.00097305,14.0481
115.93139695,-32.00097453,14.0426
115.93139882,-32.00097601,14.0370
115.93140068,-32.00097749,14.0315
115.93140255,-32.00097897,14.0259
115.93140441,-32.00098045,14.0204
115.93140628,-32.00098193,14.0148
115.93140814,-32.00098341,14.0092
115.93141001,-32.00098489,14.0037
115.93141188,-32.00098637,13.9981
115.93141374,-32.00098786,13.9926
115.93141561,-32.00098934,13.9870
115.93141747,-32.00099082,13.9815
115.93141934,-32.00099230,13.9759
115.93142120,-32.00099378,13.9703
115.93142307,-32.00099526,13.9648
115.93142500,-32.00099679,13.9605
115.93142700,-32.00099836,13.9574
115.93142900,-32.00099993,13.9543
115.93143100,-32.00100150,13.9512
115.93143300,-32.00100307,13.9481
115.93143500,-32.00100464,13.9451
115.93143700,-32.00100621,13.9420
115.93143900,-32.00100779,13.9389
115.93144100,-32.00100936,13.9358
115.93144300,-32.00101093,13.9327
115.93144500,-32.00101250,13.9296
115.93144700,-32.00101407,13.9266
115.93144900,-32.00101564,13.9235
115.93145100,-32.00101721,13.9204
115.93145300,-32.00101879,13.9173
115.93145500,-32.00102036,13.9142
115.93145700,-32.00102193,13.9112
115.93145900,-32.00102350,13.9081
115.93146100,-32.00102507,13.9050
115.93146300,-32.00102664,13.9019
115.93146500,-32.00102821,13.8988
115.93146700,-32.00102979,13.8957
115.93146900,-32.00103136,13.8927
115.93147100,-32.00103293,13.8896
115.93147300,-32.00103450,13.8865
115.93147500,-32.00103607,13.8834
115.93147700,-32.00103764,13.8803
115.93147900,-32.00103921,13.8773
115.93148100,-32.00104079,13.8742
115.93148300,-32.00104236,13.8711
115.93148500,-32.00104393,13.8680
115.93148700,-32.00104550,13.8649
115.93148900,-32.00104707,13.8618
115.93149100,-32.00104864,13.8588
115.93149300,-32.00105021,13.8557
115.93149500,-32.00105179,13.8526
115.93149700,-32.00105336,13.8495
115.93149900,-32.00105493,13.8464
115.93150100,-32.00105650,13.8434
115.93150300,-32.00105807,13.8403
115.93150500,-32.00105964,13.8372
115.93150700,-32.00106121,13.8341
115.93150900,-32.00106279,13.8310
115.93151100,-32.00106436,13.8279
115.93151300,-32.00106593,13.8249
115.93151500,-32.00106750,13.8218
115.93151700,-32.00106907,13.8187
115.93151900,-32.00107064,13.8156
115.93152100,-32.00107221,13.8125
115.93152301,-32.00107380,13.8104
115.93152503,-32.00107541,13.8092
115.93152705,-32.00107701,13.8079
115.93152907,-32.00107861,13.8067
115.93153109,-32.00108022,13.8055
115.93153311,-32.00108182,13.8042
115.93153514,-32.00108343,13.8030
115.93153716,-32.00108503,13.8018
115.93153918,-32.00108664,13.8006
115.93154120,-32.00108824,13.7993
115.93154322,-32.00108984,13.7981
115.93154524,-32.00109145,13.7969
115.93154726,-32.00109305,13.7956
115.93154928,-32.00109466,13.7944
115.93155130,-32.00109626,13.7932
115.93155332,-32.00109786,13.7919
115.93155534,-32.00109947,13.7907
115.93155736,-32.00110107,13.7895
115.93155939,-32.00110268,13.7883
115.93156141,-32.00110428,13.7870
115.93156343,-32.00110589,13.7858
115.93156545,-32.00110749,13.7846
115.93156747,-32.00110909,13.7833
115.93156949,-32.00111070,13.7821
115.93157151,-32.00111230,13.7809
115.93157353,-32.00111391,13.7797
115.93157555,-32.00111551,13.7784
115.93157757,-32.00111711,13.7772
115.93157959,-32.00111872,13.7760
115.93158161,-32.00112032,13.7747
115.93158364,-32.00112193,13.7735
115.93158566,-32.00112353,13.7723
115.93158768,-32.00112514,13.7711
115.93158970,-32.00112674,13.7698
115.93159172,-32.00112834,13.7686
115.93159374,-32.00112995,13.7674
115.93159576,-32.00113155,13.7661
115.93159778,-32.00113316,13.7649
115.93159980,-32.00113476,13.7637
115.93160182,-32.00113636,13.7624
115.93160384,-32.00113797,13.7612
115.93160586,-32.00113957,13.7600
115.93160789,-32.00114118,13.7588
115.93160991,-32.00114278,13.7575
115.93161193,-32.00114439,13.7563
115.93161395,-32.00114599,13.7551
115.93161597,-32.00114759,13.7538
115.93161799,-32.00114920,13.7526
115.93161997,-32.00115072,13.7595
115.93162191,-32.00115216,13.7745
115.93162386,-32.00115361,13.7895
115.93162580,-32.00115505,13.8044
115.93162774,-32.00115649,13.8194
115.93162968,-32.00115793,13.8344
115.93163162,-32.00115938,13.8494
115.93163357,-32.00116082,13.8644
115.93163551,-32.00116226,13.8793
115.93163745,-32.00116370,13.8943
115.93163939,-32.00116514,13.9093
115.93164134,-32.00116659,13.9243
115.93164328,-32.00116803,13.9393
115.93164522,-32.00116947,13.9542
115.93164716,-32.00117091,13.9692
115.93164911,-32.00117236,13.9842
115.93165105,-32.00117380,13.9992
115.93165299,-32.00117524,14.0142
115.93165493,-32.00117668,14.0291
115.93165688,-32.00117813,14.0441
115.93165882,-32.00117957,14.0591
115.93166076,-32.00118101,14.0741
115.93166270,-32.00118245,14.0891
115.93166464,-32.00118389,14.1040
115.93166659,-32.00118534,14.1190
115.93166853,-32.00118678,14.1340
115.93167047,-32.00118822,14.1490
115.93167241,-32.00118966,14.1640
115.93167436,-32.00119111,14.1790
115.93167630,-32.00119255,14.1939
115.93167824,-32.00119399,14.2089
115.93168018,-32.00119543,14.2239
115.93168212,-32.00119687,14.2389
115.93168407,-32.00119832,14.2539
115.93168601,-32.00119976,14.2688
115.93168795,-32.00120120,14.2838
115.93168989,-32.00120264,14.2988
115.93169184,-32.00120409,14.3138
115.93169378,-32.00120553,14.3288
115.93169572,-32.00120697,14.3437
115.93169766,-32.00120841,14.3587
115.93169961,-32.00120986,14.3737
115.93170155,-32.00121130,14.3887
115.93170349,-32.00121274,14.4037
115.93170543,-32.00121418,14.4186
115.93170738,-32.00121563,14.4336
115.93170932,-32.00121707,14.4486
115.93171126,-32.00121851,14.4636
115.93171320,-32.00121995,14.4786
115.93171514,-32.00122139,14.4935
115.93171709,-32.00122284,14.5085
115.93171903,-32.00122428,14.5235
115.93172096,-32.00122573,14.5351
115.93172288,-32.00122719,14.5432
115.93172481,-32.00122865,14.5513
115.93172673,-32.00123012,14.5595
115.93172865,-32.00123158,14.5676
115.93173058,-32.00123304,14.5757
115.93173250,-32.00123450,14.5839
115.93173442,-32.00123596,14.5920
115.93173635,-32.00123742,14.6001
115.93173827,-32.00123888,14.6083
115.93174019,-32.00124035,14.6164
115.93174212,-32.00124181,14.6245
115.93174404,-32.00124327,14.6327
115.93174596,-32.00124473,14.6408
115.93174788,-32.00124619,14.6490
115.93174981,-32.00124765,14.6571
115.93175173,-32.00124912,14.6652
115.93175365,-32.00125058,14.6734
115.93175558,-32.00125204,14.6815
115.93175750,-32.00125350,14.6896
115.93175942,-32.00125496,14.6978
115.93176135,-32.00125642,14.7059
115.93176327,-32.00125788,14.7140
115.93176519,-32.00125935,14.7222
115.93176712,-32.00126081,14.7303
115.93176904,-32.00126227,14.7384
115.93177096,-32.00126373,14.7466
115.93177288,-32.00126519,14.7547
115.93177481,-32.00126665,14.7628
115.93177673,-32.00126812,14.7710
115.93177865,-32.00126958,14.7791
</coordinates>
</LineString>
<LineString>
<tessellate>1</tessellate>
<coordinates>
115.93178346,-32.00127323,14.7994
115.93178442,-32.00127396,14.8035
115.93178635,-32.00127542,14.8116
115.93178827,-32.00127688,14.8198
115.93179019,-32.00127835,14.8279
115.93179212,-32.00127981,14.8360
115.93179404,-32.00128127,14.8442
115.93179596,-32.00128273,14.8523
115.93179788,-32.00128419,14.8605
115.93179981,-32.00128565,14.8686
115.93180173,-32.00128712,14.8767
115.93180365,-32.00128858,14.8849
115.93180558,-32.00129004,14.8930
115.93180750,-32.00129150,14.9011
115.93180942,-32.00129296,14.9093
115.93181135,-32.00129442,14.9174
115.93181327,-32.00129588,14.9255
115.93181519,-32.00129735,14.9337
115.93181712,-32.00129881,14.9418
115.93181904,-32.00130027,14.9499
115.93182105,-32.00130179,14.9552
115.93182316,-32.00130338,14.9575
115.93182526,-32.00130496,14.9599
115.93182736,-32.00130654,14.9622
</coordinates>
</LineString>
<LineString>
<tessellate>1</tessellate>
<coordinates>
115.93183263,-32.00131050,14.9681
115.93183368,-32.00131129,14.9693
115.93183578,-32.00131287,14.9717
115.93183789,-32.00131446,14.9740
</coordinates>
</LineString>
<LineString>
<tessellate>1</tessellate>
<coordinates>
115.93184315,-32.00131842,14.9799
115.93184420,-32.00131921,14.9811
115.93184630,-32.00132079,14.9834
115.93184841,-32.00132238,14.9858
</coordinates>
</LineString>
<LineString>
<tessellate>1</tessellate>
<coordinates>
115.93185577,-32.00132792,14.9940
115.93185682,-32.00132871,14.9952
</coordinates>
</LineString>
<LineString>
<tessellate>1</tessellate>
<coordinates>
115.93186208,-32.00133267,15.0011
115.93186314,-32.00133346,15.0023
115.93186524,-32.00133504,15.0046
115.93186734,-32.00133662,15.0070
115.93186945,-32.00133821,15.0093
115.93187155,-32.00133979,15.0117
115.93187366,-32.00134137,15.0140
115.93187576,-32.00134296,15.0164
115.93187786,-32.00134454,15.0187
115.93187997,-32.00134612,15.0211
115.93188207,-32.00134771,15.0234
115.93188418,-32.00134929,15.0258
115.93188628,-32.00135088,15.0282
115.93188839,-32.00135246,15.0305
115.93189049,-32.00135404,15.0329
115.93189259,-32.00135563,15.0352
115.93189470,-32.00135721,15.0376
115.93189680,-32.00135879,15.0399
115.93189891,-32.00136037,15.0423
115.93190101,-32.00136196,15.0446
115.93190311,-32.00136354,15.0470
115.93190522,-32.00136512,15.0493
115.93190732,-32.00136671,15.0517
115.93190943,-32.00136829,15.0541
115.93191153,-32.00136987,15.0564
</coordinates>
</LineString>
<LineString>
<tessellate>1</tessellate>
<coordinates>
115.93192821,-32.00138250,15.0607
115.93193028,-32.00138407,15.0589
115.93193234,-32.00138564,15.0571
115.93193440,-32.00138721,15.0553
115.93193646,-32.00138879,15.0535
115.93193852,-32.00139036,15.0517
115.93194058,-32.00139193,15.0499
115.93194264,-32.00139350,15.0481
115.93194470,-32.00139507,15.0463
115.93194677,-32.00139664,15.0446
115.93194883,-32.00139821,15.0428
115.93195089,-32.00139979,15.0410
115.93195295,-32.00140136,15.0392
115.93195501,-32.00140293,15.0374
115.93195707,-32.00140450,15.0356
115.93195913,-32.00140607,15.0338
115.93196119,-32.00140764,15.0320
115.93196326,-32.00140921,15.0302
115.93196532,-32.00141079,15.0284
115.93196738,-32.00141236,15.0266
115.93196944,-32.00141393,15.0248
115.93197150,-32.00141550,15.0230
115.93197356,-32.00141707,15.0212
115.93197562,-32.00141864,15.0194
115.93197768,-32.00142021,15.0176
115.93197974,-32.00142179,15.0158
115.93198181,-32.00142336,15.0140
115.93198387,-32.00142493,15.0122
115.93198593,-32.00142650,15.0104
115.93198799,-32.00142807,15.0086
115.93199005,-32.00142964,15.0068
115.93199211,-32.00143121,15.0050
115.93199417,-32.00143279,15.0032
115.93199623,-32.00143436,15.0014
115.93199830,-32.00143593,14.9997
115.93200036,-32.00143750,14.9979
115.93200242,-32.00143907,14.9961
115.93200448,-32.00144064,14.9943
115.93200654,-32.00144221,14.9925
115.93200860,-32.00144379,14.9907
115.93201066,-32.00144536,14.9889
115.93201272,-32.00144693,14.9871
115.93201479,-32.00144850,14.9853
115.93201685,-32.00145007,14.9835
115.93201891,-32.00145164,14.9817
115.93202097,-32.00145321,14.9799
115.93202294,-32.00145471,14.9766
115.93202483,-32.00145614,14.9717
115.93202672,-32.00145756,14.9669
115.93202861,-32.00145899,14.9620
115.93203050,-32.00146042,14.9572
115.93203239,-32.00146184,14.9523
115.93203428,-32.00146327,14.9475
115.93203617,-32.00146469,14.9426
115.93203806,-32.00146612,14.9378
115.93203994,-32.00146755,14.9329
115.93204183,-32.00146897,14.9281
115.93204372,-32.00147040,14.9232
115.93204561,-32.00147182,14.9184
115.93204750,-32.00147325,14.9135
115.93204939,-32.00147468,14.9086
115.93205128,-32.00147610,14.9038
115.93205317,-32.00147753,14.8989
115.93205506,-32.00147895,14.8941
115.93205694,-32.00148038,14.8892
115.93205883,-32.00148181,14.8844
115.93206072,-32.00148323,14.8795
115.93206261,-32.00148466,14.8747
115.93206450,-32.00148608,14.8698
115.93206639,-32.00148751,14.8650
115.93206828,-32.00148894,14.8601
115.93207017,-32.00149036,14.8553
115.93207206,-32.00149179,14.8504
115.93207394,-32.00149321,14.8456
115.93207583,-32.00149464,14.8407
115.93207772,-32.00149606,14.8359
115.93207961,-32.00149749,14.8310
115.93208150,-32.00149892,14.8262
115.93208339,-32.00150034,14.8213
115.93208528,-32.00150177,14.8165
115.93208717,-32.00150319,14.8116
115.93208906,-32.00150462,14.8068
115.93209094,-32.00150605,14.8019
115.93209283,-32.00150747,14.7971
115.93209472,-32.00150890,14.7922
115.93209661,-32.00151032,14.7874
115.93209850,-32.00151175,14.7825
115.93210039,-32.00151318,14.7776
115.93210228,-32.00151460,14.7728
115.93210417,-32.00151603,14.7679
115.93210606,-32.00151745,14.7631
115.93210794,-32.00151888,14.7582
115.93210983,-32.00152031,14.7534
115.93211172,-32.00152173,14.7485
115.93211361,-32.00152316,14.7437
115.93211550,-32.00152458,14.7388
115.93211739,-32.00152601,14.7340
115.93211928,-32.00152744,14.7291
115.93212117,-32.00152886,14.7243
115.93212306,-32.00153029,14.7194
115.93212496,-32.00153173,14.7167
115.93212688,-32.00153319,14.7161
115.93212881,-32.00153465,14.7155
115.93213073,-32.00153612,14.7148
115.93213265,-32.00153758,14.7142
115.93213458,-32.00153904,14.7136
115.93213650,-32.00154050,14.7130
115.93213842,-32.00154196,14.7124
115.93214035,-32.00154342,14.7118
115.93214227,-32.00154488,14.7112
115.93214419,-32.00154635,14.7105
115.93214612,-32.00154781,14.7099
115.93214804,-32.00154927,14.7093
115.93214996,-32.00155073,14.7087
115.93215188,-32.00155219,14.7081
115.93215381,-32.00155365,14.7075
115.93215573,-32.00155512,14.7068
115.93215765,-32.00155658,14.7062
115.93215958,-32.00155804,14.7056
115.93216150,-32.00155950,14.7050
115.93216342,-32.00156096,14.7044
115.93216535,-32.00156242,14.7038
115.93216727,-32.00156388,14.7032
115.93216919,-32.00156535,14.7025
115.93217112,-32.00156681,14.7019
115.93217304,-32.00156827,14.7013
115.93217496,-32.00156973,14.7007
115.93217688,-32.00157119,14.7001
115.93217881,-32.00157265,14.6995
115.93218073,-32.00157412,14.6988
115.93218265,-32.00157558,14.6982
115.93218458,-32.00157704,14.6976
115.93218650,-32.00157850,14.6970
115.93218842,-32.00157996,14.6964
115.93219035,-32.00158142,14.6958
115.93219227,-32.00158288,14.6952
115.93219419,-32.00158435,14.6945
115.93219612,-32.00158581,14.6939
115.93219804,-32.00158727,14.6933
115.93219996,-32.00158873,14.6927
115.93220188,-32.00159019,14.6921
115.93220381,-32.00159165,14.6915
115.93220573,-32.00159312,14.6908
115.93220765,-32.00159458,14.6902
115.93220958,-32.00159604,14.6896
115.93221150,-32.00159750,14.6890
115.93221342,-32.00159896,14.6884
115.93221535,-32.00160042,14.6878
115.93221727,-32.00160188,14.6872
115.93221919,-32.00160335,14.6865
115.93222112,-32.00160481,14.6859
115.93222304,-32.00160627,14.6853
115.93222503,-32.00160779,14.6837
115.93222709,-32.00160936,14.6812
115.93222915,-32.00161093,14.6787
115.93223121,-32.00161250,14.6761
115.93223328,-32.00161407,14.6736
115.93223534,-32.00161564,14.6711
</coordinates>
</LineString>
<LineString>
<tessellate>1</tessellate>
<coordinates>
115.93224049,-32.00161957,14.6648
</coordinates>
</LineString>
<LineString>
<tessellate>1</tessellate>
<coordinates>
115.93224461,-32.00162271,14.6597
115.93224564,-32.00162350,14.6584
115.93224770,-32.00162507,14.6559
115.93224977,-32.00162664,14.6534
115.93225183,-32.00162821,14.6508
115.93225389,-32.00162979,14.6483
115.93225595,-32.00163136,14.6458
115.93225801,-32.00163293,14.6432
115.93226007,-32.00163450,14.6407
115.93226213,-32.00163607,14.6382
115.93226419,-32.00163764,14.6357
115.93226626,-32.00163921,14.6331
115.93226832,-32.00164079,14.6306
115.93227038,-32.00164236,14.6281
115.93227244,-32.00164393,14.6255
115.93227450,-32.00164550,14.6230
115.93227656,-32.00164707,14.6205
115.93227862,-32.00164864,14.6179
115.93228068,-32.00165021,14.6154
115.93228274,-32.00165179,14.6129
115.93228481,-32.00165336,14.6103
115.93228687,-32.00165493,14.6078
115.93228893,-32.00165650,14.6053
115.93229099,-32.00165807,14.6028
115.93229305,-32.00165964,14.6002
115.93229511,-32.00166121,14.5977
115.93229717,-32.00166279,14.5952
115.93229923,-32.00166436,14.5926
115.93230130,-32.00166593,14.5901
115.93230336,-32.00166750,14.5876
115.93230542,-32.00166907,14.5850
115.93230748,-32.00167064,14.5825
115.93230954,-32.00167221,14.5800
115.93231160,-32.00167379,14.5774
115.93231366,-32.00167536,14.5749
115.93231572,-32.00167693,14.5724
115.93231779,-32.00167850,14.5699
115.93231985,-32.00168007,14.5673
115.93232191,-32.00168164,14.5648
115.93232397,-32.00168321,14.5623
115.93232599,-32.00168475,14.5582
115.93232797,-32.00168626,14.5525
115.93232995,-32.00168777,14.5468
115.93233193,-32.00168928,14.5411
115.93233391,-32.00169079,14.5354
115.93233589,-32.00169230,14.5297
115.93233787,-32.00169381,14.5240
115.93233985,-32.00169532,14.5184
115.93234183,-32.00169683,14.5127
115.93234381,-32.00169834,14.5070
115.93234579,-32.00169985,14.5013
115.93234777,-32.00170136,14.4956
115.93234975,-32.00170287,14.4899
115.93235174,-32.00170438,14.4842
115.93235372,-32.00170589,14.4785
115.93235570,-32.00170740,14.4729
115.93235768,-32.00170891,14.4672
115.93235966,-32.00171042,14.4615
115.93236164,-32.00171193,14.4558
115.93236362,-32.00171344,14.4501
115.93236560,-32.00171495,14.4444
115.93236758,-32.00171646,14.4387
115.93236956,-32.00171797,14.4331
115.93237154,-32.00171948,14.4274
115.93237352,-32.00172099,14.4217
115.93237550,-32.00172250,14.4160
115.93237748,-32.00172401,14.4103
115.93237946,-32.00172552,14.4046
115.93238144,-32.00172703,14.3989
115.93238342,-32.00172854,14.3933
115.93238540,-32.00173005,14.3876
115.93238738,-32.00173156,14.3819
115.93238936,-32.00173307,14.3762
115.93239134,-32.00173458,14.3705
115.93239332,-32.00173609,14.3648
115.93239530,-32.00173760,14.3591
115.93239728,-32.00173911,14.3535
115.93239926,-32.00174062,14.3478
115.93240125,-32.00174213,14.3421
115.93240323,-32.00174364,14.3364
115.93240521,-32.00174515,14.3307
115.93240719,-32.00174666,14.3250
115.93240917,-32.00174817,14.3193
115.93241115,-32.00174968,14.3136
115.93241313,-32.00175119,14.3080
115.93241511,-32.00175270,14.3023
115.93241709,-32.00175421,14.2966
115.93241907,-32.00175572,14.2909
115.93242105,-32.00175723,14.2852
115.93242303,-32.00175874,14.2795
115.93242501,-32.00176025,14.2738
115.93242692,-32.00176171,14.2693
115.93242875,-32.00176312,14.2658
115.93243058,-32.00176454,14.2623
115.93243241,-32.00176595,14.2588
115.93243424,-32.00176737,14.2553
115.93243607,-32.00176878,14.2518
115.93243790,-32.00177020,14.2483
115.93243973,-32.00177161,14.2448
115.93244156,-32.00177303,14.2413
115.93244339,-32.00177444,14.2378
115.93244522,-32.00177586,14.2343
115.93244705,-32.00177727,14.2309
115.93244888,-32.00177869,14.2274
115.93245071,-32.00178010,14.2239
115.93245254,-32.00178152,14.2204
115.93245437,-32.00178293,14.2169
115.93245620,-32.00178435,14.2134
115.93245803,-32.00178576,14.2099
115.93245986,-32.00178718,14.2064
115.93246169,-32.00178859,14.2029
115.93246352,-32.00179001,14.1994
115.93246535,-32.00179142,14.1960
115.93246718,-32.00179284,14.1925
115.93246901,-32.00179425,14.1890
115.93247084,-32.00179567,14.1855
115.93247267,-32.00179708,14.1820
115.93247450,-32.00179850,14.1785
115.93247633,-32.00179992,14.1750
115.93247816,-32.00180133,14.1715
115.93247999,-32.00180275,14.1680
115.93248182,-32.00180416,14.1645
115.93248365,-32.00180558,14.1610
115.93248548,-32.00180699,14.1576
115.93248731,-32.00180841,14.1541
115.93248914,-32.00180982,14.1506
115.93249097,-32.00181124,14.1471
115.93249280,-32.00181265,14.1436
115.93249463,-32.00181407,14.1401
115.93249646,-32.00181548,14.1366
115.93249829,-32.00181690,14.1331
115.93250012,-32.00181831,14.1296
115.93250195,-32.00181973,14.1261
115.93250378,-32.00182114,14.1227
115.93250561,-32.00182256,14.1192
115.93250744,-32.00182397,14.1157
115.93250927,-32.00182539,14.1122
115.93251110,-32.00182680,14.1087
115.93251293,-32.00182822,14.1052
115.93251476,-32.00182963,14.1017
115.93251659,-32.00183105,14.0982
115.93251842,-32.00183246,14.0947
115.93252025,-32.00183388,14.0912
115.93252208,-32.00183529,14.0877
115.93252398,-32.00183674,14.0824
115.93252594,-32.00183822,14.0753
115.93252790,-32.00183970,14.0682
115.93252985,-32.00184118,14.0611
115.93253181,-32.00184266,14.0539
115.93253377,-32.00184414,14.0468
</coordinates>
</LineString>
<LineString>
<tessellate>1</tessellate>
<coordinates>
115.93253867,-32.00184783,14.0290
115.93253965,-32.00184857,14.0254
115.93254160,-32.00185005,14.0183
</coordinates>
</LineString>
<LineString>
<tessellate>1</tessellate>
<coordinates>
115.93254846,-32.00185523,13.9934
115.93254944,-32.00185597,13.9898
115.93255140,-32.00185745,13.9827
115.93255335,-32.00185893,13.9756
115.93255531,-32.00186041,13.9684
115.93255727,-32.00186189,13.9613
115.93255923,-32.00186336,13.9542
115.93256119,-32.00186484,13.9471
115.93256315,-32.00186632,13.9399
115.93256510,-32.00186780,13.9328
115.93256706,-32.00186928,13.9257
115.93256902,-32.00187076,13.9186
</coordinates>
</LineString>
<LineString>
<tessellate>1</tessellate>
<coordinates>
115.93257783,-32.00187742,13.8865
115.93257881,-32.00187816,13.8829
115.93258077,-32.00187964,13.8758
115.93258273,-32.00188111,13.8687
115.93258469,-32.00188259,13.8616
115.93258665,-32.00188407,13.8544
115.93258860,-32.00188555,13.8473
115.93259056,-32.00188703,13.8402
115.93259252,-32.00188851,13.8331
115.93259448,-32.00188999,13.8259
115.93259644,-32.00189147,13.8188
115.93259840,-32.00189295,13.8117
115.93260035,-32.00189443,13.8046
115.93260231,-32.00189591,13.7974
115.93260427,-32.00189739,13.7903
115.93260623,-32.00189886,13.7832
115.93260819,-32.00190034,13.7761
115.93261015,-32.00190182,13.7689
115.93261210,-32.00190330,13.7618
115.93261406,-32.00190478,13.7547
115.93261602,-32.00190626,13.7476
115.93261796,-32.00190778,13.7483
115.93261987,-32.00190933,13.7568
115.93262178,-32.00191089,13.7654
115.93262369,-32.00191244,13.7739
115.93262560,-32.00191400,13.7825
115.93262751,-32.00191556,13.7911
115.93262942,-32.00191711,13.7996
115.93263133,-32.00191867,13.8082
115.93263324,-32.00192022,13.8167
115.93263516,-32.00192178,13.8253
115.93263707,-32.00192333,13.8338
115.93263898,-32.00192489,13.8424
115.93264089,-32.00192644,13.8509
115.93264280,-32.00192800,13.8595
115.93264471,-32.00192956,13.8681
115.93264662,-32.00193111,13.8766
115.93264853,-32.00193267,13.8852
115.93265044,-32.00193422,13.8937
115.93265236,-32.00193578,13.9023
115.93265427,-32.00193733,13.9108
115.93265618,-32.00193889,13.9194
115.93265809,-32.00194044,13.9279
115.93266000,-32.00194200,13.9365
115.93266191,-32.00194356,13.9451
115.93266382,-32.00194511,13.9536
115.93266573,-32.00194667,13.9622
115.93266764,-32.00194822,13.9707
115.93266956,-32.00194978,13.9793
115.93267147,-32.00195133,13.9878
115.93267338,-32.00195289,13.9964
115.93267529,-32.00195444,14.0049
115.93267720,-32.00195600,14.0135
115.93267911,-32.00195756,14.0221
115.93268102,-32.00195911,14.0306
115.93268293,-32.00196067,14.0392
115.93268484,-32.00196222,14.0477
115.93268676,-32.00196378,14.0563
115.93268867,-32.00196533,14.0648
115.93269058,-32.00196689,14.0734
115.93269249,-32.00196844,14.0819
115.93269440,-32.00197000,14.0905
115.93269631,-32.00197156,14.0991
115.93269822,-32.00197311,14.1076
115.93270013,-32.00197467,14.1162
115.93270204,-32.00197622,14.1247
115.93270393,-32.00197776,14.1313
115.93270578,-32.00197927,14.1359
115.93270763,-32.00198078,14.1405
115.93270949,-32.00198229,14.1451
115.93271134,-32.00198380,14.1497
115.93271320,-32.00198532,14.1544
115.93271505,-32.00198683,14.1590
115.93271690,-32.00198834,14.1636
115.93271876,-32.00198985,14.1682
115.93272061,-32.00199137,14.1728
115.93272246,-32.00199288,14.1774
115.93272432,-32.00199439,14.1820
115.93272617,-32.00199590,14.1866
115.93272802,-32.00199741,14.1912
115.93272988,-32.00199893,14.1958
115.93273173,-32.00200044,14.2005
115.93273359,-32.00200195,14.2051
115.93273544,-32.00200346,14.2097
115.93273729,-32.00200498,14.2143
</coordinates>
</LineString>
<LineString>
<tessellate>1</tessellate>
<coordinates>
115.93274841,-32.00201405,14.2419
115.93275027,-32.00201556,14.2465
</coordinates>
</LineString>
<LineString>
<tessellate>1</tessellate>
<coordinates>
115.93275398,-32.00201859,14.2558
</coordinates>
</LineString>
<LineString>
<tessellate>1</tessellate>
<coordinates>
115.93276232,-32.00202539,14.2765
115.93276324,-32.00202615,14.2788
115.93276510,-32.00202766,14.2834
115.93276695,-32.00202917,14.2880
115.93276880,-32.00203068,14.2926
115.93277066,-32.00203220,14.2973
115.93277251,-32.00203371,14.3019
</coordinates>
</LineString>
<LineString>
<tessellate>1</tessellate>
<coordinates>
115.93279803,-32.00205505,13.7311
115.93279889,-32.00205578,13.7045
</coordinates>
</LineString>
<LineString>
<tessellate>1</tessellate>
<coordinates>
115.93280062,-32.00205724,13.6511
115.93280235,-32.00205870,13.5978
</coordinates>
</LineString>
<LineString>
<tessellate>1</tessellate>
<coordinates>
115.93281878,-32.00207257,13.0909
</coordinates>
</LineString>
<LineString>
<tessellate>1</tessellate>
<coordinates>
115.93282916,-32.00208132,12.7708
</coordinates>
</LineString>
<LineString>
<tessellate>1</tessellate>
<coordinates>
115.93283435,-32.00208570,12.6108
115.93283522,-32.00208643,12.5841
</coordinates>
</LineString>
<LineString>
<tessellate>1</tessellate>
<coordinates>
115.93283695,-32.00208789,12.5307
115.93283868,-32.00208935,12.4774
115.93284041,-32.00209081,12.4240
115.93284214,-32.00209227,12.3707
115.93284383,-32.00209370,12.3310
115.93284548,-32.00209511,12.3050
115.93284714,-32.00209652,12.2789
115.93284880,-32.00209792,12.2529
</coordinates>
</LineString>
<LineString>
<tessellate>1</tessellate>
<coordinates>
115.93285791,-32.00210566,12.1097
115.93285873,-32.00210636,12.0967
</coordinates>
</LineString>
<LineString>
<tessellate>1</tessellate>
<coordinates>
115.93286784,-32.00211409,11.9535
115.93286867,-32.00211480,11.9405
115.93287033,-32.00211620,11.9145
115.93287198,-32.00211761,11.8885
115.93287364,-32.00211902,11.8624
115.93287530,-32.00212042,11.8364
115.93287695,-32.00212183,11.8104
115.93287861,-32.00212323,11.7843
115.93288027,-32.00212464,11.7583
115.93288192,-32.00212605,11.7323
115.93288358,-32.00212745,11.7062
115.93288523,-32.00212886,11.6802
115.93288689,-32.00213027,11.6542
115.93288855,-32.00213167,11.6281
115.93289020,-32.00213308,11.6021
115.93289186,-32.00213448,11.5761
</coordinates>
</LineString>
<LineString>
<tessellate>1</tessellate>
<coordinates>
115.93289352,-32.00213589,11.5500
115.93289517,-32.00213730,11.5240
115.93289712,-32.00213869,11.5200
</coordinates>
</LineString>
<LineString>
<tessellate>1</tessellate>
<coordinates>
115.93297000,-32.00217682,12.1256
115.93297200,-32.00217755,12.1431
115.93297400,-32.00217827,12.1605
</coordinates>
</LineString>
<LineString>
<tessellate>1</tessellate>
<coordinates>
115.93297600,-32.00217900,12.1780
115.93297800,-32.00217973,12.1955
</coordinates>
</LineString>
<LineString>
<tessellate>1</tessellate>
<coordinates>
115.93298200,-32.00218118,12.2304
115.93298400,-32.00218191,12.2478
115.93298600,-32.00218264,12.2653
115.93298843,-32.00218318,12.3069
115.93299129,-32.00218354,12.3726
115.93299414,-32.00218389,12.4383
115.93299700,-32.00218425,12.5040
</coordinates>
</LineString>
<LineString>
<tessellate>1</tessellate>
<coordinates>
115.93301271,-32.00218621,12.8654
115.93301414,-32.00218639,12.8983
115.93301700,-32.00218675,12.9640
115.93301986,-32.00218711,13.0297
</coordinates>
</LineString>
<LineString>
<tessellate>1</tessellate>
<coordinates>
115.93303285,-32.00218725,13.2909
115.93303383,-32.00218712,13.3071
115.93303578,-32.00218688,13.3394
115.93303772,-32.00218662,13.3716
115.93303968,-32.00218637,13.4039
115.93304163,-32.00218612,13.4363
115.93304358,-32.00218587,13.4686
115.93304553,-32.00218562,13.5009
115.93304748,-32.00218537,13.5331
115.93304942,-32.00218512,13.5655
115.93305137,-32.00218487,13.5978
115.93305333,-32.00218462,13.6301
115.93305528,-32.00218437,13.6624
115.93305723,-32.00218412,13.6946
115.93305917,-32.00218388,13.7270
</coordinates>
</LineString>
<LineString>
<tessellate>1</tessellate>
<coordinates>
115.93306502,-32.00218313,13.8239
115.93306730,-32.00218243,13.8534
115.93306990,-32.00218130,13.8802
115.93307250,-32.00218017,13.9070
115.93307510,-32.00217903,13.9338
115.93307770,-32.00217790,13.9606
115.93308030,-32.00217677,13.9874
115.93308290,-32.00217563,14.0142
115.93308550,-32.00217450,14.0410
115.93308810,-32.00217337,14.0678
115.93309070,-32.00217223,14.0946
115.93309330,-32.00217110,14.1214
115.93309590,-32.00216997,14.1482
115.93309850,-32.00216883,14.1750
115.93310110,-32.00216770,14.2018
115.93310370,-32.00216657,14.2286
115.93310605,-32.00216524,14.2489
115.93310816,-32.00216371,14.2628
115.93311026,-32.00216218,14.2766
115.93311237,-32.00216066,14.2904
115.93311447,-32.00215913,14.3043
115.93311658,-32.00215761,14.3181
115.93311868,-32.00215608,14.3320
115.93312079,-32.00215455,14.3458
115.93312289,-32.00215303,14.3597
115.93312500,-32.00215150,14.3735
115.93312711,-32.00214997,14.3873
115.93312921,-32.00214845,14.4012
115.93313132,-32.00214692,14.4150
115.93313342,-32.00214539,14.4289
115.93313553,-32.00214387,14.4427
115.93313763,-32.00214234,14.4566
115.93313974,-32.00214082,14.4704
115.93314184,-32.00213929,14.4842
115.93314395,-32.00213776,14.4981
115.93314605,-32.00213614,14.5083
115.93314814,-32.00213443,14.5149
115.93315024,-32.00213271,14.5214
115.93315233,-32.00213100,14.5280
115.93315443,-32.00212929,14.5346
115.93315652,-32.00212757,14.5411
115.93315862,-32.00212586,14.5477
115.93316071,-32.00212414,14.5543
115.93316281,-32.00212243,14.5609
115.93316490,-32.00212071,14.5674
115.93316700,-32.00211900,14.5740
115.93316910,-32.00211729,14.5806
115.93317119,-32.00211557,14.5871
115.93317329,-32.00211386,14.5937
115.93317538,-32.00211214,14.6003
115.93317748,-32.00211043,14.6069
115.93317957,-32.00210871,14.6134
115.93318167,-32.00210700,14.6200
115.93318376,-32.00210529,14.6266
115.93318586,-32.00210357,14.6331
115.93318795,-32.00210186,14.6397
115.93318993,-32.00210024,14.6439
115.93319178,-32.00209872,14.6458
115.93319363,-32.00209720,14.6476
115.93319548,-32.00209569,14.6495
115.93319733,-32.00209417,14.6513
115.93319919,-32.00209265,14.6532
115.93320104,-32.00209113,14.6550
115.93320289,-32.00208961,14.6569
115.93320474,-32.00208809,14.6587
115.93320659,-32.00208657,14.6606
115.93320844,-32.00208506,14.6624
115.93321030,-32.00208354,14.6643
115.93321215,-32.00208202,14.6661
115.93321400,-32.00208050,14.6680
115.93321585,-32.00207898,14.6699
115.93321770,-32.00207746,14.6717
115.93321956,-32.00207594,14.6736
115.93322141,-32.00207443,14.6754
115.93322326,-32.00207291,14.6773
115.93322511,-32.00207139,14.6791
115.93322696,-32.00206987,14.6810
115.93322881,-32.00206835,14.6828
115.93323067,-32.00206683,14.6847
115.93323252,-32.00206531,14.6865
115.93323437,-32.00206380,14.6884
115.93323622,-32.00206228,14.6902
115.93323807,-32.00206076,14.6921
115.93324006,-32.00205910,14.6938
115.93324218,-32.00205730,14.6955
115.93324430,-32.00205550,14.6972
115.93324642,-32.00205370,14.6989
115.93324854,-32.00205190,14.7006
115.93325066,-32.00205010,14.7022
115.93325278,-32.00204830,14.7039
115.93325490,-32.00204650,14.7056
115.93325702,-32.00204470,14.7073
115.93325914,-32.00204290,14.7090
115.93326126,-32.00204110,14.7106
115.93326338,-32.00203930,14.7123
115.93326550,-32.00203750,14.7140
115.93326762,-32.00203570,14.7157
115.93326974,-32.00203390,14.7174
115.93327186,-32.00203210,14.7190
115.93327398,-32.00203030,14.7207
115.93327610,-32.00202850,14.7224
115.93327822,-32.00202670,14.7241
115.93328034,-32.00202490,14.7258
115.93328246,-32.00202310,14.7274
115.93328458,-32.00202130,14.7291
115.93328670,-32.00201950,14.7308
115.93328882,-32.00201770,14.7325
115.93329094,-32.00201590,14.7342
115.93329295,-32.00201418,14.7354
115.93329485,-32.00201255,14.7362
115.93329675,-32.00201092,14.7370
115.93329865,-32.00200928,14.7378
</coordinates>
</LineString>
<LineString>
<tessellate>1</tessellate>
<coordinates>
115.93330435,-32.00200438,14.7402
115.93330625,-32.00200275,14.7410
</coordinates>
</LineString>
<LineString>
<tessellate>1</tessellate>
<coordinates>
115.93331005,-32.00199948,14.7426
115.93331195,-32.00199785,14.7434
115.93331385,-32.00199622,14.7442
</coordinates>
</LineString>
<LineString>
<tessellate>1</tessellate>
<coordinates>
115.93331575,-32.00199458,14.7450
115.93331765,-32.00199295,14.7458
115.93331955,-32.00199132,14.7466
115.93332145,-32.00198968,14.7474
115.93332335,-32.00198805,14.7482
115.93332525,-32.00198642,14.7490
</coordinates>
</LineString>
<LineString>
<tessellate>1</tessellate>
<coordinates>
115.93332715,-32.00198478,14.7498
115.93332905,-32.00198315,14.7506
115.93333095,-32.00198152,14.7514
</coordinates>
</LineString>
<LineString>
<tessellate>1</tessellate>
<coordinates>
115.93333285,-32.00197988,14.7522
115.93333475,-32.00197825,14.7530
115.93333665,-32.00197662,14.7538
115.93333855,-32.00197498,14.7546
115.93334045,-32.00197335,14.7554
115.93334235,-32.00197172,14.7562
115.93334425,-32.00197008,14.7570
</coordinates>
</LineString>
<LineString>
<tessellate>1</tessellate>
<coordinates>
115.93334615,-32.00196845,14.7578
115.93334805,-32.00196682,14.7586
115.93334994,-32.00196520,14.7592
115.93335182,-32.00196359,14.7597
115.93335370,-32.00196198,14.7601
115.93335558,-32.00196038,14.7606
115.93335745,-32.00195877,14.7610
115.93335933,-32.00195717,14.7615
</coordinates>
</LineString>
<LineString>
<tessellate>1</tessellate>
<coordinates>
115.93336121,-32.00195556,14.7620
115.93336309,-32.00195395,14.7624
</coordinates>
</LineString>
<LineString>
<tessellate>1</tessellate>
<coordinates>
115.93336497,-32.00195235,14.7629
115.93336685,-32.00195074,14.7633
115.93336873,-32.00194914,14.7638
115.93337061,-32.00194753,14.7642
115.93337248,-32.00194592,14.7647
</coordinates>
</LineString>
<LineString>
<tessellate>1</tessellate>
<coordinates>
115.93338000,-32.00193950,14.7665
115.93338188,-32.00193789,14.7670
115.93338376,-32.00193629,14.7674
</coordinates>
</LineString>
<LineString>
<tessellate>1</tessellate>
<coordinates>
115.93338564,-32.00193468,14.7679
115.93338752,-32.00193308,14.7683
</coordinates>
</LineString>
<LineString>
<tessellate>1</tessellate>
<coordinates>
115.93339127,-32.00192986,14.7692
115.93339315,-32.00192826,14.7697
115.93339503,-32.00192665,14.7701
115.93339691,-32.00192505,14.7706
</coordinates>
</LineString>
<LineString>
<tessellate>1</tessellate>
<coordinates>
115.93339879,-32.00192344,14.7710
115.93340067,-32.00192183,14.7715
115.93340255,-32.00192023,14.7720
115.93340442,-32.00191862,14.7724
</coordinates>
</LineString>
<LineString>
<tessellate>1</tessellate>
<coordinates>
115.93340630,-32.00191702,14.7729
115.93340818,-32.00191541,14.7733
115.93341006,-32.00191380,14.7738
115.93341196,-32.00191217,14.7737
115.93341387,-32.00191051,14.7731
115.93341579,-32.00190886,14.7726
</coordinates>
</LineString>
<LineString>
<tessellate>1</tessellate>
<coordinates>
115.93341770,-32.00190720,14.7720
115.93341961,-32.00190554,14.7714
115.93342153,-32.00190389,14.7709
115.93342344,-32.00190223,14.7703
115.93342536,-32.00190057,14.7697
115.93342727,-32.00189891,14.7691
115.93342919,-32.00189726,14.7686
115.93343110,-32.00189560,14.7680
115.93343301,-32.00189394,14.7674
115.93343493,-32.00189229,14.7669
115.93343684,-32.00189063,14.7663
115.93343876,-32.00188897,14.7657
115.93344067,-32.00188731,14.7651
115.93344259,-32.00188566,14.7646
115.93344450,-32.00188400,14.7640
115.93344641,-32.00188234,14.7634
115.93344833,-32.00188069,14.7629
115.93345024,-32.00187903,14.7623
115.93345216,-32.00187737,14.7617
115.93345407,-32.00187571,14.7611
115.93345599,-32.00187406,14.7606
115.93345790,-32.00187240,14.7600
115.93345981,-32.00187074,14.7594
115.93346173,-32.00186909,14.7589
115.93346364,-32.00186743,14.7583
115.93346556,-32.00186577,14.7577
115.93346747,-32.00186411,14.7571
115.93346939,-32.00186246,14.7566
115.93347130,-32.00186080,14.7560
115.93347321,-32.00185914,14.7554
115.93347513,-32.00185749,14.7549
115.93347704,-32.00185583,14.7543
115.93347895,-32.00185420,14.7540
115.93348084,-32.00185259,14.7541
115.93348274,-32.00185099,14.7542
115.93348463,-32.00184938,14.7543
115.93348653,-32.00184778,14.7544
115.93348842,-32.00184617,14.7544
115.93349032,-32.00184457,14.7545
115.93349221,-32.00184296,14.7546
115.93349411,-32.00184136,14.7547
115.93349600,-32.00183975,14.7548
115.93349789,-32.00183814,14.7548
115.93349979,-32.00183654,14.7549
115.93350168,-32.00183493,14.7550
115.93350358,-32.00183333,14.7551
</coordinates>
</LineString>
<LineString>
<tessellate>1</tessellate>
<coordinates>
115.93350547,-32.00183172,14.7551
115.93350737,-32.00183012,14.7552
115.93350926,-32.00182851,14.7553
</coordinates>
</LineString>
<LineString>
<tessellate>1</tessellate>
<coordinates>
115.93352632,-32.00181407,14.7560
115.93352821,-32.00181246,14.7561
</coordinates>
</LineString>
<LineString>
<tessellate>1</tessellate>
<coordinates>
115.93353958,-32.00180283,14.7566
115.93354147,-32.00180122,14.7566
</coordinates>
</LineString>
<LineString>
<tessellate>1</tessellate>
<coordinates>
115.93354716,-32.00179641,14.7569
115.93354905,-32.00179480,14.7570
</coordinates>
</LineString>
<LineString>
<tessellate>1</tessellate>
<coordinates>
115.93355096,-32.00179318,14.7574
115.93355288,-32.00179154,14.7582
115.93355481,-32.00178990,14.7589
</coordinates>
</LineString>
<LineString>
<tessellate>1</tessellate>
<coordinates>
115.93355673,-32.00178826,14.7597
115.93355865,-32.00178662,14.7605
</coordinates>
</LineString>
<LineString>
<tessellate>1</tessellate>
<coordinates>
115.93356250,-32.00178333,14.7620
115.93356442,-32.00178169,14.7628
</coordinates>
</LineString>
<LineString>
<tessellate>1</tessellate>
<coordinates>
115.93356635,-32.00178005,14.7635
115.93356827,-32.00177841,14.7643
115.93357019,-32.00177677,14.7651
115.93357212,-32.00177513,14.7658
115.93357404,-32.00177349,14.7666
115.93357596,-32.00177185,14.7674
115.93357788,-32.00177021,14.7682
</coordinates>
</LineString>
<LineString>
<tessellate>1</tessellate>
<coordinates>
115.93357981,-32.00176856,14.7689
115.93358173,-32.00176692,14.7697
</coordinates>
</LineString>
<LineString>
<tessellate>1</tessellate>
<coordinates>
115.93358750,-32.00176200,14.7720
115.93358942,-32.00176036,14.7728
115.93359135,-32.00175872,14.7735
</coordinates>
</LineString>
<LineString>
<tessellate>1</tessellate>
<coordinates>
115.93360481,-32.00174723,14.7789
115.93360673,-32.00174559,14.7797
115.93360865,-32.00174395,14.7805
</coordinates>
</LineString>
<LineString>
<tessellate>1</tessellate>
<coordinates>
115.93361058,-32.00174231,14.7812
115.93361250,-32.00174067,14.7820
</coordinates>
</LineString>
<LineString>
<tessellate>1</tessellate>
<coordinates>
115.93361442,-32.00173903,14.7828
115.93361635,-32.00173738,14.7835
115.93361827,-32.00173574,14.7843
115.93362019,-32.00173410,14.7851
115.93362212,-32.00173246,14.7858
</coordinates>
</LineString>
<LineString>
<tessellate>1</tessellate>
<coordinates>
115.93362404,-32.00173082,14.7866
115.93362594,-32.00172920,14.7865
115.93362782,-32.00172759,14.7855
115.93362970,-32.00172598,14.7846
115.93363157,-32.00172437,14.7836
115.93363345,-32.00172276,14.7826
</coordinates>
</LineString>
<LineString>
<tessellate>1</tessellate>
<coordinates>
115.93363533,-32.00172115,14.7816
115.93363721,-32.00171954,14.7807
</coordinates>
</LineString>
<LineString>
<tessellate>1</tessellate>
<coordinates>
115.93363909,-32.00171793,14.7797
115.93364096,-32.00171632,14.7787
115.93364284,-32.00171471,14.7777
115.93364472,-32.00171310,14.7768
115.93364660,-32.00171149,14.7758
115.93364848,-32.00170988,14.7748
115.93365035,-32.00170827,14.7738
</coordinates>
</LineString>
<LineString>
<tessellate>1</tessellate>
<coordinates>
115.93365411,-32.00170505,14.7719
115.93365599,-32.00170344,14.7709
</coordinates>
</LineString>
<LineString>
<tessellate>1</tessellate>
<coordinates>
115.93365974,-32.00170022,14.7690
115.93366162,-32.00169861,14.7680
115.93366350,-32.00169700,14.7670
</coordinates>
</LineString>
<LineString>
<tessellate>1</tessellate>
<coordinates>
115.93366538,-32.00169539,14.7660
115.93366726,-32.00169378,14.7650
115.93366913,-32.00169217,14.7641
115.93367101,-32.00169056,14.7631
115.93367289,-32.00168895,14.7621
115.93367477,-32.00168734,14.7611
115.93367665,-32.00168573,14.7602
115.93367852,-32.00168412,14.7592
115.93368040,-32.00168251,14.7582
115.93368228,-32.00168090,14.7572
115.93368416,-32.00167929,14.7563
115.93368604,-32.00167768,14.7553
115.93368791,-32.00167607,14.7543
115.93368979,-32.00167446,14.7533
115.93369167,-32.00167285,14.7524
115.93369355,-32.00167124,14.7514
115.93369543,-32.00166963,14.7504
115.93369730,-32.00166802,14.7494
115.93369918,-32.00166641,14.7485
115.93370106,-32.00166480,14.7475
115.93370295,-32.00166319,14.7470
</coordinates>
</LineString>
<LineString>
<tessellate>1</tessellate>
<coordinates>
115.93372200,-32.00164700,14.7465
115.93372390,-32.00164538,14.7465
</coordinates>
</LineString>
<LineString>
<tessellate>1</tessellate>
<coordinates>
115.93372581,-32.00164376,14.7464
115.93372771,-32.00164214,14.7464
115.93372962,-32.00164052,14.7463
115.93373152,-32.00163890,14.7463
115.93373343,-32.00163729,14.7462
115.93373533,-32.00163567,14.7462
115.93373724,-32.00163405,14.7461
115.93373914,-32.00163243,14.7461
115.93374105,-32.00163081,14.7460
115.93374295,-32.00162919,14.7460
115.93374486,-32.00162757,14.7459
115.93374676,-32.00162595,14.7459
115.93374867,-32.00162433,14.7458
115.93375057,-32.00162271,14.7458
115.93375248,-32.00162110,14.7457
115.93375438,-32.00161948,14.7457
115.93375629,-32.00161786,14.7456
115.93375819,-32.00161624,14.7456
115.93376010,-32.00161462,14.7455
115.93376200,-32.00161300,14.7455
115.93376390,-32.00161138,14.7455
115.93376581,-32.00160976,14.7454
115.93376771,-32.00160814,14.7454
115.93376962,-32.00160652,14.7453
115.93377152,-32.00160490,14.7453
115.93377343,-32.00160329,14.7452
115.93377533,-32.00160167,14.7452
115.93377724,-32.00160005,14.7451
115.93377914,-32.00159843,14.7451
115.93378105,-32.00159681,14.7450
115.93378298,-32.00159518,14.7457
115.93378493,-32.00159354,14.7471
115.93378688,-32.00159189,14.7486
115.93378883,-32.00159025,14.7500
115.93379079,-32.00158861,14.7514
115.93379274,-32.00158696,14.7529
115.93379469,-32.00158532,14.7543
115.93379664,-32.00158368,14.7557
115.93379860,-32.00158204,14.7571
115.93380055,-32.00158039,14.7586
115.93380250,-32.00157875,14.7600
115.93380445,-32.00157711,14.7614
115.93380640,-32.00157546,14.7629
115.93380836,-32.00157382,14.7643
115.93381031,-32.00157218,14.7657
115.93381226,-32.00157054,14.7671
115.93381421,-32.00156889,14.7686
115.93381617,-32.00156725,14.7700
115.93381812,-32.00156561,14.7714
115.93382007,-32.00156396,14.7729
115.93382202,-32.00156232,14.7743
115.93382398,-32.00156068,14.7757
115.93382593,-32.00155904,14.7771
115.93382788,-32.00155739,14.7786
115.93382983,-32.00155575,14.7800
115.93383179,-32.00155411,14.7814
115.93383374,-32.00155246,14.7829
115.93383569,-32.00155082,14.7843
115.93383764,-32.00154918,14.7857
115.93383960,-32.00154754,14.7871
115.93384155,-32.00154589,14.7886
115.93384350,-32.00154425,14.7900
115.93384545,-32.00154261,14.7914
115.93384740,-32.00154096,14.7929
115.93384936,-32.00153932,14.7943
115.93385131,-32.00153768,14.7957
115.93385326,-32.00153604,14.7971
115.93385521,-32.00153439,14.7986
115.93385717,-32.00153275,14.8000
115.93385912,-32.00153111,14.8014
115.93386107,-32.00152946,14.8029
115.93386302,-32.00152782,14.8043
115.93386498,-32.00152616,14.8003
115.93386693,-32.00152449,14.7908
115.93386888,-32.00152281,14.7813
115.93387084,-32.00152114,14.7719
115.93387279,-32.00151947,14.7624
115.93387474,-32.00151779,14.7529
115.93387670,-32.00151612,14.7435
115.93387865,-32.00151444,14.7340
115.93388060,-32.00151277,14.7245
115.93388256,-32.00151109,14.7151
115.93388451,-32.00150942,14.7056
115.93388647,-32.00150774,14.6962
115.93388842,-32.00150607,14.6867
115.93389037,-32.00150440,14.6772
115.93389233,-32.00150272,14.6678
115.93389428,-32.00150105,14.6583
115.93389623,-32.00149937,14.6488
115.93389819,-32.00149770,14.6394
115.93390014,-32.00149602,14.6299
115.93390209,-32.00149435,14.6204
115.93390405,-32.00149267,14.6110
115.93390600,-32.00149100,14.6015
115.93390795,-32.00148933,14.5920
115.93390991,-32.00148765,14.5826
115.93391186,-32.00148598,14.5731
115.93391381,-32.00148430,14.5636
115.93391577,-32.00148263,14.5542
115.93391772,-32.00148095,14.5447
115.93391967,-32.00147928,14.5352
115.93392163,-32.00147760,14.5258
115.93392358,-32.00147593,14.5163
115.93392553,-32.00147426,14.5068
115.93392749,-32.00147258,14.4974
115.93392944,-32.00147091,14.4879
115.93393140,-32.00146923,14.4785
115.93393335,-32.00146756,14.4690
115.93393530,-32.00146588,14.4595
115.93393726,-32.00146421,14.4501
115.93393921,-32.00146253,14.4406
115.93394116,-32.00146086,14.4311
115.93394312,-32.00145919,14.4217
115.93394507,-32.00145751,14.4122
115.93394702,-32.00145584,14.4027
115.93394894,-32.00145418,14.4004
115.93395083,-32.00145255,14.4053
115.93395272,-32.00145091,14.4101
115.93395460,-32.00144927,14.4149
115.93395649,-32.00144764,14.4198
115.93395838,-32.00144600,14.4246
115.93396026,-32.00144436,14.4295
115.93396215,-32.00144273,14.4343
115.93396403,-32.00144109,14.4391
115.93396592,-32.00143945,14.4440
115.93396781,-32.00143782,14.4488
115.93396969,-32.00143618,14.4537
115.93397158,-32.00143455,14.4585
115.93397347,-32.00143291,14.4634
115.93397535,-32.00143127,14.4682
115.93397724,-32.00142964,14.4730
115.93397913,-32.00142800,14.4779
115.93398101,-32.00142636,14.4827
115.93398290,-32.00142473,14.4876
115.93398478,-32.00142309,14.4924
115.93398667,-32.00142145,14.4972
115.93398856,-32.00141982,14.5021
115.93399044,-32.00141818,14.5069
115.93399233,-32.00141655,14.5118
115.93399422,-32.00141491,14.5166
115.93399610,-32.00141327,14.5214
115.93399799,-32.00141164,14.5263
115.93399988,-32.00141000,14.5311
115.93400176,-32.00140836,14.5360
115.93400365,-32.00140673,14.5408
115.93400553,-32.00140509,14.5456
115.93400742,-32.00140345,14.5505
115.93400931,-32.00140182,14.5553
115.93401119,-32.00140018,14.5602
115.93401308,-32.00139855,14.5650
115.93401497,-32.00139691,14.5699
115.93401685,-32.00139527,14.5747
115.93401874,-32.00139364,14.5795
115.93402063,-32.00139200,14.5844
115.93402251,-32.00139036,14.5892
115.93402440,-32.00138873,14.5941
115.93402628,-32.00138709,14.5989
115.93402817,-32.00138545,14.6037
115.93403006,-32.00138382,14.6086
115.93403195,-32.00138218,14.6083
115.93403386,-32.00138055,14.6029
115.93403577,-32.00137891,14.5974
115.93403768,-32.00137727,14.5920
115.93403959,-32.00137564,14.5866
115.93404150,-32.00137400,14.5811
115.93404341,-32.00137236,14.5757
115.93404532,-32.00137073,14.5703
115.93404723,-32.00136909,14.5648
115.93404914,-32.00136745,14.5594
115.93405105,-32.00136582,14.5540
115.93405295,-32.00136418,14.5485
115.93405486,-32.00136255,14.5431
115.93405677,-32.00136091,14.5377
115.93405868,-32.00135927,14.5322
115.93406059,-32.00135764,14.5268
115.93406250,-32.00135600,14.5214
115.93406441,-32.00135436,14.5159
115.93406632,-32.00135273,14.5105
115.93406823,-32.00135109,14.5051
115.93407014,-32.00134945,14.4996
115.93407205,-32.00134782,14.4942
115.93407395,-32.00134618,14.4888
115.93407586,-32.00134455,14.4834
115.93407777,-32.00134291,14.4779
115.93407968,-32.00134127,14.4725
115.93408159,-32.00133964,14.4671
115.93408350,-32.00133800,14.4616
115.93408541,-32.00133636,14.4562
115.93408732,-32.00133473,14.4508
115.93408923,-32.00133309,14.4453
115.93409114,-32.00133145,14.4399
115.93409305,-32.00132982,14.4345
115.93409495,-32.00132818,14.4290
115.93409686,-32.00132655,14.4236
115.93409877,-32.00132491,14.4182
</coordinates>
</LineString>
<LineString>
<tessellate>1</tessellate>
<coordinates>
115.93410068,-32.00132327,14.4127
115.93410259,-32.00132164,14.4073
115.93410450,-32.00132000,14.4019
</coordinates>
</LineString>
<LineString>
<tessellate>1</tessellate>
<coordinates>
115.93410641,-32.00131836,14.3964
115.93410832,-32.00131673,14.3910
115.93411023,-32.00131509,14.3856
115.93411214,-32.00131345,14.3801
115.93411405,-32.00131182,14.3747
115.93411597,-32.00131018,14.3708
115.93411790,-32.00130855,14.3685
115.93411983,-32.00130691,14.3661
115.93412176,-32.00130527,14.3638
115.93412369,-32.00130364,14.3615
115.93412563,-32.00130200,14.3591
115.93412756,-32.00130036,14.3568
115.93412949,-32.00129873,14.3544
115.93413142,-32.00129709,14.3521
115.93413335,-32.00129545,14.3498
115.93413528,-32.00129382,14.3474
115.93413722,-32.00129218,14.3451
115.93413915,-32.00129055,14.3427
115.93414108,-32.00128891,14.3404
115.93414301,-32.00128727,14.3381
115.93414494,-32.00128564,14.3357
115.93414688,-32.00128400,14.3334
115.93414881,-32.00128236,14.3310
115.93415074,-32.00128073,14.3287
</coordinates>
</LineString>
<LineString>
<tessellate>1</tessellate>
<coordinates>
115.93415557,-32.00127664,14.3228
115.93415653,-32.00127582,14.3217
115.93415847,-32.00127418,14.3193
115.93416040,-32.00127255,14.3170
115.93416233,-32.00127091,14.3146
115.93416426,-32.00126927,14.3123
115.93416619,-32.00126764,14.3100
115.93416813,-32.00126600,14.3076
115.93417006,-32.00126436,14.3053
115.93417199,-32.00126273,14.3029
115.93417392,-32.00126109,14.3006
115.93417585,-32.00125945,14.2983
115.93417778,-32.00125782,14.2959
</coordinates>
</LineString>
<LineString>
<tessellate>1</tessellate>
<coordinates>
115.93420094,-32.00123820,14.2686
115.93420283,-32.00123660,14.2679
115.93420472,-32.00123500,14.2671
115.93420661,-32.00123340,14.2664
</coordinates>
</LineString>
<LineString>
<tessellate>1</tessellate>
<coordinates>
115.93423494,-32.00120940,14.2550
115.93423683,-32.00120780,14.2543
</coordinates>
</LineString>
<LineString>
<tessellate>1</tessellate>
<coordinates>
115.93424061,-32.00120460,14.2528
115.93424250,-32.00120300,14.2520
115.93424439,-32.00120140,14.2512
115.93424628,-32.00119980,14.2505
115.93424817,-32.00119820,14.2497
115.93425006,-32.00119660,14.2490
115.93425194,-32.00119500,14.2482
115.93425383,-32.00119340,14.2475
115.93425572,-32.00119180,14.2467
115.93425761,-32.00119020,14.2460
115.93425950,-32.00118860,14.2452
115.93426139,-32.00118700,14.2444
115.93426328,-32.00118540,14.2437
115.93426517,-32.00118380,14.2429
115.93426706,-32.00118220,14.2422
115.93426894,-32.00118060,14.2414
115.93427083,-32.00117900,14.2407
115.93427272,-32.00117740,14.2399
115.93427461,-32.00117580,14.2392
115.93427650,-32.00117420,14.2384
115.93427839,-32.00117260,14.2376
115.93428028,-32.00117100,14.2369
115.93428217,-32.00116940,14.2361
115.93428406,-32.00116780,14.2354
115.93428591,-32.00116622,14.2352
115.93428774,-32.00116465,14.2356
115.93428957,-32.00116309,14.2360
115.93429139,-32.00116152,14.2364
115.93429322,-32.00115996,14.2368
115.93429504,-32.00115839,14.2372
115.93429687,-32.00115683,14.2375
115.93429870,-32.00115526,14.2379
115.93430052,-32.00115370,14.2383
115.93430235,-32.00115213,14.2387
115.93430417,-32.00115057,14.2391
115.93430600,-32.00114900,14.2395
115.93430783,-32.00114743,14.2399
115.93430965,-32.00114587,14.2403
115.93431148,-32.00114430,14.2407
115.93431330,-32.00114274,14.2411
115.93431513,-32.00114117,14.2415
115.93431696,-32.00113961,14.2418
115.93431878,-32.00113804,14.2422
115.93432061,-32.00113648,14.2426
115.93432243,-32.00113491,14.2430
115.93432426,-32.00113335,14.2434
115.93432609,-32.00113178,14.2438
115.93432791,-32.00113022,14.2442
115.93432974,-32.00112865,14.2446
115.93433157,-32.00112709,14.2450
115.93433339,-32.00112552,14.2454
115.93433522,-32.00112396,14.2458
115.93433704,-32.00112239,14.2462
115.93433887,-32.00112083,14.2465
115.93434070,-32.00111926,14.2469
115.93434252,-32.00111770,14.2473
115.93434435,-32.00111613,14.2477
115.93434617,-32.00111457,14.2481
115.93434800,-32.00111300,14.2485
115.93434983,-32.00111143,14.2489
115.93435165,-32.00110987,14.2493
115.93435348,-32.00110830,14.2497
115.93435530,-32.00110674,14.2501
115.93435713,-32.00110517,14.2505
115.93435896,-32.00110361,14.2508
115.93436078,-32.00110204,14.2512
115.93436261,-32.00110048,14.2516
115.93436443,-32.00109891,14.2520
115.93436626,-32.00109735,14.2524
</coordinates>
</LineString>
<LineString>
<tessellate>1</tessellate>
<coordinates>
115.93436809,-32.00109578,14.2528
115.93436990,-32.00109424,14.2535
115.93437171,-32.00109273,14.2544
115.93437352,-32.00109122,14.2553
115.93437533,-32.00108971,14.2563
115.93437714,-32.00108820,14.2572
</coordinates>
</LineString>
<LineString>
<tessellate>1</tessellate>
<coordinates>
115.93437895,-32.00108669,14.2581
115.93438076,-32.00108518,14.2591
115.93438256,-32.00108367,14.2600
115.93438437,-32.00108216,14.2610
115.93438618,-32.00108065,14.2619
115.93438799,-32.00107914,14.2628
115.93438980,-32.00107763,14.2638
115.93439161,-32.00107612,14.2647
115.93439341,-32.00107461,14.2656
115.93439522,-32.00107310,14.2666
115.93439703,-32.00107159,14.2675
115.93439884,-32.00107007,14.2684
115.93440065,-32.00106856,14.2694
115.93440246,-32.00106705,14.2703
115.93440427,-32.00106554,14.2713
115.93440607,-32.00106403,14.2722
115.93440788,-32.00106252,14.2731
115.93440969,-32.00106101,14.2741
115.93441150,-32.00105950,14.2750
115.93441331,-32.00105799,14.2759
115.93441512,-32.00105648,14.2769
115.93441693,-32.00105497,14.2778
115.93441873,-32.00105346,14.2787
115.93442054,-32.00105195,14.2797
115.93442235,-32.00105044,14.2806
115.93442416,-32.00104893,14.2816
115.93442597,-32.00104741,14.2825
115.93442778,-32.00104590,14.2834
115.93442959,-32.00104439,14.2844
115.93443139,-32.00104288,14.2853
115.93443320,-32.00104137,14.2862
115.93443501,-32.00103986,14.2872
115.93443682,-32.00103835,14.2881
115.93443863,-32.00103684,14.2890
115.93444044,-32.00103533,14.2900
115.93444224,-32.00103382,14.2909
115.93444405,-32.00103231,14.2919
115.93444586,-32.00103080,14.2928
115.93444767,-32.00102929,14.2937
115.93444948,-32.00102778,14.2947
115.93445129,-32.00102627,14.2956
115.93445310,-32.00102476,14.2965
115.93445499,-32.00102319,14.2940
115.93445697,-32.00102158,14.2879
115.93445894,-32.00101997,14.2819
115.93446092,-32.00101835,14.2758
115.93446290,-32.00101674,14.2698
115.93446488,-32.00101513,14.2638
115.93446685,-32.00101351,14.2577
115.93446883,-32.00101190,14.2517
115.93447081,-32.00101028,14.2456
115.93447278,-32.00100867,14.2396
115.93447476,-32.00100706,14.2335
115.93447674,-32.00100544,14.2275
115.93447872,-32.00100383,14.2214
115.93448069,-32.00100222,14.2154
115.93448267,-32.00100060,14.2093
115.93448465,-32.00099899,14.2033
115.93448662,-32.00099737,14.1973
115.93448860,-32.00099576,14.1912
115.93449058,-32.00099415,14.1852
115.93449256,-32.00099253,14.1791
115.93449453,-32.00099092,14.1731
115.93449651,-32.00098931,14.1670
115.93449849,-32.00098769,14.1610
115.93450047,-32.00098608,14.1549
115.93450244,-32.00098447,14.1489
115.93450442,-32.00098285,14.1428
115.93450640,-32.00098124,14.1368
115.93450837,-32.00097962,14.1308
115.93451035,-32.00097801,14.1247
115.93451233,-32.00097640,14.1187
115.93451431,-32.00097478,14.1126
115.93451628,-32.00097317,14.1066
115.93451826,-32.00097156,14.1005
115.93452024,-32.00096994,14.0945
115.93452222,-32.00096833,14.0884
115.93452419,-32.00096672,14.0824
115.93452617,-32.00096510,14.0763
115.93452815,-32.00096349,14.0703
115.93453013,-32.00096188,14.0643
115.93453210,-32.00096026,14.0582
115.93453408,-32.00095865,14.0522
115.93453606,-32.00095703,14.0461
115.93453803,-32.00095542,14.0401
115.93454001,-32.00095381,14.0340
115.93454199,-32.00095219,14.0284
115.93454397,-32.00095058,14.0231
115.93454594,-32.00094897,14.0179
115.93454792,-32.00094735,14.0126
115.93454990,-32.00094574,14.0074
115.93455188,-32.00094413,14.0021
115.93455385,-32.00094251,13.9969
115.93455583,-32.00094090,13.9916
115.93455781,-32.00093928,13.9864
115.93455978,-32.00093767,13.9811
115.93456176,-32.00093606,13.9759
115.93456374,-32.00093444,13.9706
115.93456572,-32.00093283,13.9654
115.93456769,-32.00093122,13.9601
115.93456967,-32.00092960,13.9549
115.93457165,-32.00092799,13.9496
115.93457363,-32.00092638,13.9444
115.93457560,-32.00092476,13.9391
115.93457758,-32.00092315,13.9339
115.93457956,-32.00092153,13.9286
115.93458153,-32.00091992,13.9234
115.93458351,-32.00091831,13.9181
115.93458549,-32.00091669,13.9129
115.93458747,-32.00091508,13.9076
115.93458944,-32.00091347,13.9024
115.93459142,-32.00091185,13.8971
115.93459340,-32.00091024,13.8919
115.93459538,-32.00090863,13.8866
115.93459735,-32.00090701,13.8814
115.93459933,-32.00090540,13.8761
115.93460131,-32.00090378,13.8709
115.93460328,-32.00090217,13.8656
115.93460526,-32.00090056,13.8604
115.93460724,-32.00089894,13.8551
115.93460922,-32.00089733,13.8499
115.93461119,-32.00089572,13.8446
115.93461317,-32.00089410,13.8394
115.93461515,-32.00089249,13.8341
115.93461713,-32.00089087,13.8289
115.93461910,-32.00088926,13.8236
115.93462108,-32.00088765,13.8184
115.93462306,-32.00088603,13.8131
115.93462503,-32.00088442,13.8079
115.93462701,-32.00088281,13.8026
115.93462897,-32.00088120,13.7981
115.93463090,-32.00087960,13.7943
115.93463283,-32.00087800,13.7906
115.93463477,-32.00087640,13.7868
115.93463670,-32.00087480,13.7830
115.93463863,-32.00087320,13.7792
115.93464057,-32.00087160,13.7754
115.93464250,-32.00087000,13.7717
115.93464443,-32.00086840,13.7679
115.93464637,-32.00086680,13.7641
115.93464830,-32.00086520,13.7603
115.93465023,-32.00086360,13.7566
115.93465217,-32.00086200,13.7528
115.93465410,-32.00086040,13.7490
115.93465603,-32.00085880,13.7452
115.93465797,-32.00085720,13.7414
115.93465990,-32.00085560,13.7377
115.93466183,-32.00085400,13.7339
115.93466377,-32.00085240,13.7301
115.93466570,-32.00085080,13.7263
115.93466763,-32.00084920,13.7226
115.93466957,-32.00084760,13.7188
115.93467150,-32.00084600,13.7150
115.93467343,-32.00084440,13.7112
115.93467537,-32.00084280,13.7074
115.93467730,-32.00084120,13.7037
115.93467923,-32.00083960,13.6999
115.93468117,-32.00083800,13.6961
115.93468310,-32.00083640,13.6923
115.93468503,-32.00083480,13.6886
115.93468697,-32.00083320,13.6848
115.93468890,-32.00083160,13.6810
115.93469083,-32.00083000,13.6772
115.93469277,-32.00082840,13.6734
115.93469470,-32.00082680,13.6697
115.93469663,-32.00082520,13.6659
115.93469857,-32.00082360,13.6621
115.93470050,-32.00082200,13.6583
115.93470243,-32.00082040,13.6546
115.93470437,-32.00081880,13.6508
115.93470630,-32.00081720,13.6470
115.93470823,-32.00081560,13.6432
115.93471017,-32.00081400,13.6394
115.93471210,-32.00081240,13.6357
115.93471403,-32.00081080,13.6319
115.93471596,-32.00080917,13.6310
115.93471787,-32.00080750,13.6330
115.93471978,-32.00080583,13.6349
115.93472169,-32.00080417,13.6369
115.93472360,-32.00080250,13.6389
115.93472551,-32.00080083,13.6409
115.93472742,-32.00079917,13.6429
115.93472933,-32.00079750,13.6448
115.93473124,-32.00079583,13.6468
115.93473316,-32.00079417,13.6488
115.93473507,-32.00079250,13.6508
115.93473698,-32.00079083,13.6527
115.93473889,-32.00078917,13.6547
115.93474080,-32.00078750,13.6567
115.93474271,-32.00078583,13.6587
115.93474462,-32.00078417,13.6607
115.93474653,-32.00078250,13.6626
115.93474844,-32.00078083,13.6646
115.93475036,-32.00077917,13.6666
115.93475227,-32.00077750,13.6686
115.93475418,-32.00077583,13.6705
115.93475609,-32.00077417,13.6725
115.93475800,-32.00077250,13.6745
115.93475991,-32.00077083,13.6765
115.93476182,-32.00076917,13.6785
115.93476373,-32.00076750,13.6804
115.93476564,-32.00076583,13.6824
115.93476756,-32.00076417,13.6844
115.93476947,-32.00076250,13.6864
115.93477138,-32.00076083,13.6883
115.93477329,-32.00075917,13.6903
115.93477520,-32.00075750,13.6923
115.93477711,-32.00075583,13.6943
115.93477902,-32.00075417,13.6963
115.93478093,-32.00075250,13.6982
115.93478284,-32.00075083,13.7002
115.93478476,-32.00074917,13.7022
115.93478667,-32.00074750,13.7042
115.93478858,-32.00074583,13.7061
115.93479049,-32.00074417,13.7081
115.93479240,-32.00074250,13.7101
115.93479431,-32.00074083,13.7121
115.93479622,-32.00073917,13.7141
</coordinates>
</LineString>
<LineString>
<tessellate>1</tessellate>
<coordinates>
115.93479813,-32.00073750,13.7160
115.93480004,-32.00073583,13.7180
115.93480194,-32.00073420,13.7186
115.93480381,-32.00073261,13.7178
115.93480568,-32.00073101,13.7170
115.93480755,-32.00072941,13.7162
115.93480943,-32.00072782,13.7154
115.93481130,-32.00072622,13.7146
115.93481317,-32.00072463,13.7137
115.93481504,-32.00072303,13.7129
115.93481691,-32.00072144,13.7121
115.93481879,-32.00071984,13.7113
115.93482066,-32.00071824,13.7105
115.93482253,-32.00071665,13.7097
115.93482440,-32.00071505,13.7089
115.93482628,-32.00071346,13.7081
115.93482815,-32.00071186,13.7073
115.93483002,-32.00071027,13.7065
115.93483189,-32.00070867,13.7057
115.93483377,-32.00070707,13.7049
115.93483564,-32.00070548,13.7040
115.93483751,-32.00070388,13.7032
115.93483938,-32.00070229,13.7024
115.93484126,-32.00070069,13.7016
115.93484313,-32.00069910,13.7008
115.93484500,-32.00069750,13.7000
115.93484687,-32.00069590,13.6992
115.93484874,-32.00069431,13.6984
115.93485062,-32.00069271,13.6976
115.93485249,-32.00069112,13.6968
115.93485436,-32.00068952,13.6960
115.93485623,-32.00068793,13.6951
115.93485811,-32.00068633,13.6943
115.93485998,-32.00068473,13.6935
115.93486185,-32.00068314,13.6927
115.93486372,-32.00068154,13.6919
115.93486560,-32.00067995,13.6911
115.93486747,-32.00067835,13.6903
115.93486934,-32.00067676,13.6895
115.93487121,-32.00067516,13.6887
115.93487309,-32.00067356,13.6879
115.93487496,-32.00067197,13.6871
115.93487683,-32.00067037,13.6863
115.93487870,-32.00066878,13.6854
115.93488057,-32.00066718,13.6846
115.93488245,-32.00066559,13.6838
115.93488432,-32.00066399,13.6830
115.93488619,-32.00066239,13.6822
115.93488806,-32.00066080,13.6814
</coordinates>
</LineString>
<LineString>
<tessellate>1</tessellate>
<coordinates>
115.93488990,-32.00065921,13.6803
115.93489169,-32.00065764,13.6788
</coordinates>
</LineString>
<LineString>
<tessellate>1</tessellate>
<coordinates>
115.93489349,-32.00065607,13.6773
115.93489529,-32.00065450,13.6759
115.93489708,-32.00065293,13.6744
115.93489888,-32.00065136,13.6729
115.93490067,-32.00064979,13.6714
115.93490247,-32.00064821,13.6700
115.93490427,-32.00064664,13.6685
115.93490606,-32.00064507,13.6670
115.93490786,-32.00064350,13.6656
115.93490965,-32.00064193,13.6641
115.93491145,-32.00064036,13.6626
115.93491324,-32.00063879,13.6612
115.93491504,-32.00063721,13.6597
115.93491684,-32.00063564,13.6582
115.93491863,-32.00063407,13.6568
115.93492043,-32.00063250,13.6553
115.93492222,-32.00063093,13.6538
115.93492402,-32.00062936,13.6523
</coordinates>
</LineString>
<LineString>
<tessellate>1</tessellate>
<coordinates>
115.93492582,-32.00062779,13.6509
115.93492761,-32.00062621,13.6494
115.93492941,-32.00062464,13.6479
115.93493120,-32.00062307,13.6465
115.93493300,-32.00062150,13.6450
115.93493480,-32.00061993,13.6435
115.93493659,-32.00061836,13.6421
115.93493839,-32.00061679,13.6406
115.93494018,-32.00061521,13.6391
115.93494198,-32.00061364,13.6377
115.93494378,-32.00061207,13.6362
115.93494557,-32.00061050,13.6347
115.93494737,-32.00060893,13.6332
115.93494916,-32.00060736,13.6318
115.93495096,-32.00060579,13.6303
115.93495276,-32.00060421,13.6288
115.93495455,-32.00060264,13.6274
115.93495635,-32.00060107,13.6259
115.93495814,-32.00059950,13.6244
115.93495994,-32.00059793,13.6230
115.93496173,-32.00059636,13.6215
115.93496353,-32.00059479,13.6200
115.93496533,-32.00059321,13.6186
115.93496712,-32.00059164,13.6171
115.93496892,-32.00059007,13.6156
115.93497071,-32.00058850,13.6141
115.93497251,-32.00058693,13.6127
115.93497431,-32.00058536,13.6112
115.93497610,-32.00058379,13.6097
115.93497791,-32.00058222,13.6099
115.93497972,-32.00058067,13.6116
115.93498154,-32.00057912,13.6134
115.93498336,-32.00057757,13.6151
115.93498517,-32.00057602,13.6169
115.93498699,-32.00057447,13.6187
115.93498881,-32.00057292,13.6204
115.93499062,-32.00057137,13.6222
115.93499244,-32.00056982,13.6239
115.93499426,-32.00056827,13.6257
115.93499607,-32.00056671,13.6274
115.93499789,-32.00056516,13.6292
115.93499970,-32.00056361,13.6309
115.93500152,-32.00056206,13.6327
115.93500334,-32.00056051,13.6344
115.93500515,-32.00055896,13.6362
115.93500697,-32.00055741,13.6380
115.93500879,-32.00055586,13.6397
115.93501060,-32.00055431,13.6415
115.93501242,-32.00055276,13.6432
115.93501423,-32.00055120,13.6450
115.93501605,-32.00054965,13.6467
115.93501787,-32.00054810,13.6485
115.93501968,-32.00054655,13.6502
115.93502150,-32.00054500,13.6520
115.93502332,-32.00054345,13.6538
115.93502513,-32.00054190,13.6555
115.93502695,-32.00054035,13.6573
115.93502877,-32.00053880,13.6590
115.93503058,-32.00053724,13.6608
115.93503240,-32.00053569,13.6625
115.93503421,-32.00053414,13.6643
115.93503603,-32.00053259,13.6660
115.93503785,-32.00053104,13.6678
115.93503966,-32.00052949,13.6696
115.93504148,-32.00052794,13.6713
115.93504330,-32.00052639,13.6731
115.93504511,-32.00052484,13.6748
115.93504693,-32.00052329,13.6766
115.93504874,-32.00052173,13.6783
115.93505056,-32.00052018,13.6801
115.93505238,-32.00051863,13.6818
115.93505419,-32.00051708,13.6836
115.93505601,-32.00051553,13.6853
115.93505783,-32.00051398,13.6871
</coordinates>
</LineString>
<LineString>
<tessellate>1</tessellate>
<coordinates>
115.93508609,-32.00048965,13.7304
115.93508800,-32.00048800,13.7338
115.93508991,-32.00048635,13.7371
115.93509183,-32.00048470,13.7405
115.93509374,-32.00048304,13.7439
115.93509565,-32.00048139,13.7472
115.93509757,-32.00047974,13.7506
115.93509948,-32.00047809,13.7540
115.93510139,-32.00047643,13.7573
115.93510330,-32.00047478,13.7607
115.93510522,-32.00047313,13.7641
115.93510713,-32.00047148,13.7674
115.93510904,-32.00046983,13.7708
115.93511096,-32.00046817,13.7742
115.93511287,-32.00046652,13.7776
115.93511478,-32.00046487,13.7809
115.93511670,-32.00046322,13.7843
115.93511861,-32.00046157,13.7877
115.93512052,-32.00045991,13.7910
</coordinates>
</LineString>
<LineString>
<tessellate>1</tessellate>
<coordinates>
115.93513104,-32.00045083,13.8096
115.93513200,-32.00045000,13.8112
</coordinates>
</LineString>
<LineString>
<tessellate>1</tessellate>
<coordinates>
115.93513870,-32.00044422,13.8230
</coordinates>
</LineString>
<LineString>
<tessellate>1</tessellate>
<coordinates>
115.93515783,-32.00042778,13.8593
115.93515878,-32.00042698,13.8616
115.93516070,-32.00042537,13.8662
115.93516261,-32.00042376,13.8708
115.93516452,-32.00042215,13.8755
115.93516643,-32.00042054,13.8801
115.93516835,-32.00041893,13.8847
115.93517026,-32.00041733,13.8894
115.93517217,-32.00041572,13.8940
115.93517409,-32.00041411,13.8986
115.93517600,-32.00041250,13.9033
115.93517791,-32.00041089,13.9079
115.93517983,-32.00040928,13.9125
115.93518174,-32.00040767,13.9171
115.93518365,-32.00040607,13.9218
115.93518557,-32.00040446,13.9264
115.93518748,-32.00040285,13.9310
115.93518939,-32.00040124,13.9357
115.93519130,-32.00039963,13.9403
115.93519322,-32.00039802,13.9449
115.93519513,-32.00039641,13.9496
115.93519704,-32.00039480,13.9542
115.93519896,-32.00039320,13.9588
115.93520087,-32.00039159,13.9634
115.93520278,-32.00038998,13.9681
115.93520470,-32.00038837,13.9727
115.93520661,-32.00038676,13.9773
115.93520852,-32.00038515,13.9820
115.93521043,-32.00038354,13.9866
115.93521235,-32.00038193,13.9912
115.93521426,-32.00038033,13.9959
115.93521617,-32.00037872,14.0005
115.93521809,-32.00037711,14.0051
115.93522000,-32.00037550,14.0098
115.93522191,-32.00037389,14.0144
115.93522383,-32.00037228,14.0190
115.93522574,-32.00037067,14.0236
115.93522765,-32.00036907,14.0283
115.93522957,-32.00036746,14.0329
115.93523148,-32.00036585,14.0375
115.93523339,-32.00036424,14.0422
115.93523530,-32.00036263,14.0468
115.93523722,-32.00036102,14.0514
115.93523913,-32.00035941,14.0561
115.93524104,-32.00035780,14.0607
115.93524298,-32.00035617,14.0658
115.93524493,-32.00035450,14.0714
115.93524689,-32.00035283,14.0770
115.93524884,-32.00035117,14.0826
</coordinates>
</LineString>
<LineString>
<tessellate>1</tessellate>
<coordinates>
115.93526840,-32.00033450,14.1386
115.93527036,-32.00033283,14.1442
115.93527231,-32.00033117,14.1498
115.93527427,-32.00032950,14.1554
115.93527622,-32.00032783,14.1610
115.93527818,-32.00032617,14.1666
115.93528013,-32.00032450,14.1722
115.93528209,-32.00032283,14.1778
115.93528404,-32.00032117,14.1834
115.93528600,-32.00031950,14.1890
115.93528796,-32.00031783,14.1946
115.93528991,-32.00031617,14.2002
115.93529187,-32.00031450,14.2058
115.93529382,-32.00031283,14.2114
115.93529578,-32.00031117,14.2170
115.93529773,-32.00030950,14.2226
115.93529969,-32.00030783,14.2282
115.93530164,-32.00030617,14.2338
115.93530360,-32.00030450,14.2394
115.93530556,-32.00030283,14.2450
115.93530751,-32.00030117,14.2506
115.93530947,-32.00029950,14.2562
115.93531142,-32.00029783,14.2618
115.93531338,-32.00029617,14.2674
115.93531533,-32.00029450,14.2730
115.93531729,-32.00029283,14.2786
115.93531924,-32.00029117,14.2842
115.93532120,-32.00028950,14.2898
115.93532316,-32.00028783,14.2954
115.93532511,-32.00028617,14.3010
115.93532707,-32.00028450,14.3066
115.93532902,-32.00028283,14.3122
115.93533091,-32.00028123,14.3179
115.93533272,-32.00027969,14.3238
115.93533453,-32.00027815,14.3297
115.93533634,-32.00027660,14.3356
115.93533816,-32.00027506,14.3415
115.93533997,-32.00027352,14.3474
115.93534178,-32.00027198,14.3533
115.93534359,-32.00027044,14.3592
115.93534541,-32.00026890,14.3651
115.93534722,-32.00026735,14.3710
115.93534903,-32.00026581,14.3769
115.93535084,-32.00026427,14.3828
115.93535266,-32.00026273,14.3887
115.93535447,-32.00026119,14.3946
115.93535628,-32.00025965,14.4005
115.93535809,-32.00025810,14.4064
115.93535991,-32.00025656,14.4123
115.93536172,-32.00025502,14.4182
115.93536353,-32.00025348,14.4241
115.93536534,-32.00025194,14.4300
115.93536716,-32.00025040,14.4359
115.93536897,-32.00024885,14.4418
115.93537078,-32.00024731,14.4477
115.93537259,-32.00024577,14.4536
115.93537441,-32.00024423,14.4594
115.93537622,-32.00024269,14.4653
115.93537803,-32.00024115,14.4712
115.93537984,-32.00023960,14.4771
115.93538166,-32.00023806,14.4830
115.93538347,-32.00023652,14.4889
115.93538528,-32.00023498,14.4948
115.93538709,-32.00023344,14.5007
115.93538891,-32.00023190,14.5066
115.93539072,-32.00023035,14.5125
115.93539253,-32.00022881,14.5184
115.93539434,-32.00022727,14.5243
115.93539616,-32.00022573,14.5302
115.93539797,-32.00022419,14.5361
115.93539978,-32.00022265,14.5420
115.93540159,-32.00022110,14.5479
115.93540341,-32.00021956,14.5538
115.93540522,-32.00021802,14.5597
115.93540703,-32.00021648,14.5656
115.93540884,-32.00021494,14.5715
115.93541066,-32.00021340,14.5774
115.93541247,-32.00021185,14.5833
115.93541428,-32.00021031,14.5892
115.93541609,-32.00020877,14.5951
115.93541789,-32.00020722,14.6004
115.93541968,-32.00020567,14.6053
115.93542147,-32.00020412,14.6101
115.93542326,-32.00020256,14.6150
115.93542504,-32.00020101,14.6198
115.93542683,-32.00019946,14.6247
115.93542862,-32.00019790,14.6295
115.93543040,-32.00019635,14.6344
115.93543219,-32.00019480,14.6392
115.93543398,-32.00019324,14.6441
115.93543577,-32.00019169,14.6489
115.93543755,-32.00019014,14.6538
115.93543934,-32.00018859,14.6586
115.93544113,-32.00018703,14.6635
115.93544291,-32.00018548,14.6683
115.93544470,-32.00018393,14.6732
115.93544649,-32.00018237,14.6780
115.93544828,-32.00018082,14.6829
115.93545006,-32.00017927,14.6877
115.93545185,-32.00017771,14.6926
115.93545364,-32.00017616,14.6974
115.93545543,-32.00017461,14.7023
115.93545721,-32.00017305,14.7071
115.93545900,-32.00017150,14.7120
115.93546079,-32.00016995,14.7169
115.93546257,-32.00016839,14.7217
115.93546436,-32.00016684,14.7266
115.93546615,-32.00016529,14.7314
115.93546794,-32.00016373,14.7363
115.93546972,-32.00016218,14.7411
115.93547151,-32.00016063,14.7460
115.93547330,-32.00015907,14.7508
115.93547509,-32.00015752,14.7557
115.93547687,-32.00015597,14.7605
115.93547866,-32.00015441,14.7654
115.93548045,-32.00015286,14.7702
115.93548223,-32.00015131,14.7751
115.93548402,-32.00014976,14.7799
115.93548581,-32.00014820,14.7848
115.93548760,-32.00014665,14.7896
115.93548938,-32.00014510,14.7945
115.93549117,-32.00014354,14.7993
115.93549296,-32.00014199,14.8042
115.93549474,-32.00014044,14.8090
115.93549653,-32.00013888,14.8139
115.93549832,-32.00013733,14.8187
115.93550011,-32.00013578,14.8236
115.93550191,-32.00013422,14.8281
115.93550373,-32.00013267,14.8323
115.93550556,-32.00013111,14.8366
115.93550738,-32.00012956,14.8408
115.93550920,-32.00012800,14.8450
115.93551102,-32.00012644,14.8492
115.93551284,-32.00012489,14.8534
115.93551467,-32.00012333,14.8577
115.93551649,-32.00012178,14.8619
115.93551831,-32.00012022,14.8661
115.93552013,-32.00011867,14.8703
115.93552196,-32.00011711,14.8746
115.93552378,-32.00011556,14.8788
115.93552560,-32.00011400,14.8830
115.93552742,-32.00011244,14.8872
115.93552924,-32.00011089,14.8914
115.93553107,-32.00010933,14.8957
115.93553289,-32.00010778,14.8999
115.93553471,-32.00010622,14.9041
115.93553653,-32.00010467,14.9083
115.93553836,-32.00010311,14.9126
115.93554018,-32.00010156,14.9168
115.93554200,-32.00010000,14.9210
115.93554382,-32.00009844,14.9252
115.93554564,-32.00009689,14.9294
115.93554747,-32.00009533,14.9337
115.93554929,-32.00009378,14.9379
115.93555111,-32.00009222,14.9421
115.93555293,-32.00009067,14.9463
115.93555476,-32.00008911,14.9506
115.93555658,-32.00008756,14.9548
115.93555840,-32.00008600,14.9590
115.93556022,-32.00008444,14.9632
115.93556204,-32.00008289,14.9674
115.93556387,-32.00008133,14.9717
115.93556569,-32.00007978,14.9759
115.93556751,-32.00007822,14.9801
115.93556933,-32.00007667,14.9843
115.93557116,-32.00007511,14.9886
115.93557298,-32.00007356,14.9928
115.93557480,-32.00007200,14.9970
115.93557662,-32.00007044,15.0012
115.93557844,-32.00006889,15.0054
115.93558027,-32.00006733,15.0097
115.93558209,-32.00006578,15.0139
115.93558392,-32.00006422,15.0182
115.93558576,-32.00006265,15.0226
115.93558760,-32.00006108,15.0270
115.93558944,-32.00005951,15.0314
115.93559128,-32.00005794,15.0358
115.93559313,-32.00005638,15.0403
115.93559497,-32.00005481,15.0447
115.93559681,-32.00005324,15.0491
115.93559865,-32.00005167,15.0535
115.93560049,-32.00005010,15.0579
115.93560233,-32.00004853,15.0623
115.93560417,-32.00004697,15.0667
115.93560601,-32.00004540,15.0711
115.93560785,-32.00004383,15.0755
115.93560969,-32.00004226,15.0799
115.93561153,-32.00004069,15.0843
115.93561338,-32.00003913,15.0888
115.93561522,-32.00003756,15.0932
115.93561706,-32.00003599,15.0976
115.93561890,-32.00003442,15.1020
115.93562074,-32.00003285,15.1064
115.93562258,-32.00003128,15.1108
115.93562442,-32.00002972,15.1152
115.93562626,-32.00002815,15.1196
115.93562810,-32.00002658,15.1240
115.93562994,-32.00002501,15.1284
115.93563178,-32.00002344,15.1328
115.93563362,-32.00002188,15.1373
115.93563547,-32.00002031,15.1417
115.93563731,-32.00001874,15.1461
115.93563915,-32.00001717,15.1505
115.93564099,-32.00001560,15.1549
115.93564283,-32.00001403,15.1593
115.93564467,-32.00001247,15.1637
115.93564651,-32.00001090,15.1681
115.93564835,-32.00000933,15.1725
115.93565019,-32.00000776,15.1769
115.93565203,-32.00000619,15.1813
115.93565388,-32.00000462,15.1858
115.93565572,-32.00000306,15.1902
115.93565756,-32.00000149,15.1946
115.93565940,-31.99999992,15.1990
115.93566124,-31.99999835,15.2034
115.93566308,-31.99999678,15.2078
115.93566494,-31.99999520,15.2115
115.93566682,-31.99999361,15.2145
115.93566870,-31.99999201,15.2176
115.93567058,-31.99999042,15.2206
115.93567246,-31.99998882,15.2236
115.93567435,-31.99998723,15.2266
115.93567623,-31.99998563,15.2297
115.93567811,-31.99998404,15.2327
115.93567999,-31.99998244,15.2357
115.93568187,-31.99998085,15.2387
115.93568375,-31.99997925,15.2418
115.93568563,-31.99997765,15.2448
115.93568751,-31.99997606,15.2478
115.93568939,-31.99997446,15.2508
115.93569127,-31.99997287,15.2538
115.93569315,-31.99997127,15.2569
115.93569504,-31.99996968,15.2599
115.93569692,-31.99996808,15.2629
</coordinates>
</LineString>
<LineString>
<tessellate>1</tessellate>
<coordinates>
115.93569880,-31.99996649,15.2659
115.93570068,-31.99996489,15.2690
115.93570256,-31.99996330,15.2720
115.93570444,-31.99996170,15.2750
115.93570632,-31.99996011,15.2780
115.93570820,-31.99995851,15.2811
115.93571008,-31.99995692,15.2841
115.93571196,-31.99995532,15.2871
115.93571385,-31.99995373,15.2901
115.93571573,-31.99995213,15.2932
115.93571761,-31.99995054,15.2962
115.93571949,-31.99994894,15.2992
115.93572137,-31.99994735,15.3022
115.93572325,-31.99994575,15.3053
115.93572513,-31.99994415,15.3083
115.93572701,-31.99994256,15.3113
115.93572889,-31.99994096,15.3143
115.93573077,-31.99993937,15.3173
115.93573265,-31.99993777,15.3204
115.93573454,-31.99993618,15.3234
115.93573642,-31.99993458,15.3264
115.93573830,-31.99993299,15.3294
115.93574018,-31.99993139,15.3325
115.93574206,-31.99992980,15.3355
115.93574394,-31.99992821,15.3380
115.93574582,-31.99992662,15.3399
115.93574770,-31.99992504,15.3418
115.93574957,-31.99992345,15.3437
115.93575145,-31.99992187,15.3457
115.93575333,-31.99992028,15.3476
115.93575521,-31.99991870,15.3495
115.93575709,-31.99991711,15.3515
115.93575896,-31.99991552,15.3534
115.93576084,-31.99991394,15.3553
115.93576272,-31.99991235,15.3572
115.93576460,-31.99991077,15.3592
115.93576648,-31.99990918,15.3611
115.93576835,-31.99990760,15.3630
115.93577023,-31.99990601,15.3649
115.93577211,-31.99990443,15.3669
115.93577399,-31.99990284,15.3688
115.93577587,-31.99990126,15.3707
115.93577774,-31.99989967,15.3726
115.93577962,-31.99989809,15.3746
115.93578150,-31.99989650,15.3765
115.93578338,-31.99989491,15.3784
115.93578526,-31.99989333,15.3804
115.93578713,-31.99989174,15.3823
115.93578901,-31.99989016,15.3842
115.93579089,-31.99988857,15.3861
115.93579277,-31.99988699,15.3881
115.93579465,-31.99988540,15.3900
115.93579652,-31.99988382,15.3919
115.93579840,-31.99988223,15.3938
115.93580028,-31.99988065,15.3958
115.93580216,-31.99987906,15.3977
115.93580404,-31.99987748,15.3996
115.93580591,-31.99987589,15.4015
115.93580779,-31.99987430,15.4035
115.93580967,-31.99987272,15.4054
</coordinates>
</LineString>
<LineString>
<tessellate>1</tessellate>
<coordinates>
115.93581155,-31.99987113,15.4073
115.93581343,-31.99986955,15.4093
115.93581530,-31.99986796,15.4112
115.93581718,-31.99986638,15.4131
115.93581906,-31.99986479,15.4150
115.93582094,-31.99986320,15.4167
115.93582281,-31.99986160,15.4182
115.93582469,-31.99986000,15.4196
115.93582656,-31.99985840,15.4211
115.93582844,-31.99985680,15.4225
115.93583031,-31.99985520,15.4240
115.93583219,-31.99985360,15.4254
115.93583406,-31.99985200,15.4269
115.93583594,-31.99985040,15.4283
115.93583781,-31.99984880,15.4298
115.93583969,-31.99984720,15.4312
115.93584156,-31.99984560,15.4327
115.93584344,-31.99984400,15.4341
115.93584531,-31.99984240,15.4356
115.93584719,-31.99984080,15.4370
115.93584906,-31.99983920,15.4385
115.93585094,-31.99983760,15.4399
115.93585281,-31.99983600,15.4414
115.93585469,-31.99983440,15.4428
115.93585656,-31.99983280,15.4443
115.93585844,-31.99983120,15.4457
115.93586031,-31.99982960,15.4472
115.93586219,-31.99982800,15.4486
115.93586406,-31.99982640,15.4501
115.93586594,-31.99982480,15.4515
115.93586781,-31.99982320,15.4530
115.93586969,-31.99982160,15.4544
115.93587156,-31.99982000,15.4559
115.93587344,-31.99981840,15.4573
115.93587531,-31.99981680,15.4588
115.93587719,-31.99981520,15.4602
115.93587906,-31.99981360,15.4617
115.93588094,-31.99981200,15.4631
115.93588281,-31.99981040,15.4646
115.93588469,-31.99980880,15.4660
115.93588656,-31.99980720,15.4675
115.93588844,-31.99980560,15.4689
115.93589031,-31.99980400,15.4704
115.93589219,-31.99980240,15.4718
115.93589406,-31.99980080,15.4733
115.93589594,-31.99979921,15.4739
115.93589781,-31.99979762,15.4737
115.93589968,-31.99979603,15.4736
115.93590155,-31.99979444,15.4734
115.93590342,-31.99979285,15.4732
115.93590529,-31.99979126,15.4730
115.93590717,-31.99978967,15.4728
115.93590904,-31.99978808,15.4727
115.93591091,-31.99978649,15.4725
115.93591278,-31.99978490,15.4723
115.93591465,-31.99978331,15.4721
115.93591653,-31.99978172,15.4719
115.93591840,-31.99978013,15.4718
115.93592027,-31.99977854,15.4716
115.93592214,-31.99977695,15.4714
115.93592401,-31.99977536,15.4712
</coordinates>
</LineString>
<LineString>
<tessellate>1</tessellate>
<coordinates>
115.93592588,-31.99977377,15.4710
115.93592776,-31.99977218,15.4709
115.93592963,-31.99977059,15.4707
115.93593150,-31.99976900,15.4705
115.93593337,-31.99976741,15.4703
115.93593524,-31.99976582,15.4701
115.93593712,-31.99976423,15.4700
115.93593899,-31.99976264,15.4698
115.93594086,-31.99976105,15.4696
115.93594273,-31.99975946,15.4694
115.93594460,-31.99975787,15.4692
115.93594647,-31.99975628,15.4691
115.93594835,-31.99975469,15.4689
115.93595022,-31.99975310,15.4687
115.93595209,-31.99975151,15.4685
115.93595396,-31.99974992,15.4683
</coordinates>
</LineString>
<LineString>
<tessellate>1</tessellate>
<coordinates>
115.93595958,-31.99974515,15.4678
115.93596145,-31.99974356,15.4676
115.93596332,-31.99974197,15.4674
115.93596519,-31.99974038,15.4673
115.93596706,-31.99973879,15.4671
115.93596896,-31.99973723,15.4617
115.93597088,-31.99973569,15.4512
115.93597281,-31.99973415,15.4407
115.93597473,-31.99973262,15.4301
115.93597665,-31.99973108,15.4196
115.93597858,-31.99972954,15.4090
115.93598050,-31.99972800,15.3985
115.93598242,-31.99972646,15.3880
115.93598435,-31.99972492,15.3774
115.93598627,-31.99972338,15.3669
115.93598819,-31.99972185,15.3563
115.93599012,-31.99972031,15.3458
115.93599204,-31.99971877,15.3353
115.93599396,-31.99971723,15.3247
115.93599588,-31.99971569,15.3142
115.93599781,-31.99971415,15.3037
115.93599973,-31.99971262,15.2931
115.93600165,-31.99971108,15.2826
115.93600358,-31.99970954,15.2720
115.93600550,-31.99970800,15.2615
115.93600742,-31.99970646,15.2510
115.93600935,-31.99970492,15.2404
115.93601127,-31.99970338,15.2299
115.93601319,-31.99970185,15.2193
115.93601512,-31.99970031,15.2088
115.93601704,-31.99969877,15.1983
115.93601896,-31.99969723,15.1877
115.93602088,-31.99969569,15.1772
115.93602281,-31.99969415,15.1667
115.93602473,-31.99969262,15.1561
115.93602665,-31.99969108,15.1456
115.93602858,-31.99968954,15.1350
115.93603050,-31.99968800,15.1245
115.93603242,-31.99968646,15.1140
115.93603435,-31.99968492,15.1034
115.93603627,-31.99968338,15.0929
115.93603819,-31.99968185,15.0823
115.93604012,-31.99968031,15.0718
115.93604204,-31.99967877,15.0613
115.93604388,-31.99967722,15.0578
115.93604565,-31.99967565,15.0615
115.93604742,-31.99967409,15.0651
115.93604919,-31.99967253,15.0687
115.93605096,-31.99967096,15.0724
115.93605273,-31.99966940,15.0760
115.93605450,-31.99966783,15.0797
115.93605627,-31.99966627,15.0833
115.93605804,-31.99966471,15.0869
115.93605981,-31.99966314,15.0906
115.93606158,-31.99966158,15.0942
115.93606335,-31.99966001,15.0979
115.93606512,-31.99965845,15.1015
115.93606688,-31.99965688,15.1052
</coordinates>
</LineString>
<LineString>
<tessellate>1</tessellate>
<coordinates>
115.93607042,-31.99965376,15.1124
115.93607219,-31.99965219,15.1161
115.93607396,-31.99965063,15.1197
</coordinates>
</LineString>
<LineString>
<tessellate>1</tessellate>
<coordinates>
115.93607573,-31.99964906,15.1234
115.93607750,-31.99964750,15.1270
115.93607927,-31.99964594,15.1306
</coordinates>
</LineString>
<LineString>
<tessellate>1</tessellate>
<coordinates>
115.93608104,-31.99964437,15.1343
115.93608281,-31.99964281,15.1379
</coordinates>
</LineString>
<LineString>
<tessellate>1</tessellate>
<coordinates>
115.93608458,-31.99964124,15.1416
115.93608635,-31.99963968,15.1452
115.93608812,-31.99963812,15.1488
115.93608988,-31.99963655,15.1525
115.93609165,-31.99963499,15.1561
115.93609342,-31.99963342,15.1598
115.93609519,-31.99963186,15.1634
115.93609696,-31.99963029,15.1671
115.93609873,-31.99962873,15.1707
115.93610050,-31.99962717,15.1743
115.93610227,-31.99962560,15.1780
115.93610404,-31.99962404,15.1816
115.93610581,-31.99962247,15.1853
115.93610758,-31.99962091,15.1889
115.93610935,-31.99961935,15.1925
115.93611112,-31.99961778,15.1962
115.93611293,-31.99961619,15.1986
115.93611480,-31.99961457,15.1999
115.93611666,-31.99961295,15.2011
115.93611853,-31.99961132,15.2024
115.93612039,-31.99960970,15.2036
115.93612226,-31.99960808,15.2048
115.93612412,-31.99960646,15.2061
115.93612599,-31.99960484,15.2073
115.93612785,-31.99960322,15.2086
115.93612972,-31.99960159,15.2098
115.93613158,-31.99959997,15.2111
115.93613345,-31.99959835,15.2123
115.93613531,-31.99959673,15.2135
115.93613718,-31.99959511,15.2148
115.93613904,-31.99959349,15.2160
115.93614091,-31.99959186,15.2173
115.93614277,-31.99959024,15.2185
115.93614464,-31.99958862,15.2198
115.93614650,-31.99958700,15.2210
115.93614836,-31.99958538,15.2222
115.93615023,-31.99958376,15.2235
115.93615209,-31.99958214,15.2247
115.93615396,-31.99958051,15.2260
115.93615582,-31.99957889,15.2272
115.93615769,-31.99957727,15.2285
115.93615955,-31.99957565,15.2297
115.93616142,-31.99957403,15.2309
115.93616328,-31.99957241,15.2322
115.93616515,-31.99957078,15.2334
115.93616701,-31.99956916,15.2347
115.93616888,-31.99956754,15.2359
115.93617074,-31.99956592,15.2372
115.93617261,-31.99956430,15.2384
115.93617447,-31.99956268,15.2396
115.93617634,-31.99956105,15.2409
115.93617820,-31.99955943,15.2421
115.93618007,-31.99955781,15.2434
115.93618192,-31.99955619,15.2436
115.93618375,-31.99955458,15.2429
115.93618558,-31.99955297,15.2422
115.93618742,-31.99955136,15.2415
115.93618925,-31.99954975,15.2408
115.93619108,-31.99954814,15.2400
115.93619292,-31.99954653,15.2393
115.93619475,-31.99954492,15.2386
115.93619658,-31.99954331,15.2379
115.93619842,-31.99954169,15.2371
115.93620025,-31.99954008,15.2364
115.93620208,-31.99953847,15.2357
115.93620392,-31.99953686,15.2350
115.93620575,-31.99953525,15.2342
115.93620758,-31.99953364,15.2335
115.93620942,-31.99953203,15.2328
115.93621125,-31.99953042,15.2321
115.93621308,-31.99952881,15.2314
115.93621492,-31.99952719,15.2306
115.93621675,-31.99952558,15.2299
115.93621858,-31.99952397,15.2292
115.93622042,-31.99952236,15.2285
115.93622225,-31.99952075,15.2278
115.93622408,-31.99951914,15.2270
115.93622592,-31.99951753,15.2263
115.93622775,-31.99951592,15.2256
115.93622958,-31.99951431,15.2249
115.93623142,-31.99951269,15.2241
115.93623325,-31.99951108,15.2234
115.93623508,-31.99950947,15.2227
115.93623692,-31.99950786,15.2220
115.93623875,-31.99950625,15.2213
115.93624058,-31.99950464,15.2205
115.93624242,-31.99950303,15.2198
115.93624425,-31.99950142,15.2191
115.93624608,-31.99949981,15.2184
115.93624794,-31.99949818,15.2169
115.93624982,-31.99949655,15.2148
</coordinates>
</LineString>
<LineString>
<tessellate>1</tessellate>
<coordinates>
115.93625170,-31.99949491,15.2126
115.93625358,-31.99949327,15.2105
115.93625545,-31.99949164,15.2083
115.93625733,-31.99949000,15.2062
115.93625921,-31.99948836,15.2040
115.93626109,-31.99948673,15.2019
115.93626297,-31.99948509,15.1997
115.93626485,-31.99948345,15.1976
115.93626673,-31.99948182,15.1954
115.93626861,-31.99948018,15.1933
115.93627048,-31.99947855,15.1911
115.93627236,-31.99947691,15.1890
115.93627424,-31.99947527,15.1868
115.93627612,-31.99947364,15.1847
115.93627800,-31.99947200,15.1825
115.93627988,-31.99947036,15.1803
115.93628176,-31.99946873,15.1782
115.93628364,-31.99946709,15.1760
115.93628552,-31.99946545,15.1739
</coordinates>
</LineString>
<LineString>
<tessellate>1</tessellate>
<coordinates>
115.93630618,-31.99944745,15.1502
115.93630806,-31.99944582,15.1481
115.93630992,-31.99944420,15.1451
115.93631175,-31.99944260,15.1414
115.93631358,-31.99944100,15.1377
115.93631542,-31.99943940,15.1339
115.93631725,-31.99943780,15.1302
115.93631908,-31.99943620,15.1265
115.93632092,-31.99943460,15.1227
115.93632275,-31.99943300,15.1190
</coordinates>
</LineString>
<LineString>
<tessellate>1</tessellate>
<coordinates>
115.93634842,-31.99941060,15.0667
115.93635025,-31.99940900,15.0630
</coordinates>
</LineString>
<LineString>
<tessellate>1</tessellate>
<coordinates>
115.93635208,-31.99940740,15.0593
115.93635392,-31.99940580,15.0555
115.93635575,-31.99940420,15.0518
115.93635758,-31.99940260,15.0481
115.93635942,-31.99940100,15.0443
115.93636125,-31.99939940,15.0406
115.93636308,-31.99939780,15.0369
115.93636482,-31.99939630,15.0329
115.93636645,-31.99939490,15.0287
115.93636808,-31.99939350,15.0245
115.93636972,-31.99939210,15.0203
115.93637135,-31.99939070,15.0161
115.93637298,-31.99938930,15.0119
115.93637462,-31.99938790,15.0077
115.93637625,-31.99938650,15.0035
115.93637788,-31.99938510,14.9993
115.93637952,-31.99938370,14.9951
115.93638115,-31.99938230,14.9909
115.93638278,-31.99938090,14.9867
115.93638442,-31.99937950,14.9825
115.93638605,-31.99937810,14.9783
115.93638768,-31.99937670,14.9741
115.93638932,-31.99937530,14.9699
115.93639095,-31.99937390,14.9657
115.93639258,-31.99937250,14.9615
115.93639422,-31.99937110,14.9573
115.93639585,-31.99936970,14.9531
115.93639748,-31.99936830,14.9489
115.93639912,-31.99936690,14.9447
115.93640075,-31.99936550,14.9405
115.93640238,-31.99936410,14.9363
115.93640402,-31.99936270,14.9321
115.93640565,-31.99936130,14.9279
115.93640728,-31.99935990,14.9237
115.93640892,-31.99935850,14.9195
115.93641055,-31.99935710,14.9153
115.93641218,-31.99935570,14.9111
115.93641390,-31.99935423,14.9067
115.93641569,-31.99935269,14.9021
115.93641748,-31.99935115,14.8974
115.93641927,-31.99934960,14.8928
115.93642106,-31.99934806,14.8882
115.93642285,-31.99934652,14.8836
115.93642465,-31.99934498,14.8789
115.93642644,-31.99934344,14.8743
115.93642823,-31.99934190,14.8697
115.93643002,-31.99934035,14.8651
115.93643181,-31.99933881,14.8604
115.93643360,-31.99933727,14.8558
115.93643540,-31.99933573,14.8512
115.93643719,-31.99933419,14.8466
115.93643898,-31.99933265,14.8419
115.93644077,-31.99933110,14.8373
115.93644256,-31.99932956,14.8327
115.93644435,-31.99932802,14.8281
115.93644615,-31.99932648,14.8234
</coordinates>
</LineString>
<LineString>
<tessellate>1</tessellate>
<coordinates>
115.93644794,-31.99932494,14.8188
115.93644973,-31.99932340,14.8142
115.93645152,-31.99932185,14.8096
115.93645331,-31.99932031,14.8049
</coordinates>
</LineString>
<LineString>
<tessellate>1</tessellate>
<coordinates>
115.93648800,-31.99928800,14.7200
115.93648868,-31.99928724,14.7191
</coordinates>
</LineString>
<LineString>
<tessellate>1</tessellate>
<coordinates>
115.93649206,-31.99928341,14.7147
115.93649274,-31.99928265,14.7138
115.93649409,-31.99928112,14.7121
115.93649544,-31.99927959,14.7103
</coordinates>
</LineString>
<LineString>
<tessellate>1</tessellate>
<coordinates>
115.93650694,-31.99926659,14.6953
115.93650762,-31.99926582,14.6944
115.93650897,-31.99926429,14.6926
115.93651032,-31.99926276,14.6909
115.93651177,-31.99926130,14.6887
115.93651330,-31.99925990,14.6861
115.93651483,-31.99925850,14.6835
115.93651637,-31.99925710,14.6809
115.93651790,-31.99925570,14.6783
115.93651943,-31.99925430,14.6757
115.93652097,-31.99925290,14.6731
115.93652250,-31.99925150,14.6705
115.93652403,-31.99925010,14.6679
115.93652557,-31.99924870,14.6653
115.93652710,-31.99924730,14.6627
115.93652863,-31.99924590,14.6601
115.93653017,-31.99924450,14.6575
</coordinates>
</LineString>
<LineString>
<tessellate>1</tessellate>
<coordinates>
115.93653940,-31.99923840,14.7144
</coordinates>
</LineString>
<LineString>
<tessellate>1</tessellate>
<coordinates>
115.93654750,-31.99923450,14.8095
115.93654885,-31.99923385,14.8254
115.93655155,-31.99923255,14.8571
115.93655425,-31.99923125,14.8888
115.93655695,-31.99922995,14.9204
115.93655965,-31.99922865,14.9522
115.93656245,-31.99922780,14.9801
115.93656535,-31.99922740,15.0042
115.93656825,-31.99922700,15.0283
115.93657115,-31.99922660,15.0524
115.93657405,-31.99922620,15.0765
115.93657695,-31.99922580,15.1006
115.93657985,-31.99922540,15.1246
115.93658275,-31.99922500,15.1488
115.93658565,-31.99922460,15.1729
115.93658855,-31.99922420,15.1970
115.93659104,-31.99922419,15.2143
115.93659312,-31.99922458,15.2248
115.93659519,-31.99922496,15.2353
115.93659727,-31.99922535,15.2459
115.93659935,-31.99922573,15.2564
115.93660142,-31.99922612,15.2670
115.93660350,-31.99922650,15.2775
115.93660558,-31.99922688,15.2880
115.93660765,-31.99922727,15.2986
115.93660973,-31.99922765,15.3091
115.93661181,-31.99922804,15.3197
115.93661388,-31.99922842,15.3302
115.93661596,-31.99922881,15.3407
115.93661825,-31.99922981,15.3509
115.93662075,-31.99923144,15.3606
115.93662325,-31.99923306,15.3704
115.93662575,-31.99923469,15.3801
115.93662825,-31.99923631,15.3899
115.93663075,-31.99923794,15.3996
115.93663325,-31.99923956,15.4094
115.93663575,-31.99924119,15.4191
115.93663792,-31.99924325,15.2472
</coordinates>
</LineString>
<LineString>
<tessellate>1</tessellate>
<coordinates>
115.93665240,-31.99927580,11.7950
115.93665210,-31.99927770,11.6610
115.93665150,-31.99928150,11.3930
115.93665090,-31.99928530,11.1250
115.93665030,-31.99928910,10.8570
115.93664925,-31.99929288,10.6139
115.93664775,-31.99929662,10.3956
115.93664625,-31.99930038,10.1774
115.93664475,-31.99930413,9.9591
115.93664300,-31.99930750,9.8287
115.93664100,-31.99931050,9.7860
115.93663900,-31.99931350,9.7433
115.93663775,-31.99931538,9.7063
115.93663725,-31.99931613,9.6747
115.93663675,-31.99931687,9.6432
115.93663625,-31.99931762,9.6118
115.93663617,-31.99931783,9.5898
115.93663650,-31.99931750,9.5775
115.93663683,-31.99931717,9.5652
115.93663738,-31.99931637,9.5561
115.93663813,-31.99931513,9.5504
</coordinates>
</LineString>
<LineString>
<tessellate>1</tessellate>
<coordinates>
115.93664000,-31.99931200,9.5360
</coordinates>
</LineString>
<LineString>
<tessellate>1</tessellate>
<coordinates>
115.93664600,-31.99930333,9.4740
115.93664650,-31.99930250,9.4665
115.93664750,-31.99930083,9.4515
115.93664817,-31.99930000,9.4365
115.93664850,-31.99930000,9.4215
115.93664883,-31.99930000,9.4065
115.93664817,-31.99930050,9.4017
115.93664650,-31.99930150,9.4070
115.93664483,-31.99930250,9.4123
115.93664275,-31.99930388,9.4492
115.93664025,-31.99930563,9.5177
115.93663775,-31.99930738,9.5862
115.93663525,-31.99930913,9.6547
115.93663133,-31.99931133,9.7160
115.93662600,-31.99931400,9.7700
115.93662067,-31.99931667,9.8240
115.93661600,-31.99931857,9.8066
115.93661200,-31.99931971,9.7177
115.93660800,-31.99932086,9.6289
115.93660400,-31.99932200,9.5400
115.93660000,-31.99932314,9.4511
115.93659600,-31.99932429,9.3623
115.93659200,-31.99932543,9.2734
115.93658887,-31.99932627,9.2246
115.93658660,-31.99932680,9.2159
115.93658433,-31.99932733,9.2072
115.93658207,-31.99932787,9.1984
115.93657980,-31.99932840,9.1897
115.93657753,-31.99932893,9.1810
115.93657527,-31.99932947,9.1722
115.93657300,-31.99933000,9.1635
115.93657073,-31.99933053,9.1548
115.93656847,-31.99933107,9.1460
115.93656620,-31.99933160,9.1373
115.93656393,-31.99933213,9.1286
115.93656167,-31.99933267,9.1198
115.93655940,-31.99933320,9.1111
115.93655713,-31.99933373,9.1024
115.93655458,-31.99933442,9.1232
115.93655173,-31.99933527,9.1737
115.93654888,-31.99933612,9.2242
115.93654604,-31.99933696,9.2746
115.93654319,-31.99933781,9.3251
115.93654035,-31.99933865,9.3755
115.93653750,-31.99933950,9.4260
115.93653465,-31.99934035,9.4765
115.93653181,-31.99934119,9.5269
115.93652896,-31.99934204,9.5774
115.93652612,-31.99934288,9.6278
</coordinates>
</LineString>
<LineString>
<tessellate>1</tessellate>
<coordinates>
115.93652042,-31.99934458,9.7288
115.93651785,-31.99934571,9.7418
115.93651556,-31.99934712,9.7175
115.93651326,-31.99934853,9.6931
115.93651097,-31.99934994,9.6688
115.93650868,-31.99935135,9.6444
115.93650638,-31.99935276,9.6201
115.93650409,-31.99935418,9.5957
115.93650179,-31.99935559,9.5714
115.93649950,-31.99935700,9.5470
115.93649721,-31.99935841,9.5226
</coordinates>
</LineString>
<LineString>
<tessellate>1</tessellate>
<coordinates>
115.93649262,-31.99936124,9.4739
115.93649032,-31.99936265,9.4496
</coordinates>
</LineString>
<LineString>
<tessellate>1</tessellate>
<coordinates>
115.93648803,-31.99936406,9.4252
115.93648574,-31.99936547,9.4009
</coordinates>
</LineString>
<LineString>
<tessellate>1</tessellate>
<coordinates>
115.93648344,-31.99936688,9.3765
115.93648115,-31.99936829,9.3522
115.93647903,-31.99936977,9.3335
115.93647708,-31.99937132,9.3205
115.93647513,-31.99937288,9.3075
115.93647318,-31.99937443,9.2945
115.93647123,-31.99937598,9.2815
115.93646928,-31.99937753,9.2685
115.93646733,-31.99937908,9.2555
115.93646538,-31.99938063,9.2425
115.93646343,-31.99938218,9.2295
115.93646148,-31.99938373,9.2165
115.93645953,-31.99938528,9.2035
115.93645757,-31.99938683,9.1905
115.93645563,-31.99938837,9.1775
115.93645368,-31.99938993,9.1645
115.93645173,-31.99939148,9.1515
115.93644978,-31.99939303,9.1385
115.93644782,-31.99939458,9.1255
115.93644588,-31.99939613,9.1125
115.93644393,-31.99939768,9.0995
115.93644198,-31.99939923,9.0865
115.93643998,-31.99940086,9.0772
115.93643793,-31.99940257,9.0716
115.93643588,-31.99940429,9.0660
115.93643383,-31.99940600,9.0603
115.93643179,-31.99940771,9.0547
115.93642974,-31.99940943,9.0491
115.93642769,-31.99941114,9.0435
115.93642564,-31.99941286,9.0379
115.93642360,-31.99941457,9.0322
115.93642155,-31.99941629,9.0266
115.93641950,-31.99941800,9.0210
115.93641745,-31.99941971,9.0154
115.93641540,-31.99942143,9.0098
115.93641336,-31.99942314,9.0041
115.93641131,-31.99942486,8.9985
115.93640926,-31.99942657,8.9929
115.93640721,-31.99942829,8.9873
115.93640517,-31.99943000,8.9817
115.93640312,-31.99943171,8.9760
115.93640107,-31.99943343,8.9704
115.93639902,-31.99943514,8.9648
115.93639704,-31.99943667,9.0069
115.93639513,-31.99943802,9.0967
115.93639322,-31.99943937,9.1865
115.93639130,-31.99944072,9.2762
115.93638939,-31.99944207,9.3660
115.93638748,-31.99944341,9.4558
115.93638557,-31.99944476,9.5456
115.93638365,-31.99944611,9.6354
115.93638174,-31.99944746,9.7252
115.93637983,-31.99944880,9.8149
115.93637791,-31.99945015,9.9047
115.93637600,-31.99945150,9.9945
115.93637409,-31.99945285,10.0843
115.93637217,-31.99945420,10.1741
115.93637026,-31.99945554,10.2638
115.93636835,-31.99945689,10.3536
115.93636643,-31.99945824,10.4434
115.93636452,-31.99945959,10.5332
115.93636261,-31.99946093,10.6230
115.93636070,-31.99946228,10.7128
115.93635878,-31.99946363,10.8025
115.93635687,-31.99946498,10.8923
115.93635496,-31.99946633,10.9821
115.93635311,-31.99946771,11.0498
115.93635132,-31.99946914,11.0953
115.93634954,-31.99947057,11.1408
115.93634775,-31.99947200,11.1863
115.93634596,-31.99947343,11.2318
115.93634418,-31.99947486,11.2772
115.93634239,-31.99947629,11.3227
115.93634061,-31.99947771,11.3683
115.93633882,-31.99947914,11.4138
115.93633704,-31.99948057,11.4593
115.93633525,-31.99948200,11.5048
115.93633346,-31.99948343,11.5503
115.93633168,-31.99948486,11.5957
115.93632989,-31.99948629,11.6412
115.93632811,-31.99948771,11.6868
115.93632632,-31.99948914,11.7323
115.93632454,-31.99949057,11.7777
115.93632275,-31.99949200,11.8233
115.93632096,-31.99949343,11.8688
115.93631918,-31.99949486,11.9142
115.93631739,-31.99949629,11.9598
115.93631561,-31.99949771,12.0053
115.93631382,-31.99949914,12.0507
115.93631204,-31.99950057,12.0963
115.93631025,-31.99950200,12.1418
115.93630846,-31.99950343,12.1872
115.93630668,-31.99950486,12.2327
115.93630489,-31.99950629,12.2783
115.93630298,-31.99950781,12.3193
115.93630094,-31.99950942,12.3560
115.93629890,-31.99951104,12.3927
115.93629687,-31.99951265,12.4294
115.93629483,-31.99951427,12.4661
115.93629279,-31.99951588,12.5028
115.93629075,-31.99951750,12.5395
115.93628871,-31.99951912,12.5762
115.93628667,-31.99952073,12.6129
115.93628463,-31.99952235,12.6496
115.93628260,-31.99952396,12.6863
115.93628056,-31.99952558,12.7230
115.93627852,-31.99952719,12.7597
115.93627648,-31.99952881,12.7963
115.93627444,-31.99953042,12.8330
115.93627240,-31.99953204,12.8697
115.93627037,-31.99953365,12.9064
115.93626833,-31.99953527,12.9431
115.93626629,-31.99953688,12.9798
115.93626425,-31.99953850,13.0165
115.93626221,-31.99954012,13.0532
115.93626017,-31.99954173,13.0899
115.93625813,-31.99954335,13.1266
115.93625610,-31.99954496,13.1633
115.93625406,-31.99954658,13.2000
115.93625202,-31.99954819,13.2367
115.93624995,-31.99954995,13.2347
115.93624784,-31.99955184,13.1941
115.93624574,-31.99955374,13.1534
115.93624364,-31.99955564,13.1128
115.93624153,-31.99955753,13.0722
115.93623943,-31.99955943,13.0316
115.93623733,-31.99956133,12.9910
115.93623522,-31.99956322,12.9503
115.93623312,-31.99956512,12.9097
115.93623102,-31.99956702,12.8691
115.93622891,-31.99956891,12.8285
115.93622681,-31.99957081,12.7879
115.93622471,-31.99957271,12.7472
115.93622260,-31.99957460,12.7066
115.93622050,-31.99957650,12.6660
115.93621840,-31.99957840,12.6254
115.93621629,-31.99958029,12.5848
115.93621419,-31.99958219,12.5441
115.93621209,-31.99958409,12.5035
115.93620998,-31.99958598,12.4629
115.93620788,-31.99958788,12.4223
115.93620578,-31.99958978,12.3817
115.93620367,-31.99959167,12.3410
115.93620157,-31.99959357,12.3004
115.93619947,-31.99959547,12.2598
115.93619736,-31.99959736,12.2192
115.93619526,-31.99959926,12.1786
115.93619316,-31.99960116,12.1379
115.93619105,-31.99960305,12.0973
115.93618911,-31.99960471,12.0930
115.93618732,-31.99960614,12.1249
115.93618553,-31.99960756,12.1568
115.93618374,-31.99960898,12.1887
115.93618195,-31.99961041,12.2206
115.93618017,-31.99961183,12.2525
115.93617838,-31.99961326,12.2844
115.93617659,-31.99961468,12.3163
115.93617480,-31.99961611,12.3482
115.93617302,-31.99961753,12.3801
115.93617123,-31.99961895,12.4120
115.93616944,-31.99962038,12.4440
115.93616765,-31.99962180,12.4759
115.93616586,-31.99962323,12.5078
115.93616408,-31.99962465,12.5397
115.93616229,-31.99962608,12.5716
115.93616050,-31.99962750,12.6035
115.93615871,-31.99962892,12.6354
115.93615692,-31.99963035,12.6673
115.93615514,-31.99963177,12.6992
115.93615335,-31.99963320,12.7311
115.93615156,-31.99963462,12.7630
115.93614977,-31.99963605,12.7950
115.93614798,-31.99963747,12.8269
115.93614620,-31.99963889,12.8588
115.93614441,-31.99964032,12.8907
115.93614262,-31.99964174,12.9226
115.93614083,-31.99964317,12.9545
115.93613905,-31.99964459,12.9864
115.93613726,-31.99964602,13.0183
115.93613547,-31.99964744,13.0502
115.93613368,-31.99964886,13.0821
115.93613189,-31.99965029,13.1140
115.93613009,-31.99965175,13.1397
115.93612826,-31.99965325,13.1591
115.93612644,-31.99965475,13.1785
115.93612462,-31.99965625,13.1979
115.93612279,-31.99965775,13.2174
115.93612097,-31.99965925,13.2368
115.93611915,-31.99966075,13.2562
115.93611732,-31.99966225,13.2756
115.93611550,-31.99966375,13.2950
115.93611368,-31.99966525,13.3144
115.93611185,-31.99966675,13.3338
115.93611003,-31.99966825,13.3532
115.93610821,-31.99966975,13.3726
115.93610638,-31.99967125,13.3921
115.93610456,-31.99967275,13.4115
115.93610274,-31.99967425,13.4309
115.93610091,-31.99967575,13.4503
115.93609909,-31.99967725,13.4697
115.93609726,-31.99967875,13.4891
115.93609544,-31.99968025,13.5085
115.93609362,-31.99968175,13.5279
115.93609179,-31.99968325,13.5474
115.93608997,-31.99968475,13.5668
115.93608815,-31.99968625,13.5862
115.93608632,-31.99968775,13.6056
115.93608450,-31.99968925,13.6250
115.93608268,-31.99969075,13.6444
115.93608085,-31.99969225,13.6638
115.93607903,-31.99969375,13.6832
115.93607721,-31.99969525,13.7026
115.93607538,-31.99969675,13.7221
115.93607356,-31.99969825,13.7415
115.93607174,-31.99969975,13.7609
115.93606991,-31.99970125,13.7803
115.93606810,-31.99970276,13.7961
115.93606629,-31.99970429,13.8082
115.93606449,-31.99970582,13.8204
115.93606268,-31.99970735,13.8326
115.93606088,-31.99970887,13.8447
115.93605907,-31.99971040,13.8569
115.93605726,-31.99971193,13.8691
115.93605546,-31.99971346,13.8813
115.93605365,-31.99971499,13.8934
115.93605185,-31.99971651,13.9056
115.93605004,-31.99971804,13.9177
115.93604824,-31.99971957,13.9299
115.93604643,-31.99972110,13.9421
115.93604462,-31.99972262,13.9542
115.93604282,-31.99972415,13.9664
115.93604101,-31.99972568,13.9786
115.93603921,-31.99972721,13.9907
115.93603740,-31.99972874,14.0029
115.93603560,-31.99973026,14.0151
115.93603379,-31.99973179,14.0272
115.93603199,-31.99973332,14.0394
115.93603018,-31.99973485,14.0516
115.93602838,-31.99973637,14.0637
115.93602657,-31.99973790,14.0759
115.93602476,-31.99973943,14.0881
115.93602296,-31.99974096,14.1002
115.93602115,-31.99974249,14.1124
115.93601935,-31.99974401,14.1246
115.93601754,-31.99974554,14.1367
115.93601574,-31.99974707,14.1489
115.93601393,-31.99974860,14.1611
115.93601212,-31.99975012,14.1732
115.93601032,-31.99975165,14.1854
115.93600851,-31.99975318,14.1976
115.93600671,-31.99975471,14.2098
115.93600490,-31.99975624,14.2219
115.93600301,-31.99975782,14.2315
115.93600104,-31.99975947,14.2385
115.93599907,-31.99976112,14.2456
115.93599710,-31.99976276,14.2526
115.93599513,-31.99976441,14.2596
115.93599316,-31.99976606,14.2667
115.93599119,-31.99976771,14.2737
115.93598922,-31.99976935,14.2807
115.93598725,-31.99977100,14.2878
115.93598528,-31.99977265,14.2948
115.93598331,-31.99977429,14.3018
115.93598134,-31.99977594,14.3088
115.93597937,-31.99977759,14.3159
115.93597740,-31.99977924,14.3229
115.93597543,-31.99978088,14.3299
115.93597346,-31.99978253,14.3370
115.93597149,-31.99978418,14.3440
115.93596951,-31.99978582,14.3510
115.93596754,-31.99978747,14.3580
115.93596557,-31.99978912,14.3651
115.93596360,-31.99979076,14.3721
115.93596163,-31.99979241,14.3791
115.93595966,-31.99979406,14.3862
115.93595769,-31.99979571,14.3932
115.93595572,-31.99979735,14.4002
115.93595375,-31.99979900,14.4072
115.93595178,-31.99980065,14.4143
115.93594981,-31.99980229,14.4213
115.93594784,-31.99980394,14.4283
115.93594587,-31.99980559,14.4354
115.93594390,-31.99980724,14.4424
115.93594193,-31.99980888,14.4494
115.93593996,-31.99981053,14.4565
115.93593799,-31.99981218,14.4635
115.93593607,-31.99981381,14.4683
115.93593421,-31.99981542,14.4710
115.93593235,-31.99981703,14.4737
115.93593049,-31.99981864,14.4763
115.93592862,-31.99982025,14.4790
115.93592676,-31.99982186,14.4817
115.93592490,-31.99982347,14.4843
115.93592304,-31.99982508,14.4870
115.93592118,-31.99982669,14.4897
115.93591932,-31.99982831,14.4923
115.93591746,-31.99982992,14.4950
115.93591560,-31.99983153,14.4977
115.93591374,-31.99983314,14.5003
115.93591188,-31.99983475,14.5030
115.93591001,-31.99983636,14.5057
115.93590815,-31.99983797,14.5083
115.93590629,-31.99983958,14.5110
115.93590443,-31.99984119,14.5137
115.93590257,-31.99984281,14.5163
115.93590071,-31.99984442,14.5190
115.93589885,-31.99984603,14.5217
115.93589699,-31.99984764,14.5243
115.93589513,-31.99984925,14.5270
115.93589326,-31.99985086,14.5297
115.93589140,-31.99985247,14.5323
115.93588954,-31.99985408,14.5350
115.93588768,-31.99985569,14.5377
115.93588582,-31.99985731,14.5403
115.93588396,-31.99985892,14.5430
115.93588210,-31.99986053,14.5457
115.93588024,-31.99986214,14.5483
115.93587837,-31.99986375,14.5510
115.93587651,-31.99986536,14.5537
115.93587465,-31.99986697,14.5563
115.93587279,-31.99986858,14.5590
115.93587093,-31.99987019,14.5617
115.93586904,-31.99987182,14.5638
115.93586712,-31.99987346,14.5653
115.93586521,-31.99987510,14.5669
115.93586329,-31.99987674,14.5684
115.93586137,-31.99987838,14.5700
115.93585946,-31.99988001,14.5716
115.93585754,-31.99988165,14.5731
115.93585562,-31.99988329,14.5747
115.93585371,-31.99988493,14.5762
115.93585179,-31.99988657,14.5778
115.93584988,-31.99988821,14.5793
115.93584796,-31.99988985,14.5809
115.93584604,-31.99989149,14.5824
115.93584413,-31.99989313,14.5840
115.93584221,-31.99989476,14.5856
115.93584029,-31.99989640,14.5871
115.93583837,-31.99989804,14.5887
115.93583646,-31.99989968,14.5902
115.93583454,-31.99990132,14.5918
115.93583262,-31.99990296,14.5933
115.93583071,-31.99990460,14.5949
115.93582879,-31.99990624,14.5964
115.93582688,-31.99990787,14.5980
115.93582496,-31.99990951,14.5996
115.93582304,-31.99991115,14.6011
115.93582112,-31.99991279,14.6027
115.93581921,-31.99991443,14.6042
115.93581729,-31.99991607,14.6058
115.93581538,-31.99991771,14.6073
115.93581346,-31.99991935,14.6089
115.93581154,-31.99992099,14.6104
115.93580962,-31.99992263,14.6120
115.93580771,-31.99992426,14.6136
115.93580579,-31.99992590,14.6151
115.93580388,-31.99992754,14.6167
115.93580196,-31.99992918,14.6182
115.93580004,-31.99993083,14.6194
115.93579812,-31.99993250,14.6201
115.93579621,-31.99993417,14.6209
115.93579429,-31.99993583,14.6216
115.93579238,-31.99993750,14.6224
115.93579046,-31.99993917,14.6231
115.93578854,-31.99994083,14.6239
115.93578663,-31.99994250,14.6246
115.93578471,-31.99994417,14.6254
115.93578279,-31.99994583,14.6261
115.93578087,-31.99994750,14.6269
115.93577896,-31.99994917,14.6276
115.93577704,-31.99995083,14.6284
115.93577513,-31.99995250,14.6291
115.93577321,-31.99995417,14.6299
115.93577129,-31.99995583,14.6306
115.93576937,-31.99995750,14.6314
115.93576746,-31.99995917,14.6321
115.93576554,-31.99996083,14.6329
115.93576363,-31.99996250,14.6336
115.93576171,-31.99996417,14.6344
115.93575979,-31.99996583,14.6351
115.93575787,-31.99996750,14.6359
115.93575596,-31.99996917,14.6366
115.93575404,-31.99997083,14.6374
115.93575213,-31.99997250,14.6381
115.93575021,-31.99997417,14.6389
115.93574829,-31.99997583,14.6396
115.93574637,-31.99997750,14.6404
115.93574446,-31.99997917,14.6411
115.93574254,-31.99998083,14.6419
115.93574063,-31.99998250,14.6426
115.93573871,-31.99998417,14.6434
115.93573679,-31.99998583,14.6441
115.93573487,-31.99998750,14.6449
115.93573296,-31.99998917,14.6456
115.93573092,-31.99999066,14.6434
115.93572876,-31.99999199,14.6381
115.93572659,-31.99999331,14.6329
115.93572443,-31.99999464,14.6276
115.93572227,-31.99999596,14.6224
115.93572011,-31.99999728,14.6172
115.93571795,-31.99999861,14.6119
115.93571578,-31.99999993,14.6067
115.93571362,-32.00000126,14.6014
115.93571146,-32.00000258,14.5962
115.93570930,-32.00000391,14.5909
115.93570714,-32.00000523,14.5857
115.93570497,-32.00000655,14.5805
115.93570281,-32.00000788,14.5752
115.93570065,-32.00000920,14.5700
115.93569849,-32.00001053,14.5647
115.93569632,-32.00001185,14.5595
115.93569416,-32.00001318,14.5542
115.93569200,-32.00001450,14.5490
115.93568984,-32.00001582,14.5438
115.93568768,-32.00001715,14.5385
115.93568551,-32.00001847,14.5333
115.93568335,-32.00001980,14.5280
115.93568119,-32.00002112,14.5228
115.93567903,-32.00002245,14.5175
115.93567686,-32.00002377,14.5123
115.93567470,-32.00002509,14.5071
115.93567254,-32.00002642,14.5018
115.93567038,-32.00002774,14.4966
115.93566822,-32.00002907,14.4913
115.93566605,-32.00003039,14.4861
115.93566389,-32.00003172,14.4808
115.93566173,-32.00003304,14.4756
115.93565957,-32.00003436,14.4704
115.93565741,-32.00003569,14.4651
115.93565524,-32.00003701,14.4599
115.93565308,-32.00003834,14.4546
115.93565100,-32.00003970,14.4491
115.93564900,-32.00004109,14.4432
115.93564700,-32.00004249,14.4373
115.93564500,-32.00004388,14.4315
115.93564300,-32.00004528,14.4256
115.93564100,-32.00004667,14.4197
115.93563900,-32.00004807,14.4139
115.93563700,-32.00004946,14.4080
115.93563500,-32.00005086,14.4021
115.93563300,-32.00005225,14.3963
115.93563100,-32.00005364,14.3904
115.93562900,-32.00005504,14.3845
115.93562700,-32.00005643,14.3786
115.93562500,-32.00005783,14.3728
115.93562300,-32.00005922,14.3669
115.93562100,-32.00006062,14.3610
115.93561900,-32.00006201,14.3552
115.93561700,-32.00006341,14.3493
115.93561500,-32.00006480,14.3434
115.93561300,-32.00006620,14.3376
115.93561100,-32.00006759,14.3317
115.93560900,-32.00006899,14.3258
115.93560700,-32.00007038,14.3200
115.93560500,-32.00007178,14.3141
115.93560300,-32.00007317,14.3082
115.93560100,-32.00007457,14.3024
115.93559900,-32.00007596,14.2965
115.93559700,-32.00007736,14.2906
115.93559500,-32.00007875,14.2847
115.93559300,-32.00008014,14.2789
115.93559100,-32.00008154,14.2730
115.93558900,-32.00008293,14.2671
115.93558700,-32.00008433,14.2613
115.93558500,-32.00008572,14.2554
115.93558300,-32.00008712,14.2495
115.93558100,-32.00008851,14.2437
115.93557900,-32.00008991,14.2378
115.93557700,-32.00009130,14.2319
115.93557503,-32.00009274,14.2259
115.93557308,-32.00009423,14.2197
115.93557114,-32.00009572,14.2135
115.93556919,-32.00009720,14.2073
115.93556724,-32.00009869,14.2011
115.93556530,-32.00010018,14.1950
115.93556335,-32.00010166,14.1888
115.93556141,-32.00010315,14.1826
115.93555946,-32.00010464,14.1764
115.93555751,-32.00010612,14.1702
115.93555557,-32.00010761,14.1640
115.93555362,-32.00010909,14.1578
115.93555168,-32.00011058,14.1516
115.93554973,-32.00011207,14.1454
115.93554778,-32.00011355,14.1393
115.93554584,-32.00011504,14.1331
115.93554389,-32.00011653,14.1269
115.93554195,-32.00011801,14.1207
115.93554000,-32.00011950,14.1145
115.93553805,-32.00012099,14.1083
115.93553611,-32.00012247,14.1021
115.93553416,-32.00012396,14.0959
115.93553222,-32.00012545,14.0897
115.93553027,-32.00012693,14.0836
115.93552832,-32.00012842,14.0774
115.93552638,-32.00012991,14.0712
115.93552443,-32.00013139,14.0650
115.93552249,-32.00013288,14.0588
115.93552054,-32.00013436,14.0526
115.93551859,-32.00013585,14.0464
115.93551665,-32.00013734,14.0402
115.93551470,-32.00013882,14.0340
115.93551276,-32.00014031,14.0279
115.93551081,-32.00014180,14.0217
115.93550886,-32.00014328,14.0155
115.93550692,-32.00014477,14.0093
115.93550497,-32.00014626,14.0031
115.93550304,-32.00014776,13.9973
115.93550112,-32.00014927,13.9918
115.93549920,-32.00015078,13.9864
115.93549728,-32.00015230,13.9809
115.93549536,-32.00015381,13.9754
115.93549345,-32.00015532,13.9700
115.93549153,-32.00015684,13.9645
115.93548961,-32.00015835,13.9591
115.93548769,-32.00015986,13.9536
115.93548577,-32.00016138,13.9481
115.93548385,-32.00016289,13.9427
115.93548193,-32.00016441,13.9372
115.93548001,-32.00016592,13.9318
115.93547809,-32.00016743,13.9263
115.93547618,-32.00016895,13.9208
</coordinates>
</LineString>
<LineString>
<tessellate>1</tessellate>
<coordinates>
115.93547426,-32.00017046,13.9154
115.93547234,-32.00017197,13.9099
115.93547042,-32.00017349,13.9045
115.93546850,-32.00017500,13.8990
115.93546658,-32.00017651,13.8935
115.93546466,-32.00017803,13.8881
115.93546274,-32.00017954,13.8826
115.93546082,-32.00018105,13.8772
115.93545891,-32.00018257,13.8717
115.93545699,-32.00018408,13.8662
115.93545507,-32.00018559,13.8608
115.93545315,-32.00018711,13.8553
115.93545123,-32.00018862,13.8499
115.93544931,-32.00019014,13.8444
115.93544739,-32.00019165,13.8389
115.93544547,-32.00019316,13.8335
115.93544355,-32.00019468,13.8280
115.93544164,-32.00019619,13.8226
115.93543972,-32.00019770,13.8171
115.93543780,-32.00019922,13.8116
115.93543588,-32.00020073,13.8062
115.93543396,-32.00020224,13.8007
115.93543208,-32.00020399,13.7753
115.93543025,-32.00020596,13.7300
115.93542842,-32.00020793,13.6846
115.93542658,-32.00020990,13.6392
115.93542475,-32.00021187,13.5939
115.93542292,-32.00021385,13.5485
115.93542108,-32.00021582,13.5032
115.93541925,-32.00021779,13.4578
115.93541742,-32.00021976,13.4124
115.93541558,-32.00022174,13.3671
115.93541375,-32.00022371,13.3217
115.93541192,-32.00022568,13.2763
115.93541008,-32.00022765,13.2310
115.93540825,-32.00022963,13.1856
115.93540642,-32.00023160,13.1403
115.93540458,-32.00023357,13.0949
115.93540275,-32.00023554,13.0495
115.93540092,-32.00023751,13.0042
115.93539908,-32.00023949,12.9588
115.93539725,-32.00024146,12.9135
115.93539542,-32.00024343,12.8681
115.93539358,-32.00024540,12.8227
115.93539175,-32.00024738,12.7774
115.93538992,-32.00024935,12.7320
115.93538808,-32.00025132,12.6867
115.93538625,-32.00025329,12.6413
115.93538442,-32.00025526,12.5959
115.93538258,-32.00025724,12.5506
115.93538075,-32.00025921,12.5052
115.93537892,-32.00026118,12.4598
115.93537708,-32.00026315,12.4145
115.93537525,-32.00026512,12.3691
115.93537342,-32.00026710,12.3238
115.93537158,-32.00026907,12.2784
115.93536975,-32.00027104,12.2330
115.93536792,-32.00027301,12.1877
115.93536608,-32.00027480,12.1584
115.93536424,-32.00027639,12.1453
115.93536241,-32.00027799,12.1321
115.93536057,-32.00027958,12.1189
115.93535873,-32.00028118,12.1058
115.93535689,-32.00028277,12.0926
115.93535505,-32.00028436,12.0794
115.93535322,-32.00028596,12.0663
115.93535138,-32.00028755,12.0531
115.93534954,-32.00028915,12.0400
115.93534770,-32.00029074,12.0268
115.93534586,-32.00029234,12.0136
115.93534403,-32.00029393,12.0005
115.93534219,-32.00029553,11.9873
115.93534035,-32.00029712,11.9741
115.93533851,-32.00029872,11.9610
115.93533668,-32.00030031,11.9478
115.93533484,-32.00030191,11.9347
115.93533300,-32.00030350,11.9215
115.93533116,-32.00030509,11.9083
115.93532932,-32.00030669,11.8952
115.93532749,-32.00030828,11.8820
115.93532565,-32.00030988,11.8689
115.93532381,-32.00031147,11.8557
115.93532197,-32.00031307,11.8425
115.93532014,-32.00031466,11.8294
115.93531830,-32.00031626,11.8162
115.93531646,-32.00031785,11.8030
115.93531462,-32.00031945,11.7899
115.93531278,-32.00032104,11.7767
115.93531095,-32.00032264,11.7636
115.93530911,-32.00032423,11.7504
115.93530727,-32.00032582,11.7372
115.93530543,-32.00032742,11.7241
115.93530359,-32.00032901,11.7109
115.93530176,-32.00033061,11.6977
115.93529992,-32.00033220,11.6846
115.93529813,-32.00033393,11.6631
115.93529638,-32.00033579,11.6334
115.93529463,-32.00033765,11.6037
115.93529288,-32.00033951,11.5740
</coordinates>
</LineString>
<LineString>
<tessellate>1</tessellate>
<coordinates>
115.93528063,-32.00035254,11.3659
115.93527888,-32.00035440,11.3362
115.93527713,-32.00035626,11.3065
115.93527538,-32.00035812,11.2768
115.93527363,-32.00035999,11.2470
115.93527188,-32.00036185,11.2173
115.93527013,-32.00036371,11.1876
115.93526838,-32.00036557,11.1579
115.93526663,-32.00036743,11.1281
115.93526488,-32.00036929,11.0984
115.93526313,-32.00037115,11.0687
115.93526138,-32.00037301,11.0390
115.93525963,-32.00037487,11.0093
115.93525788,-32.00037674,10.9795
115.93525613,-32.00037860,10.9498
115.93525438,-32.00038046,10.9201
</coordinates>
</LineString>
<LineString>
<tessellate>1</tessellate>
<coordinates>
115.93524563,-32.00038976,10.7715
115.93524388,-32.00039162,10.7418
115.93524213,-32.00039349,10.7120
115.93524038,-32.00039535,10.6823
115.93523863,-32.00039721,10.6526
115.93523688,-32.00039907,10.6229
115.93523507,-32.00040089,10.5999
115.93523321,-32.00040266,10.5837
115.93523136,-32.00040443,10.5676
115.93522950,-32.00040620,10.5514
115.93522764,-32.00040797,10.5352
115.93522579,-32.00040974,10.5191
115.93522393,-32.00041151,10.5029
115.93522207,-32.00041329,10.4867
</coordinates>
</LineString>
<LineString>
<tessellate>1</tessellate>
<coordinates>
115.93520814,-32.00042657,10.3654
115.93520721,-32.00042746,10.3573
115.93520536,-32.00042923,10.3412
</coordinates>
</LineString>
<LineString>
<tessellate>1</tessellate>
<coordinates>
115.93519514,-32.00043897,10.2522
115.93519421,-32.00043986,10.2441
115.93519236,-32.00044163,10.2280
115.93519050,-32.00044340,10.2118
115.93518864,-32.00044517,10.1956
115.93518679,-32.00044694,10.1795
115.93518493,-32.00044871,10.1633
115.93518307,-32.00045049,10.1471
115.93518121,-32.00045226,10.1309
115.93517936,-32.00045403,10.1148
115.93517750,-32.00045580,10.0986
115.93517564,-32.00045757,10.0824
115.93517379,-32.00045934,10.0663
115.93517193,-32.00046111,10.0501
115.93517001,-32.00046285,10.0366
115.93516804,-32.00046456,10.0259
115.93516607,-32.00046626,10.0151
115.93516410,-32.00046797,10.0043
115.93516213,-32.00046968,9.9936
115.93516016,-32.00047138,9.9828
115.93515819,-32.00047309,9.9720
115.93515622,-32.00047479,9.9613
115.93515425,-32.00047650,9.9505
115.93515228,-32.00047821,9.9397
115.93515031,-32.00047991,9.9290
115.93514834,-32.00048162,9.9182
115.93514637,-32.00048332,9.9074
115.93514440,-32.00048503,9.8967
115.93514243,-32.00048674,9.8859
115.93514046,-32.00048844,9.8751
115.93513849,-32.00049015,9.8644
115.93513651,-32.00049185,9.8536
115.93513454,-32.00049356,9.8429
115.93513257,-32.00049526,9.8321
115.93513060,-32.00049697,9.8213
115.93512863,-32.00049868,9.8106
115.93512666,-32.00050038,9.7998
115.93512469,-32.00050209,9.7890
115.93512272,-32.00050379,9.7783
115.93512075,-32.00050550,9.7675
115.93511878,-32.00050721,9.7567
115.93511681,-32.00050891,9.7460
115.93511484,-32.00051062,9.7352
115.93511287,-32.00051232,9.7244
</coordinates>
</LineString>
<LineString>
<tessellate>1</tessellate>
<coordinates>
115.93511090,-32.00051403,9.7137
115.93510893,-32.00051574,9.7029
</coordinates>
</LineString>
<LineString>
<tessellate>1</tessellate>
<coordinates>
115.93509914,-32.00052421,9.6694
115.93509720,-32.00052590,9.6667
115.93509526,-32.00052759,9.6640
115.93509331,-32.00052927,9.6614
</coordinates>
</LineString>
<LineString>
<tessellate>1</tessellate>
<coordinates>
115.93509137,-32.00053096,9.6587
115.93508943,-32.00053264,9.6561
115.93508749,-32.00053433,9.6534
115.93508554,-32.00053601,9.6508
115.93508360,-32.00053770,9.6481
115.93508166,-32.00053939,9.6454
115.93507971,-32.00054107,9.6428
115.93507777,-32.00054276,9.6401
115.93507583,-32.00054444,9.6375
115.93507389,-32.00054613,9.6348
115.93507194,-32.00054781,9.6322
115.93507000,-32.00054950,9.6295
115.93506806,-32.00055119,9.6268
115.93506611,-32.00055287,9.6242
115.93506417,-32.00055456,9.6215
115.93506223,-32.00055624,9.6189
115.93506029,-32.00055793,9.6162
115.93505834,-32.00055961,9.6136
115.93505640,-32.00056130,9.6109
115.93505446,-32.00056299,9.6082
115.93505251,-32.00056467,9.6056
115.93505057,-32.00056636,9.6029
115.93504863,-32.00056804,9.6003
115.93504669,-32.00056973,9.5976
115.93504474,-32.00057141,9.5950
115.93504280,-32.00057310,9.5923
115.93504086,-32.00057479,9.5896
115.93503891,-32.00057647,9.5870
115.93503697,-32.00057816,9.5843
115.93503506,-32.00057982,9.5829
115.93503317,-32.00058146,9.5828
115.93503128,-32.00058310,9.5827
115.93502939,-32.00058474,9.5825
115.93502750,-32.00058637,9.5824
115.93502561,-32.00058801,9.5822
115.93502372,-32.00058965,9.5821
115.93502183,-32.00059129,9.5820
115.93501994,-32.00059293,9.5818
115.93501806,-32.00059457,9.5817
115.93501617,-32.00059621,9.5815
115.93501428,-32.00059785,9.5814
115.93501239,-32.00059949,9.5813
115.93501050,-32.00060113,9.5811
115.93500861,-32.00060276,9.5810
115.93500672,-32.00060440,9.5808
115.93500483,-32.00060604,9.5807
115.93500294,-32.00060768,9.5806
115.93500106,-32.00060932,9.5804
115.93499917,-32.00061096,9.5803
115.93499728,-32.00061260,9.5802
115.93499539,-32.00061424,9.5800
115.93499350,-32.00061588,9.5799
115.93499161,-32.00061751,9.5797
115.93498972,-32.00061915,9.5796
</coordinates>
</LineString>
<LineString>
<tessellate>1</tessellate>
<coordinates>
115.93498783,-32.00062079,9.5795
115.93498594,-32.00062243,9.5793
115.93498406,-32.00062407,9.5792
115.93498217,-32.00062571,9.5790
115.93498028,-32.00062735,9.5789
115.93497839,-32.00062899,9.5788
115.93497650,-32.00063062,9.5786
115.93497461,-32.00063226,9.5785
115.93497272,-32.00063390,9.5783
115.93497083,-32.00063554,9.5782
115.93496894,-32.00063718,9.5781
115.93496710,-32.00063879,9.5788
115.93496529,-32.00064038,9.5805
115.93496349,-32.00064196,9.5822
115.93496168,-32.00064354,9.5839
115.93495988,-32.00064513,9.5856
115.93495807,-32.00064671,9.5873
115.93495626,-32.00064829,9.5890
115.93495446,-32.00064988,9.5907
115.93495265,-32.00065146,9.5924
115.93495085,-32.00065304,9.5941
115.93494904,-32.00065462,9.5958
115.93494724,-32.00065621,9.5975
115.93494543,-32.00065779,9.5992
115.93494363,-32.00065937,9.6009
115.93494182,-32.00066096,9.6026
115.93494001,-32.00066254,9.6043
115.93493821,-32.00066413,9.6060
115.93493640,-32.00066571,9.6077
115.93493460,-32.00066729,9.6093
115.93493279,-32.00066888,9.6110
115.93493099,-32.00067046,9.6127
115.93492918,-32.00067204,9.6144
115.93492738,-32.00067363,9.6161
115.93492557,-32.00067521,9.6178
115.93492376,-32.00067679,9.6195
115.93492196,-32.00067838,9.6212
115.93492015,-32.00067996,9.6229
115.93491835,-32.00068154,9.6246
115.93491654,-32.00068313,9.6263
115.93491474,-32.00068471,9.6280
115.93491293,-32.00068629,9.6297
115.93491113,-32.00068787,9.6314
</coordinates>
</LineString>
<LineString>
<tessellate>1</tessellate>
<coordinates>
115.93490751,-32.00069104,9.6348
115.93490571,-32.00069262,9.6365
115.93490390,-32.00069421,9.6382
115.93490213,-32.00069581,9.6399
115.93490039,-32.00069744,9.6416
</coordinates>
</LineString>
<LineString>
<tessellate>1</tessellate>
<coordinates>
115.93489864,-32.00069907,9.6434
115.93489690,-32.00070070,9.6451
115.93489516,-32.00070233,9.6468
115.93489341,-32.00070396,9.6486
115.93489167,-32.00070559,9.6503
115.93488993,-32.00070721,9.6521
115.93488819,-32.00070884,9.6538
115.93488644,-32.00071047,9.6556
115.93488470,-32.00071210,9.6573
115.93488296,-32.00071373,9.6590
115.93488121,-32.00071536,9.6608
115.93487947,-32.00071699,9.6625
115.93487773,-32.00071861,9.6643
115.93487599,-32.00072024,9.6660
115.93487424,-32.00072187,9.6678
115.93487250,-32.00072350,9.6695
115.93487076,-32.00072513,9.6712
115.93486901,-32.00072676,9.6730
115.93486727,-32.00072839,9.6747
115.93486553,-32.00073001,9.6765
115.93486379,-32.00073164,9.6782
115.93486204,-32.00073327,9.6800
115.93486030,-32.00073490,9.6817
115.93485856,-32.00073653,9.6834
115.93485681,-32.00073816,9.6852
115.93485507,-32.00073979,9.6869
115.93485333,-32.00074141,9.6887
115.93485159,-32.00074304,9.6904
115.93484984,-32.00074467,9.6922
115.93484810,-32.00074630,9.6939
115.93484636,-32.00074793,9.6956
115.93484461,-32.00074956,9.6974
115.93484287,-32.00075119,9.6991
115.93484112,-32.00075279,9.7015
115.93483935,-32.00075438,9.7046
115.93483759,-32.00075597,9.7076
115.93483582,-32.00075756,9.7107
</coordinates>
</LineString>
<LineString>
<tessellate>1</tessellate>
<coordinates>
115.93483141,-32.00076153,9.7184
115.93483053,-32.00076232,9.7199
115.93482876,-32.00076391,9.7229
115.93482700,-32.00076550,9.7260
115.93482524,-32.00076709,9.7291
115.93482347,-32.00076868,9.7321
115.93482171,-32.00077026,9.7352
115.93481994,-32.00077185,9.7382
115.93481818,-32.00077344,9.7413
115.93481641,-32.00077503,9.7444
115.93481465,-32.00077662,9.7474
115.93481288,-32.00077821,9.7505
115.93481112,-32.00077979,9.7535
115.93480935,-32.00078138,9.7566
115.93480759,-32.00078297,9.7596
115.93480582,-32.00078456,9.7627
115.93480406,-32.00078615,9.7658
115.93480229,-32.00078774,9.7688
115.93480053,-32.00078932,9.7719
115.93479876,-32.00079091,9.7749
115.93479700,-32.00079250,9.7780
115.93479524,-32.00079409,9.7811
115.93479347,-32.00079568,9.7841
115.93479171,-32.00079726,9.7872
115.93478994,-32.00079885,9.7902
115.93478818,-32.00080044,9.7933
115.93478641,-32.00080203,9.7964
115.93478465,-32.00080362,9.7994
115.93478288,-32.00080521,9.8025
115.93478112,-32.00080674,9.8282
115.93477936,-32.00080823,9.8767
115.93477761,-32.00080971,9.9251
115.93477585,-32.00081120,9.9736
115.93477409,-32.00081268,10.0220
115.93477233,-32.00081417,10.0705
115.93477058,-32.00081565,10.1190
115.93476882,-32.00081714,10.1674
115.93476706,-32.00081862,10.2159
115.93476530,-32.00082011,10.2643
115.93476355,-32.00082159,10.3128
115.93476179,-32.00082308,10.3612
115.93476003,-32.00082456,10.4097
115.93475827,-32.00082605,10.4581
115.93475652,-32.00082753,10.5066
115.93475476,-32.00082902,10.5550
115.93475300,-32.00083050,10.6035
115.93475124,-32.00083198,10.6520
115.93474948,-32.00083347,10.7004
115.93474773,-32.00083495,10.7489
115.93474597,-32.00083644,10.7973
115.93474421,-32.00083792,10.8458
115.93474245,-32.00083941,10.8942
115.93474070,-32.00084089,10.9427
115.93473894,-32.00084238,10.9911
115.93473718,-32.00084386,11.0396
115.93473542,-32.00084535,11.0880
115.93473367,-32.00084683,11.1365
115.93473191,-32.00084832,11.1850
115.93473015,-32.00084980,11.2334
115.93472839,-32.00085129,11.2819
115.93472664,-32.00085277,11.3303
115.93472488,-32.00085426,11.3788
115.93472300,-32.00085582,11.4191
115.93472100,-32.00085745,11.4513
115.93471900,-32.00085908,11.4834
115.93471700,-32.00086072,11.5156
115.93471500,-32.00086235,11.5478
115.93471300,-32.00086398,11.5799
115.93471100,-32.00086562,11.6121
115.93470900,-32.00086725,11.6443
115.93470700,-32.00086888,11.6764
115.93470500,-32.00087052,11.7086
115.93470300,-32.00087215,11.7408
115.93470100,-32.00087378,11.7729
115.93469900,-32.00087542,11.8051
115.93469700,-32.00087705,11.8373
115.93469500,-32.00087868,11.8694
115.93469300,-32.00088032,11.9016
115.93469100,-32.00088195,11.9338
115.93468900,-32.00088358,11.9659
115.93468700,-32.00088522,11.9981
115.93468500,-32.00088685,12.0303
115.93468300,-32.00088848,12.0624
115.93468100,-32.00089012,12.0946
115.93467900,-32.00089175,12.1267
115.93467700,-32.00089338,12.1589
115.93467500,-32.00089502,12.1911
115.93467300,-32.00089665,12.2233
115.93467100,-32.00089828,12.2554
115.93466900,-32.00089992,12.2876
115.93466700,-32.00090155,12.3197
115.93466500,-32.00090318,12.3519
115.93466300,-32.00090481,12.3725
115.93466100,-32.00090642,12.3814
115.93465900,-32.00090803,12.3903
115.93465700,-32.00090965,12.3993
115.93465500,-32.00091126,12.4082
115.93465300,-32.00091287,12.4171
115.93465100,-32.00091448,12.4261
115.93464900,-32.00091610,12.4350
115.93464700,-32.00091771,12.4440
115.93464500,-32.00091932,12.4529
115.93464300,-32.00092094,12.4618
115.93464100,-32.00092255,12.4708
115.93463900,-32.00092416,12.4797
115.93463700,-32.00092577,12.4886
115.93463500,-32.00092739,12.4976
115.93463300,-32.00092900,12.5065
115.93463100,-32.00093061,12.5154
115.93462900,-32.00093223,12.5244
115.93462700,-32.00093384,12.5333
115.93462500,-32.00093545,12.5422
115.93462300,-32.00093706,12.5512
115.93462100,-32.00093868,12.5601
115.93461900,-32.00094029,12.5690
115.93461700,-32.00094190,12.5780
115.93461500,-32.00094352,12.5869
115.93461300,-32.00094513,12.5959
115.93461100,-32.00094674,12.6048
115.93460900,-32.00094835,12.6137
115.93460700,-32.00094997,12.6227
115.93460500,-32.00095158,12.6316
115.93460300,-32.00095319,12.6405
115.93460109,-32.00095477,12.6524
115.93459926,-32.00095631,12.6671
115.93459743,-32.00095786,12.6819
115.93459560,-32.00095940,12.6966
115.93459377,-32.00096094,12.7113
115.93459194,-32.00096249,12.7261
115.93459011,-32.00096403,12.7408
115.93458829,-32.00096557,12.7556
115.93458646,-32.00096711,12.7703
115.93458463,-32.00096866,12.7851
115.93458280,-32.00097020,12.7998
115.93458097,-32.00097174,12.8145
115.93457914,-32.00097329,12.8293
115.93457731,-32.00097483,12.8440
115.93457549,-32.00097637,12.8588
115.93457366,-32.00097791,12.8735
115.93457183,-32.00097946,12.8883
115.93457000,-32.00098100,12.9030
115.93456817,-32.00098254,12.9177
115.93456634,-32.00098409,12.9325
115.93456451,-32.00098563,12.9472
115.93456269,-32.00098717,12.9620
115.93456086,-32.00098871,12.9767
115.93455903,-32.00099026,12.9915
115.93455720,-32.00099180,13.0062
115.93455537,-32.00099334,13.0209
115.93455354,-32.00099489,13.0357
115.93455171,-32.00099643,13.0504
115.93454989,-32.00099797,13.0652
115.93454806,-32.00099951,13.0799
115.93454623,-32.00100106,13.0947
115.93454440,-32.00100260,13.1094
115.93454257,-32.00100414,13.1241
115.93454074,-32.00100569,13.1389
115.93453891,-32.00100723,13.1536
115.93453706,-32.00100879,13.1653
115.93453517,-32.00101037,13.1740
115.93453328,-32.00101196,13.1827
115.93453139,-32.00101354,13.1914
115.93452950,-32.00101512,13.2001
115.93452761,-32.00101671,13.2088
115.93452572,-32.00101829,13.2175
115.93452383,-32.00101987,13.2262
115.93452194,-32.00102146,13.2349
115.93452006,-32.00102304,13.2436
115.93451817,-32.00102462,13.2523
115.93451628,-32.00102621,13.2610
115.93451439,-32.00102779,13.2697
115.93451250,-32.00102938,13.2784
115.93451061,-32.00103096,13.2871
115.93450872,-32.00103254,13.2958
115.93450683,-32.00103413,13.3045
115.93450494,-32.00103571,13.3132
115.93450306,-32.00103729,13.3218
115.93450117,-32.00103887,13.3305
115.93449928,-32.00104046,13.3392
115.93449739,-32.00104204,13.3479
115.93449550,-32.00104362,13.3566
115.93449361,-32.00104521,13.3653
115.93449172,-32.00104679,13.3740
115.93448983,-32.00104837,13.3827
115.93448794,-32.00104996,13.3914
115.93448606,-32.00105154,13.4001
115.93448417,-32.00105312,13.4088
115.93448228,-32.00105471,13.4175
115.93448039,-32.00105629,13.4262
115.93447850,-32.00105788,13.4349
115.93447661,-32.00105946,13.4436
115.93447472,-32.00106104,13.4523
115.93447283,-32.00106262,13.4610
115.93447094,-32.00106421,13.4697
115.93446911,-32.00106580,13.4726
115.93446732,-32.00106739,13.4697
115.93446554,-32.00106899,13.4668
115.93446376,-32.00107058,13.4640
115.93446197,-32.00107218,13.4611
115.93446019,-32.00107377,13.4582
115.93445841,-32.00107536,13.4554
115.93445662,-32.00107696,13.4525
115.93445484,-32.00107855,13.4496
115.93445305,-32.00108015,13.4468
115.93445127,-32.00108174,13.4439
115.93444949,-32.00108334,13.4411
115.93444770,-32.00108493,13.4382
115.93444592,-32.00108653,13.4353
115.93444414,-32.00108812,13.4325
115.93444235,-32.00108972,13.4296
115.93444057,-32.00109131,13.4267
115.93443878,-32.00109291,13.4239
115.93443700,-32.00109450,13.4210
115.93443522,-32.00109609,13.4181
115.93443343,-32.00109769,13.4153
115.93443165,-32.00109928,13.4124
115.93442986,-32.00110088,13.4095
115.93442808,-32.00110247,13.4067
115.93442630,-32.00110407,13.4038
115.93442451,-32.00110566,13.4009
115.93442273,-32.00110726,13.3981
115.93442095,-32.00110885,13.3952
115.93441916,-32.00111045,13.3924
115.93441738,-32.00111204,13.3895
115.93441559,-32.00111364,13.3866
115.93441381,-32.00111523,13.3838
115.93441203,-32.00111682,13.3809
115.93441024,-32.00111842,13.3780
115.93440846,-32.00112001,13.3752
115.93440668,-32.00112161,13.3723
115.93440489,-32.00112320,13.3694
115.93440307,-32.00112477,13.3634
115.93440120,-32.00112631,13.3541
115.93439934,-32.00112785,13.3449
115.93439747,-32.00112939,13.3356
115.93439561,-32.00113093,13.3264
115.93439374,-32.00113247,13.3172
115.93439188,-32.00113401,13.3079
115.93439001,-32.00113555,13.2987
115.93438815,-32.00113709,13.2894
115.93438628,-32.00113864,13.2802
115.93438442,-32.00114018,13.2709
115.93438255,-32.00114172,13.2617
115.93438069,-32.00114326,13.2525
115.93437882,-32.00114480,13.2432
115.93437696,-32.00114634,13.2340
115.93437509,-32.00114788,13.2247
115.93437323,-32.00114942,13.2155
115.93437136,-32.00115096,13.2062
115.93436950,-32.00115250,13.1970
115.93436764,-32.00115404,13.1878
115.93436577,-32.00115558,13.1785
115.93436391,-32.00115712,13.1693
115.93436204,-32.00115866,13.1600
115.93436018,-32.00116020,13.1508
115.93435831,-32.00116174,13.1415
115.93435645,-32.00116328,13.1323
115.93435458,-32.00116482,13.1231
</coordinates>
</LineString>
<LineString>
<tessellate>1</tessellate>
<coordinates>
115.93435272,-32.00116636,13.1138
115.93435085,-32.00116791,13.1046
115.93434899,-32.00116945,13.0953
115.93434712,-32.00117099,13.0861
115.93434526,-32.00117253,13.0768
115.93434339,-32.00117407,13.0676
115.93434153,-32.00117561,13.0584
115.93433966,-32.00117715,13.0491
115.93433780,-32.00117869,13.0399
115.93433593,-32.00118023,13.0306
</coordinates>
</LineString>
<LineString>
<tessellate>1</tessellate>
<coordinates>
115.93433407,-32.00118181,13.0267
115.93433220,-32.00118343,13.0281
115.93433034,-32.00118505,13.0294
115.93432847,-32.00118668,13.0308
115.93432661,-32.00118830,13.0322
115.93432474,-32.00118992,13.0336
115.93432288,-32.00119154,13.0350
115.93432101,-32.00119316,13.0363
115.93431915,-32.00119478,13.0377
115.93431728,-32.00119641,13.0391
115.93431542,-32.00119803,13.0405
115.93431355,-32.00119965,13.0419
115.93431169,-32.00120127,13.0432
115.93430982,-32.00120289,13.0446
115.93430796,-32.00120451,13.0460
115.93430609,-32.00120614,13.0474
115.93430423,-32.00120776,13.0487
115.93430236,-32.00120938,13.0501
115.93430050,-32.00121100,13.0515
115.93429864,-32.00121262,13.0529
115.93429677,-32.00121424,13.0543
115.93429491,-32.00121586,13.0556
115.93429304,-32.00121749,13.0570
115.93429118,-32.00121911,13.0584
115.93428931,-32.00122073,13.0598
115.93428745,-32.00122235,13.0611
115.93428558,-32.00122397,13.0625
115.93428372,-32.00122559,13.0639
115.93428185,-32.00122722,13.0653
115.93427999,-32.00122884,13.0667
115.93427812,-32.00123046,13.0680
115.93427626,-32.00123208,13.0694
115.93427439,-32.00123370,13.0708
115.93427253,-32.00123532,13.0722
115.93427066,-32.00123695,13.0736
115.93426880,-32.00123857,13.0749
115.93426693,-32.00124019,13.0763
115.93426508,-32.00124179,13.0775
115.93426324,-32.00124337,13.0786
115.93426139,-32.00124495,13.0796
115.93425955,-32.00124653,13.0807
115.93425771,-32.00124811,13.0817
115.93425587,-32.00124968,13.0828
115.93425403,-32.00125126,13.0838
115.93425218,-32.00125284,13.0849
115.93425034,-32.00125442,13.0859
115.93424850,-32.00125600,13.0870
115.93424666,-32.00125758,13.0881
115.93424482,-32.00125916,13.0891
115.93424297,-32.00126074,13.0902
115.93424113,-32.00126232,13.0912
115.93423929,-32.00126389,13.0923
115.93423745,-32.00126547,13.0933
115.93423561,-32.00126705,13.0944
115.93423376,-32.00126863,13.0954
115.93423192,-32.00127021,13.0965
115.93423008,-32.00127179,13.0975
115.93422824,-32.00127337,13.0986
115.93422639,-32.00127495,13.0996
115.93422455,-32.00127653,13.1007
115.93422271,-32.00127811,13.1017
115.93422087,-32.00127968,13.1028
115.93421903,-32.00128126,13.1038
115.93421718,-32.00128284,13.1049
115.93421534,-32.00128442,13.1059
</coordinates>
</LineString>
<LineString>
<tessellate>1</tessellate>
<coordinates>
115.93421350,-32.00128600,13.1070
115.93421166,-32.00128758,13.1081
115.93420982,-32.00128916,13.1091
115.93420797,-32.00129074,13.1102
115.93420613,-32.00129232,13.1112
115.93420429,-32.00129389,13.1123
115.93420245,-32.00129547,13.1133
115.93420061,-32.00129705,13.1144
115.93419876,-32.00129863,13.1154
115.93419692,-32.00130021,13.1165
115.93419504,-32.00130181,13.1168
115.93419312,-32.00130343,13.1164
115.93419120,-32.00130505,13.1160
115.93418928,-32.00130668,13.1156
115.93418736,-32.00130830,13.1152
115.93418545,-32.00130992,13.1148
115.93418353,-32.00131154,13.1144
115.93418161,-32.00131316,13.1140
</coordinates>
</LineString>
<LineString>
<tessellate>1</tessellate>
<coordinates>
115.93417681,-32.00131722,13.1129
115.93417585,-32.00131803,13.1127
115.93417393,-32.00131965,13.1123
115.93417201,-32.00132127,13.1119
115.93417009,-32.00132289,13.1115
115.93416818,-32.00132451,13.1111
115.93416626,-32.00132614,13.1107
115.93416434,-32.00132776,13.1103
115.93416242,-32.00132938,13.1099
115.93416050,-32.00133100,13.1095
115.93415858,-32.00133262,13.1091
115.93415666,-32.00133424,13.1087
115.93415474,-32.00133586,13.1083
115.93415282,-32.00133749,13.1079
115.93415091,-32.00133911,13.1075
115.93414899,-32.00134073,13.1071
115.93414707,-32.00134235,13.1067
115.93414515,-32.00134397,13.1063
115.93414323,-32.00134559,13.1059
115.93414131,-32.00134722,13.1054
115.93413939,-32.00134884,13.1050
115.93413747,-32.00135046,13.1046
115.93413555,-32.00135208,13.1042
115.93413364,-32.00135370,13.1038
115.93413172,-32.00135532,13.1034
115.93412980,-32.00135695,13.1030
115.93412788,-32.00135857,13.1026
115.93412596,-32.00136019,13.1022
115.93412404,-32.00136182,13.1013
115.93412212,-32.00136347,13.0999
115.93412020,-32.00136512,13.0985
115.93411828,-32.00136677,13.0971
115.93411636,-32.00136842,13.0957
115.93411445,-32.00137007,13.0943
115.93411253,-32.00137172,13.0929
115.93411061,-32.00137336,13.0915
115.93410869,-32.00137501,13.0901
115.93410677,-32.00137666,13.0886
115.93410485,-32.00137831,13.0872
115.93410293,-32.00137996,13.0858
115.93410101,-32.00138161,13.0844
115.93409909,-32.00138326,13.0830
115.93409718,-32.00138491,13.0816
115.93409526,-32.00138655,13.0802
115.93409334,-32.00138820,13.0788
115.93409142,-32.00138985,13.0774
115.93408950,-32.00139150,13.0760
115.93408758,-32.00139315,13.0746
115.93408566,-32.00139480,13.0732
115.93408374,-32.00139645,13.0718
115.93408182,-32.00139809,13.0704
115.93407991,-32.00139974,13.0690
115.93407799,-32.00140139,13.0676
115.93407607,-32.00140304,13.0662
115.93407415,-32.00140469,13.0648
115.93407223,-32.00140634,13.0634
115.93407031,-32.00140799,13.0619
115.93406839,-32.00140964,13.0605
115.93406647,-32.00141128,13.0591
115.93406455,-32.00141293,13.0577
115.93406264,-32.00141458,13.0563
115.93406072,-32.00141623,13.0549
115.93405880,-32.00141788,13.0535
115.93405688,-32.00141953,13.0521
115.93405496,-32.00142118,13.0507
115.93405306,-32.00142276,13.0458
115.93405119,-32.00142427,13.0375
115.93404932,-32.00142578,13.0292
115.93404745,-32.00142729,13.0209
115.93404558,-32.00142881,13.0126
115.93404371,-32.00143032,13.0043
115.93404183,-32.00143183,12.9960
115.93403996,-32.00143335,12.9877
115.93403809,-32.00143486,12.9794
115.93403622,-32.00143637,12.9711
115.93403435,-32.00143788,12.9628
115.93403247,-32.00143940,12.9545
115.93403060,-32.00144091,12.9462
115.93402873,-32.00144242,12.9378
115.93402686,-32.00144394,12.9295
115.93402499,-32.00144545,12.9212
115.93402312,-32.00144696,12.9129
115.93402124,-32.00144847,12.9046
115.93401937,-32.00144999,12.8963
115.93401750,-32.00145150,12.8880
115.93401563,-32.00145301,12.8797
115.93401376,-32.00145453,12.8714
115.93401188,-32.00145604,12.8631
115.93401001,-32.00145755,12.8548
115.93400814,-32.00145906,12.8465
115.93400627,-32.00146058,12.8382
115.93400440,-32.00146209,12.8298
115.93400253,-32.00146360,12.8215
115.93400065,-32.00146512,12.8132
115.93399878,-32.00146663,12.8049
115.93399691,-32.00146814,12.7966
115.93399504,-32.00146965,12.7883
115.93399317,-32.00147117,12.7800
115.93399129,-32.00147268,12.7717
115.93398942,-32.00147419,12.7634
115.93398755,-32.00147571,12.7551
115.93398568,-32.00147722,12.7468
115.93398381,-32.00147873,12.7385
115.93398194,-32.00148024,12.7302
115.93398004,-32.00148183,12.7274
115.93397812,-32.00148349,12.7302
115.93397620,-32.00148514,12.7330
115.93397428,-32.00148680,12.7359
115.93397236,-32.00148846,12.7387
115.93397043,-32.00149012,12.7415
115.93396851,-32.00149178,12.7443
115.93396659,-32.00149343,12.7471
115.93396467,-32.00149509,12.7499
115.93396275,-32.00149675,12.7528
115.93396083,-32.00149841,12.7556
115.93395891,-32.00150007,12.7584
115.93395699,-32.00150172,12.7612
115.93395507,-32.00150338,12.7640
115.93395314,-32.00150504,12.7668
115.93395122,-32.00150670,12.7696
115.93394930,-32.00150836,12.7725
115.93394738,-32.00151001,12.7753
115.93394546,-32.00151167,12.7781
115.93394354,-32.00151333,12.7809
115.93394162,-32.00151499,12.7837
115.93393970,-32.00151664,12.7865
115.93393778,-32.00151830,12.7894
115.93393586,-32.00151996,12.7922
115.93393393,-32.00152162,12.7950
115.93393201,-32.00152328,12.7978
115.93393009,-32.00152493,12.8006
115.93392817,-32.00152659,12.8034
115.93392625,-32.00152825,12.8063
115.93392433,-32.00152991,12.8091
115.93392241,-32.00153157,12.8119
115.93392049,-32.00153322,12.8147
115.93391857,-32.00153488,12.8175
115.93391664,-32.00153654,12.8203
115.93391472,-32.00153820,12.8231
115.93391280,-32.00153986,12.8260
115.93391088,-32.00154151,12.8288
115.93390896,-32.00154317,12.8316
115.93390707,-32.00154482,12.8320
115.93390520,-32.00154645,12.8300
115.93390333,-32.00154808,12.8280
115.93390146,-32.00154971,12.8260
115.93389959,-32.00155134,12.8240
115.93389772,-32.00155297,12.8220
115.93389586,-32.00155461,12.8200
115.93389399,-32.00155624,12.8180
115.93389212,-32.00155787,12.8160
115.93389025,-32.00155950,12.8140
115.93388838,-32.00156113,12.8120
115.93388651,-32.00156276,12.8100
115.93388464,-32.00156439,12.8080
115.93388278,-32.00156603,12.8060
115.93388091,-32.00156766,12.8040
115.93387904,-32.00156929,12.8020
115.93387717,-32.00157092,12.8000
115.93387530,-32.00157255,12.7980
115.93387343,-32.00157418,12.7960
115.93387157,-32.00157582,12.7940
115.93386970,-32.00157745,12.7920
115.93386783,-32.00157908,12.7900
115.93386596,-32.00158071,12.7880
115.93386409,-32.00158234,12.7860
115.93386222,-32.00158397,12.7840
115.93386036,-32.00158561,12.7820
115.93385849,-32.00158724,12.7800
115.93385662,-32.00158887,12.7780
115.93385475,-32.00159050,12.7760
115.93385288,-32.00159213,12.7740
115.93385101,-32.00159376,12.7720
115.93384914,-32.00159539,12.7700
115.93384728,-32.00159703,12.7680
115.93384541,-32.00159866,12.7660
115.93384354,-32.00160029,12.7640
115.93384167,-32.00160192,12.7620
115.93383980,-32.00160355,12.7600
115.93383793,-32.00160518,12.7580
115.93383610,-32.00160679,12.7571
115.93383430,-32.00160836,12.7572
115.93383250,-32.00160994,12.7574
115.93383070,-32.00161151,12.7575
115.93382890,-32.00161309,12.7577
115.93382710,-32.00161466,12.7578
115.93382530,-32.00161624,12.7580
115.93382350,-32.00161781,12.7581
115.93382170,-32.00161939,12.7583
115.93381990,-32.00162096,12.7584
115.93381810,-32.00162254,12.7586
115.93381630,-32.00162411,12.7587
115.93381450,-32.00162569,12.7589
115.93381270,-32.00162726,12.7590
115.93381090,-32.00162884,12.7592
115.93380910,-32.00163041,12.7593
115.93380730,-32.00163199,12.7595
115.93380550,-32.00163356,12.7596
115.93380370,-32.00163514,12.7598
115.93380190,-32.00163671,12.7599
115.93380010,-32.00163829,12.7601
115.93379830,-32.00163986,12.7602
115.93379650,-32.00164144,12.7604
115.93379470,-32.00164301,12.7605
115.93379290,-32.00164459,12.7607
115.93379110,-32.00164616,12.7608
115.93378930,-32.00164774,12.7610
115.93378750,-32.00164931,12.7611
115.93378570,-32.00165089,12.7613
115.93378390,-32.00165246,12.7614
115.93378210,-32.00165404,12.7616
115.93378030,-32.00165561,12.7617
115.93377850,-32.00165719,12.7619
115.93377670,-32.00165876,12.7620
115.93377490,-32.00166034,12.7622
115.93377310,-32.00166191,12.7623
115.93377130,-32.00166349,12.7625
115.93376950,-32.00166506,12.7626
115.93376770,-32.00166664,12.7628
115.93376590,-32.00166821,12.7629
115.93376408,-32.00166987,12.7702
</coordinates>
</LineString>
<LineString>
<tessellate>1</tessellate>
<coordinates>
115.93375855,-32.00167508,12.8136
115.93375671,-32.00167682,12.8280
</coordinates>
</LineString>
<LineString>
<tessellate>1</tessellate>
<coordinates>
115.93375118,-32.00168203,12.8714
115.93374934,-32.00168376,12.8858
115.93374750,-32.00168550,12.9003
</coordinates>
</LineString>
<LineString>
<tessellate>1</tessellate>
<coordinates>
115.93374566,-32.00168724,12.9147
115.93374382,-32.00168897,12.9291
</coordinates>
</LineString>
<LineString>
<tessellate>1</tessellate>
<coordinates>
115.93372171,-32.00170982,13.1025
115.93371987,-32.00171155,13.1170
115.93371803,-32.00171329,13.1314
115.93371618,-32.00171503,13.1459
</coordinates>
</LineString>
<LineString>
<tessellate>1</tessellate>
<coordinates>
115.93370513,-32.00172545,13.2325
115.93370329,-32.00172718,13.2470
115.93370145,-32.00172892,13.2614
115.93369961,-32.00173066,13.2759
</coordinates>
</LineString>
<LineString>
<tessellate>1</tessellate>
<coordinates>
115.93368671,-32.00174234,13.3595
115.93368487,-32.00174397,13.3700
</coordinates>
</LineString>
<LineString>
<tessellate>1</tessellate>
<coordinates>
115.93368118,-32.00174724,13.3911
115.93367934,-32.00174887,13.4017
115.93367750,-32.00175050,13.4123
115.93367566,-32.00175213,13.4228
115.93367382,-32.00175376,13.4334
</coordinates>
</LineString>
<LineString>
<tessellate>1</tessellate>
<coordinates>
115.93367197,-32.00175539,13.4439
115.93367013,-32.00175703,13.4545
115.93366829,-32.00175866,13.4650
115.93366645,-32.00176029,13.4756
115.93366461,-32.00176192,13.4861
115.93366276,-32.00176355,13.4967
115.93366092,-32.00176518,13.5072
115.93365908,-32.00176682,13.5178
115.93365724,-32.00176845,13.5283
115.93365539,-32.00177008,13.5389
115.93365355,-32.00177171,13.5494
115.93365171,-32.00177334,13.5600
115.93364987,-32.00177497,13.5705
115.93364803,-32.00177661,13.5811
115.93364618,-32.00177824,13.5916
115.93364434,-32.00177987,13.6022
115.93364250,-32.00178150,13.6127
</coordinates>
</LineString>
<LineString>
<tessellate>1</tessellate>
<coordinates>
115.93364066,-32.00178313,13.6233
115.93363882,-32.00178476,13.6339
115.93363697,-32.00178639,13.6444
</coordinates>
</LineString>
<LineString>
<tessellate>1</tessellate>
<coordinates>
115.93363329,-32.00178966,13.6655
115.93363145,-32.00179129,13.6761
</coordinates>
</LineString>
<LineString>
<tessellate>1</tessellate>
<coordinates>
115.93362776,-32.00179455,13.6972
115.93362592,-32.00179618,13.7077
115.93362397,-32.00179778,13.6957
</coordinates>
</LineString>
<LineString>
<tessellate>1</tessellate>
<coordinates>
115.93362192,-32.00179935,13.6612
115.93361986,-32.00180092,13.6267
115.93361781,-32.00180249,13.5922
</coordinates>
</LineString>
<LineString>
<tessellate>1</tessellate>
<coordinates>
115.93361576,-32.00180405,13.5577
115.93361370,-32.00180562,13.5232
115.93361165,-32.00180719,13.4887
115.93360959,-32.00180876,13.4541
115.93360754,-32.00181032,13.4196
115.93360549,-32.00181189,13.3851
115.93360343,-32.00181346,13.3506
115.93360138,-32.00181503,13.3161
115.93359932,-32.00181659,13.2816
115.93359727,-32.00181816,13.2471
115.93359522,-32.00181973,13.2126
115.93359316,-32.00182130,13.1780
115.93359111,-32.00182286,13.1435
115.93358905,-32.00182443,13.1090
115.93358700,-32.00182600,13.0745
115.93358495,-32.00182757,13.0400
115.93358289,-32.00182914,13.0055
115.93358084,-32.00183070,12.9710
115.93357878,-32.00183227,12.9364
</coordinates>
</LineString>
<LineString>
<tessellate>1</tessellate>
<coordinates>
115.93357673,-32.00183384,12.9019
115.93357468,-32.00183541,12.8674
</coordinates>
</LineString>
<LineString>
<tessellate>1</tessellate>
<coordinates>
115.93357262,-32.00183697,12.8329
115.93357057,-32.00183854,12.7984
115.93356851,-32.00184011,12.7639
</coordinates>
</LineString>
<LineString>
<tessellate>1</tessellate>
<coordinates>
115.93353831,-32.00186371,12.3133
115.93353636,-32.00186529,12.2910
</coordinates>
</LineString>
<LineString>
<tessellate>1</tessellate>
<coordinates>
115.93353247,-32.00186846,12.2464
115.93353053,-32.00187004,12.2241
</coordinates>
</LineString>
<LineString>
<tessellate>1</tessellate>
<coordinates>
115.93352858,-32.00187163,12.2018
115.93352664,-32.00187321,12.1795
115.93352469,-32.00187479,12.1572
115.93352275,-32.00187637,12.1349
115.93352081,-32.00187796,12.1126
115.93351886,-32.00187954,12.0903
115.93351692,-32.00188112,12.0680
115.93351497,-32.00188271,12.0457
115.93351303,-32.00188429,12.0233
115.93351108,-32.00188587,12.0010
115.93350914,-32.00188746,11.9787
115.93350719,-32.00188904,11.9564
115.93350525,-32.00189063,11.9341
</coordinates>
</LineString>
<LineString>
<tessellate>1</tessellate>
<coordinates>
115.93350331,-32.00189221,11.9118
115.93350136,-32.00189379,11.8895
</coordinates>
</LineString>
<LineString>
<tessellate>1</tessellate>
<coordinates>
115.93349942,-32.00189537,11.8672
115.93349747,-32.00189696,11.8449
115.93349553,-32.00189854,11.8226
115.93349358,-32.00190012,11.8003
115.93349164,-32.00190171,11.7780
115.93348969,-32.00190329,11.7557
115.93348775,-32.00190487,11.7334
115.93348581,-32.00190646,11.7111
115.93348386,-32.00190804,11.6888
115.93348192,-32.00190962,11.6665
115.93347997,-32.00191121,11.6442
115.93347804,-32.00191277,11.6248
115.93347613,-32.00191431,11.6084
115.93347421,-32.00191586,11.5920
115.93347230,-32.00191740,11.5756
115.93347039,-32.00191894,11.5592
115.93346847,-32.00192049,11.5428
115.93346656,-32.00192203,11.5264
115.93346464,-32.00192357,11.5100
115.93346273,-32.00192511,11.4936
115.93346081,-32.00192666,11.4772
115.93345890,-32.00192820,11.4608
115.93345699,-32.00192974,11.4444
115.93345507,-32.00193129,11.4280
115.93345316,-32.00193283,11.4116
115.93345124,-32.00193437,11.3952
115.93344933,-32.00193591,11.3788
115.93344741,-32.00193746,11.3624
115.93344550,-32.00193900,11.3460
115.93344359,-32.00194054,11.3296
115.93344167,-32.00194209,11.3132
115.93343976,-32.00194363,11.2968
115.93343784,-32.00194517,11.2804
115.93343593,-32.00194671,11.2640
115.93343401,-32.00194826,11.2476
115.93343210,-32.00194980,11.2312
115.93343019,-32.00195134,11.2148
115.93342827,-32.00195289,11.1984
115.93342636,-32.00195443,11.1820
115.93342444,-32.00195597,11.1656
115.93342253,-32.00195751,11.1492
115.93342061,-32.00195906,11.1328
115.93341870,-32.00196060,11.1164
115.93341679,-32.00196214,11.1000
115.93341487,-32.00196369,11.0836
115.93341296,-32.00196523,11.0672
115.93341109,-32.00196664,11.0544
115.93340926,-32.00196793,11.0452
115.93340743,-32.00196921,11.0360
115.93340560,-32.00197050,11.0268
115.93340377,-32.00197179,11.0176
115.93340194,-32.00197307,11.0084
115.93340011,-32.00197436,10.9992
115.93339829,-32.00197564,10.9900
115.93339646,-32.00197693,10.9808
115.93339463,-32.00197821,10.9716
115.93339280,-32.00197950,10.9624
115.93339097,-32.00198079,10.9532
115.93338914,-32.00198207,10.9440
115.93338731,-32.00198336,10.9348
115.93338549,-32.00198464,10.9256
115.93338366,-32.00198593,10.9164
115.93338183,-32.00198721,10.9072
115.93338000,-32.00198850,10.8980
115.93337817,-32.00198979,10.8888
115.93337634,-32.00199107,10.8796
115.93337451,-32.00199236,10.8704
115.93337269,-32.00199364,10.8612
115.93337086,-32.00199493,10.8520
115.93336903,-32.00199621,10.8428
115.93336720,-32.00199750,10.8336
115.93336537,-32.00199879,10.8244
</coordinates>
</LineString>
<LineString>
<tessellate>1</tessellate>
<coordinates>
115.93336354,-32.00200007,10.8152
115.93336171,-32.00200136,10.8060
115.93335989,-32.00200264,10.7968
115.93335806,-32.00200393,10.7876
</coordinates>
</LineString>
<LineString>
<tessellate>1</tessellate>
<coordinates>
115.93335623,-32.00200521,10.7784
115.93335440,-32.00200650,10.7692
115.93335257,-32.00200779,10.7600
</coordinates>
</LineString>
<LineString>
<tessellate>1</tessellate>
<coordinates>
115.93334891,-32.00201036,10.7416
115.93334706,-32.00201171,10.7355
115.93334519,-32.00201313,10.7325
115.93334332,-32.00201455,10.7296
115.93334145,-32.00201597,10.7266
115.93333958,-32.00201739,10.7236
115.93333771,-32.00201881,10.7207
</coordinates>
</LineString>
<LineString>
<tessellate>1</tessellate>
<coordinates>
115.93333584,-32.00202023,10.7177
115.93333397,-32.00202165,10.7147
115.93333210,-32.00202306,10.7118
115.93333023,-32.00202448,10.7088
115.93332835,-32.00202590,10.7058
115.93332648,-32.00202732,10.7029
115.93332461,-32.00202874,10.6999
115.93332274,-32.00203016,10.6969
115.93332087,-32.00203158,10.6940
115.93331900,-32.00203300,10.6910
115.93331713,-32.00203442,10.6880
115.93331526,-32.00203584,10.6851
115.93331339,-32.00203726,10.6821
115.93331152,-32.00203868,10.6791
115.93330965,-32.00204010,10.6762
115.93330777,-32.00204152,10.6732
115.93330590,-32.00204294,10.6702
115.93330403,-32.00204435,10.6673
115.93330216,-32.00204577,10.6643
115.93330029,-32.00204719,10.6613
115.93329842,-32.00204861,10.6584
115.93329655,-32.00205003,10.6554
115.93329468,-32.00205145,10.6524
115.93329281,-32.00205287,10.6495
115.93329094,-32.00205429,10.6465
115.93328906,-32.00205598,10.6344
115.93328718,-32.00205794,10.6131
115.93328530,-32.00205990,10.5919
115.93328342,-32.00206186,10.5707
115.93328154,-32.00206382,10.5494
115.93327966,-32.00206578,10.5282
115.93327778,-32.00206774,10.5069
115.93327590,-32.00206970,10.4857
</coordinates>
</LineString>
<LineString>
<tessellate>1</tessellate>
<coordinates>
115.93327402,-32.00207166,10.4645
115.93327214,-32.00207362,10.4432
115.93327026,-32.00207558,10.4220
115.93326838,-32.00207754,10.4007
</coordinates>
</LineString>
<LineString>
<tessellate>1</tessellate>
<coordinates>
115.93326462,-32.00208146,10.3583
115.93326274,-32.00208342,10.3370
115.93326086,-32.00208538,10.3158
</coordinates>
</LineString>
<LineString>
<tessellate>1</tessellate>
<coordinates>
115.93325710,-32.00208930,10.2733
115.93325522,-32.00209126,10.2521
115.93325334,-32.00209322,10.2308
</coordinates>
</LineString>
<LineString>
<tessellate>1</tessellate>
<coordinates>
115.93324958,-32.00209714,10.1883
115.93324770,-32.00209910,10.1671
115.93324582,-32.00210106,10.1459
115.93324394,-32.00210302,10.1246
115.93324222,-32.00210472,10.1081
115.93324066,-32.00210616,10.0964
115.93323910,-32.00210760,10.0847
</coordinates>
</LineString>
<LineString>
<tessellate>1</tessellate>
<coordinates>
115.93323754,-32.00210904,10.0730
115.93323598,-32.00211048,10.0613
</coordinates>
</LineString>
<LineString>
<tessellate>1</tessellate>
<coordinates>
115.93319638,-32.00214206,10.0471
115.93319421,-32.00214265,10.1116
</coordinates>
</LineString>
<LineString>
<tessellate>1</tessellate>
<coordinates>
115.93318550,-32.00214500,10.3700
115.93318332,-32.00214559,10.4346
</coordinates>
</LineString>
<LineString>
<tessellate>1</tessellate>
<coordinates>
115.93318115,-32.00214618,10.4992
115.93317897,-32.00214676,10.5638
115.93317679,-32.00214735,10.6284
115.93317462,-32.00214794,10.6929
115.93317244,-32.00214853,10.7575
115.93317026,-32.00214912,10.8221
115.93316809,-32.00214971,10.8867
</coordinates>
</LineString>
<LineString>
<tessellate>1</tessellate>
<coordinates>
115.93316471,-32.00215088,10.9837
115.93316318,-32.00215147,11.0268
115.93316165,-32.00215206,11.0699
115.93316012,-32.00215265,11.1130
115.93315859,-32.00215324,11.1561
115.93315706,-32.00215382,11.1993
115.93315553,-32.00215441,11.2424
115.93315400,-32.00215500,11.2855
115.93315247,-32.00215559,11.3286
115.93315094,-32.00215618,11.3717
115.93314941,-32.00215676,11.4149
115.93314788,-32.00215735,11.4580
115.93314635,-32.00215794,11.5011
115.93314482,-32.00215853,11.5442
115.93314329,-32.00215912,11.5873
115.93314176,-32.00215971,11.6304
</coordinates>
</LineString>
<LineString>
<tessellate>1</tessellate>
<coordinates>
115.93312314,-32.00217636,11.7399
115.93312143,-32.00217707,11.7796
</coordinates>
</LineString>
<LineString>
<tessellate>1</tessellate>
<coordinates>
115.93311714,-32.00217886,11.8789
115.93311629,-32.00217921,11.8987
115.93311457,-32.00217993,11.9384
115.93311286,-32.00218064,11.9781
</coordinates>
</LineString>
<LineString>
<tessellate>1</tessellate>
<coordinates>
115.93311400,-32.00218433,12.0907
115.93311450,-32.00218517,12.1138
115.93311550,-32.00218683,12.1602
115.93311650,-32.00218850,12.2065
115.93311750,-32.00219017,12.2528
115.93312100,-32.00219300,12.3970
115.93312475,-32.00219575,12.5643
115.93312625,-32.00219725,12.6567
115.93312675,-32.00219975,12.4242
115.93312625,-32.00220325,11.8668
115.93312600,-32.00220750,11.2320
115.93312575,-32.00221075,10.7542
115.93312525,-32.00221225,10.5108
115.93312475,-32.00221375,10.2578
115.93312425,-32.00221525,9.9953
</coordinates>
</LineString>
<LineString>
<tessellate>1</tessellate>
<coordinates>
115.93312900,-32.00221300,11.1365
115.93312950,-32.00221250,11.2933
</coordinates>
</LineString>
<LineString>
<tessellate>1</tessellate>
<coordinates>
115.93313100,-32.00221100,11.8690
115.93312850,-32.00221300,12.0260
115.93312150,-32.00221875,12.2350
115.93311250,-32.00222625,12.3390
115.93310529,-32.00223143,12.3481
115.93309986,-32.00223429,12.2622
115.93309443,-32.00223714,12.1764
115.93308900,-32.00224000,12.0905
</coordinates>
</LineString>
<LineString>
<tessellate>1</tessellate>
<coordinates>
115.93306286,-32.00225114,11.7076
</coordinates>
</LineString>
<LineString>
<tessellate>1</tessellate>
<coordinates>
115.93303071,-32.00225629,11.3366
115.93302893,-32.00225657,11.3160
115.93302536,-32.00225714,11.2748
115.93302179,-32.00225771,11.2336
115.93301877,-32.00225780,11.2097
115.93301632,-32.00225739,11.2030
115.93301386,-32.00225698,11.1964
115.93301141,-32.00225657,11.1898
115.93300895,-32.00225616,11.1831
115.93300650,-32.00225575,11.1765
115.93300405,-32.00225534,11.1699
115.93300159,-32.00225493,11.1632
115.93299914,-32.00225452,11.1566
</coordinates>
</LineString>
<LineString>
<tessellate>1</tessellate>
<coordinates>
115.93299300,-32.00225350,11.1400
</coordinates>
</LineString>
<LineString>
<tessellate>1</tessellate>
<coordinates>
115.93298809,-32.00225268,11.1267
115.93298686,-32.00225248,11.1234
115.93298441,-32.00225207,11.1168
115.93298195,-32.00225166,11.1101
115.93297950,-32.00225125,11.1035
115.93297705,-32.00225084,11.0969
115.93297459,-32.00225043,11.0902
115.93297214,-32.00225002,11.0836
115.93296968,-32.00224961,11.0770
115.93296723,-32.00224920,11.0703
115.93296464,-32.00224828,11.0661
115.93296192,-32.00224683,11.0643
115.93295919,-32.00224539,11.0626
115.93295647,-32.00224394,11.0608
115.93295375,-32.00224250,11.0590
115.93295103,-32.00224106,11.0572
115.93294831,-32.00223961,11.0554
115.93294558,-32.00223817,11.0537
115.93294286,-32.00223672,11.0519
115.93294014,-32.00223528,11.0501
115.93293742,-32.00223383,11.0483
115.93293469,-32.00223239,11.0466
115.93293197,-32.00223094,11.0448
115.93292925,-32.00222950,11.0430
115.93292653,-32.00222806,11.0412
115.93292381,-32.00222661,11.0394
115.93292108,-32.00222517,11.0377
115.93291836,-32.00222372,11.0359
115.93291608,-32.00222240,11.0353
115.93291425,-32.00222119,11.0359
115.93291242,-32.00221998,11.0366
115.93291058,-32.00221877,11.0372
115.93290875,-32.00221756,11.0378
115.93290692,-32.00221635,11.0384
115.93290508,-32.00221515,11.0391
115.93290325,-32.00221394,11.0397
115.93290142,-32.00221273,11.0403
115.93289958,-32.00221152,11.0409
115.93289775,-32.00221031,11.0416
115.93289592,-32.00220910,11.0422
115.93289408,-32.00220790,11.0428
115.93289225,-32.00220669,11.0434
115.93289042,-32.00220548,11.0441
115.93288858,-32.00220427,11.0447
115.93288675,-32.00220306,11.0453
115.93288492,-32.00220185,11.0459
115.93288308,-32.00220065,11.0466
115.93288125,-32.00219944,11.0472
115.93287942,-32.00219823,11.0478
115.93287758,-32.00219702,11.0484
115.93287575,-32.00219581,11.0491
115.93287392,-32.00219460,11.0497
115.93287183,-32.00219319,11.0513
115.93286950,-32.00219158,11.0539
115.93286717,-32.00218997,11.0565
115.93286483,-32.00218836,11.0591
115.93286250,-32.00218675,11.0618
115.93286017,-32.00218514,11.0644
115.93285783,-32.00218353,11.0670
115.93285550,-32.00218192,11.0696
115.93285317,-32.00218031,11.0722
115.93285083,-32.00217869,11.0748
115.93284850,-32.00217708,11.0774
115.93284617,-32.00217547,11.0800
115.93284383,-32.00217386,11.0826
115.93284150,-32.00217225,11.0853
115.93283917,-32.00217064,11.0879
115.93283683,-32.00216903,11.0905
115.93283450,-32.00216742,11.0931
115.93283217,-32.00216581,11.0957
115.93283004,-32.00216431,11.0993
115.93282813,-32.00216294,11.1039
115.93282621,-32.00216156,11.1086
115.93282429,-32.00216019,11.1132
115.93282238,-32.00215881,11.1178
115.93282046,-32.00215744,11.1224
115.93281854,-32.00215606,11.1271
115.93281663,-32.00215469,11.1317
115.93281471,-32.00215331,11.1363
115.93281279,-32.00215194,11.1409
115.93281087,-32.00215056,11.1456
115.93280896,-32.00214919,11.1502
115.93280704,-32.00214781,11.1548
115.93280513,-32.00214644,11.1594
115.93280321,-32.00214506,11.1641
115.93280129,-32.00214369,11.1687
115.93279938,-32.00214231,11.1733
115.93279746,-32.00214094,11.1779
115.93279554,-32.00213956,11.1826
115.93279362,-32.00213819,11.1872
115.93279171,-32.00213681,11.1918
115.93278979,-32.00213544,11.1964
115.93278788,-32.00213406,11.2011
115.93278596,-32.00213269,11.2057
115.93278392,-32.00213117,11.2106
115.93278175,-32.00212950,11.2158
115.93277958,-32.00212783,11.2209
115.93277742,-32.00212617,11.2261
115.93277525,-32.00212450,11.2312
115.93277308,-32.00212283,11.2364
115.93277092,-32.00212117,11.2416
115.93276875,-32.00211950,11.2468
115.93276658,-32.00211783,11.2519
115.93276442,-32.00211617,11.2571
115.93276225,-32.00211450,11.2623
</coordinates>
</LineString>
<LineString>
<tessellate>1</tessellate>
<coordinates>
115.93271333,-32.00207667,11.3987
115.93271224,-32.00207581,11.4024
115.93271006,-32.00207411,11.4098
115.93270787,-32.00207241,11.4172
115.93270569,-32.00207070,11.4246
115.93270350,-32.00206900,11.4320
115.93270131,-32.00206730,11.4394
115.93269913,-32.00206559,11.4468
115.93269694,-32.00206389,11.4542
115.93269476,-32.00206219,11.4616
115.93269257,-32.00206048,11.4690
115.93269039,-32.00205878,11.4764
115.93268820,-32.00205707,11.4839
115.93268602,-32.00205537,11.4913
115.93268383,-32.00205367,11.4987
115.93268165,-32.00205196,11.5061
115.93267946,-32.00205026,11.5135
115.93267728,-32.00204856,11.5209
115.93267509,-32.00204685,11.5283
115.93267303,-32.00204524,11.5364
115.93267109,-32.00204371,11.5451
115.93266915,-32.00204218,11.5538
115.93266721,-32.00204065,11.5626
115.93266526,-32.00203912,11.5713
115.93266332,-32.00203759,11.5800
115.93266138,-32.00203606,11.5888
115.93265944,-32.00203453,11.5975
115.93265750,-32.00203300,11.6062
115.93265556,-32.00203147,11.6150
115.93265362,-32.00202994,11.6237
115.93265168,-32.00202841,11.6325
115.93264974,-32.00202688,11.6412
115.93264779,-32.00202535,11.6499
115.93264585,-32.00202382,11.6587
115.93264391,-32.00202229,11.6674
115.93264197,-32.00202076,11.6761
115.93264003,-32.00201924,11.6849
115.93263809,-32.00201771,11.6936
115.93263615,-32.00201618,11.7023
115.93263421,-32.00201465,11.7111
115.93263226,-32.00201312,11.7198
115.93263032,-32.00201159,11.7285
115.93262838,-32.00201006,11.7373
115.93262644,-32.00200853,11.7460
115.93262450,-32.00200700,11.7548
115.93262256,-32.00200547,11.7635
115.93262062,-32.00200394,11.7722
115.93261868,-32.00200241,11.7810
115.93261674,-32.00200088,11.7897
115.93261479,-32.00199935,11.7984
115.93261285,-32.00199782,11.8072
115.93261091,-32.00199629,11.8159
115.93260897,-32.00199476,11.8246
115.93260697,-32.00199319,11.8255
115.93260492,-32.00199158,11.8184
115.93260286,-32.00198997,11.8114
115.93260081,-32.00198836,11.8043
115.93259875,-32.00198675,11.7973
115.93259669,-32.00198514,11.7902
115.93259464,-32.00198353,11.7831
</coordinates>
</LineString>
<LineString>
<tessellate>1</tessellate>
<coordinates>
115.93258744,-32.00197789,11.7584
115.93258642,-32.00197708,11.7549
</coordinates>
</LineString>
<LineString>
<tessellate>1</tessellate>
<coordinates>
115.93258128,-32.00197306,11.7373
115.93258025,-32.00197225,11.7338
115.93257819,-32.00197064,11.7267
115.93257614,-32.00196903,11.7196
115.93257408,-32.00196742,11.7126
</coordinates>
</LineString>
<LineString>
<tessellate>1</tessellate>
<coordinates>
115.93256894,-32.00196339,11.6949
115.93256792,-32.00196258,11.6914
115.93256586,-32.00196097,11.6844
115.93256381,-32.00195936,11.6773
115.93256175,-32.00195775,11.6702
115.93255969,-32.00195614,11.6632
115.93255764,-32.00195453,11.6561
115.93255558,-32.00195292,11.6491
115.93255353,-32.00195131,11.6420
115.93255147,-32.00194969,11.6350
115.93254942,-32.00194808,11.6279
115.93254736,-32.00194647,11.6209
115.93254531,-32.00194486,11.6138
115.93254325,-32.00194325,11.6068
115.93254119,-32.00194164,11.5997
115.93253914,-32.00194003,11.5926
115.93253708,-32.00193842,11.5856
</coordinates>
</LineString>
<LineString>
<tessellate>1</tessellate>
<coordinates>
115.93253503,-32.00193681,11.5785
115.93253296,-32.00193518,11.5744
115.93253088,-32.00193355,11.5731
</coordinates>
</LineString>
<LineString>
<tessellate>1</tessellate>
<coordinates>
115.93252568,-32.00192947,11.5701
115.93252464,-32.00192866,11.5694
</coordinates>
</LineString>
<LineString>
<tessellate>1</tessellate>
<coordinates>
115.93251945,-32.00192458,11.5663
115.93251841,-32.00192376,11.5657
115.93251633,-32.00192213,11.5645
115.93251425,-32.00192050,11.5633
115.93251217,-32.00191887,11.5620
115.93251009,-32.00191724,11.5608
115.93250801,-32.00191561,11.5595
115.93250593,-32.00191397,11.5583
</coordinates>
</LineString>
<LineString>
<tessellate>1</tessellate>
<coordinates>
115.93250386,-32.00191234,11.5571
115.93250178,-32.00191071,11.5558
115.93249970,-32.00190908,11.5546
</coordinates>
</LineString>
<LineString>
<tessellate>1</tessellate>
<coordinates>
115.93248826,-32.00190011,11.5478
115.93248722,-32.00189929,11.5472
115.93248514,-32.00189766,11.5459
115.93248307,-32.00189603,11.5447
115.93248099,-32.00189439,11.5435
115.93247891,-32.00189276,11.5422
115.93247683,-32.00189113,11.5410
115.93247475,-32.00188950,11.5398
115.93247267,-32.00188787,11.5385
115.93247059,-32.00188624,11.5373
115.93246851,-32.00188461,11.5360
115.93246643,-32.00188297,11.5348
115.93246436,-32.00188134,11.5336
115.93246228,-32.00187971,11.5323
115.93246020,-32.00187808,11.5311
115.93245812,-32.00187645,11.5299
115.93245604,-32.00187482,11.5286
115.93245399,-32.00187320,11.5289
115.93245196,-32.00187159,11.5308
</coordinates>
</LineString>
<LineString>
<tessellate>1</tessellate>
<coordinates>
115.93244690,-32.00186756,11.5354
</coordinates>
</LineString>
<LineString>
<tessellate>1</tessellate>
<coordinates>
115.93244083,-32.00186273,11.5410
115.93243982,-32.00186193,11.5419
115.93243779,-32.00186032,11.5438
115.93243577,-32.00185871,11.5456
115.93243374,-32.00185710,11.5475
115.93243172,-32.00185549,11.5493
115.93242970,-32.00185388,11.5512
115.93242767,-32.00185227,11.5530
115.93242565,-32.00185066,11.5549
115.93242362,-32.00184905,11.5567
115.93242160,-32.00184744,11.5586
115.93241957,-32.00184583,11.5604
115.93241755,-32.00184422,11.5623
115.93241552,-32.00184261,11.5641
115.93241350,-32.00184100,11.5660
115.93241148,-32.00183939,11.5679
115.93240945,-32.00183778,11.5697
</coordinates>
</LineString>
<LineString>
<tessellate>1</tessellate>
<coordinates>
115.93240439,-32.00183376,11.5743
115.93240338,-32.00183295,11.5753
</coordinates>
</LineString>
<LineString>
<tessellate>1</tessellate>
<coordinates>
115.93239832,-32.00182893,11.5799
</coordinates>
</LineString>
<LineString>
<tessellate>1</tessellate>
<coordinates>
115.93238820,-32.00182088,11.5892
115.93238718,-32.00182007,11.5901
115.93238516,-32.00181846,11.5920
115.93238313,-32.00181685,11.5938
115.93238111,-32.00181524,11.5957
</coordinates>
</LineString>
<LineString>
<tessellate>1</tessellate>
<coordinates>
115.93237605,-32.00181122,11.6003
115.93237504,-32.00181041,11.6012
115.93237301,-32.00180880,11.6031
115.93237099,-32.00180721,11.6061
115.93236897,-32.00180563,11.6103
115.93236694,-32.00180405,11.6145
115.93236492,-32.00180247,11.6187
115.93236290,-32.00180088,11.6229
115.93236087,-32.00179930,11.6272
115.93235885,-32.00179772,11.6314
115.93235683,-32.00179614,11.6356
115.93235480,-32.00179456,11.6398
115.93235278,-32.00179298,11.6440
115.93235076,-32.00179140,11.6482
115.93234873,-32.00178981,11.6524
115.93234671,-32.00178823,11.6566
115.93234469,-32.00178665,11.6608
115.93234266,-32.00178507,11.6650
115.93234064,-32.00178349,11.6692
115.93233862,-32.00178191,11.6735
115.93233659,-32.00178033,11.6777
115.93233457,-32.00177874,11.6819
115.93233255,-32.00177716,11.6861
115.93233052,-32.00177558,11.6903
115.93232850,-32.00177400,11.6945
115.93232648,-32.00177242,11.6987
115.93232445,-32.00177084,11.7029
115.93232243,-32.00176926,11.7071
115.93232041,-32.00176767,11.7113
115.93231838,-32.00176609,11.7155
115.93231636,-32.00176451,11.7198
115.93231434,-32.00176293,11.7240
115.93231231,-32.00176135,11.7282
115.93231029,-32.00175977,11.7324
115.93230827,-32.00175819,11.7366
115.93230624,-32.00175660,11.7408
115.93230422,-32.00175502,11.7450
115.93230220,-32.00175344,11.7492
115.93230017,-32.00175186,11.7534
115.93229815,-32.00175028,11.7576
115.93229613,-32.00174870,11.7618
115.93229410,-32.00174712,11.7661
115.93229208,-32.00174553,11.7703
115.93229006,-32.00174395,11.7745
115.93228803,-32.00174237,11.7787
115.93228601,-32.00174079,11.7829
115.93228403,-32.00173921,11.7999
115.93228210,-32.00173763,11.8296
115.93228017,-32.00173606,11.8594
115.93227823,-32.00173448,11.8891
115.93227630,-32.00173290,11.9189
115.93227437,-32.00173132,11.9487
115.93227243,-32.00172974,11.9784
115.93227050,-32.00172817,12.0082
115.93226857,-32.00172659,12.0379
115.93226663,-32.00172501,12.0677
115.93226470,-32.00172343,12.0974
115.93226277,-32.00172186,12.1272
115.93226083,-32.00172028,12.1569
115.93225890,-32.00171870,12.1867
115.93225697,-32.00171712,12.2165
115.93225503,-32.00171554,12.2462
115.93225310,-32.00171397,12.2760
115.93225117,-32.00171239,12.3057
115.93224923,-32.00171081,12.3355
115.93224730,-32.00170923,12.3652
115.93224537,-32.00170766,12.3950
115.93224343,-32.00170608,12.4247
115.93224150,-32.00170450,12.4545
115.93223957,-32.00170292,12.4843
115.93223763,-32.00170134,12.5140
115.93223570,-32.00169977,12.5438
115.93223377,-32.00169819,12.5735
</coordinates>
</LineString>
<LineString>
<tessellate>1</tessellate>
<coordinates>
115.93222893,-32.00169424,12.6479
115.93222797,-32.00169346,12.6628
</coordinates>
</LineString>
<LineString>
<tessellate>1</tessellate>
<coordinates>
115.93219993,-32.00167058,13.0942
115.93219897,-32.00166979,13.1091
115.93219697,-32.00166820,13.1228
115.93219490,-32.00166660,13.1204
115.93219283,-32.00166500,13.1180
115.93219077,-32.00166340,13.1156
115.93218870,-32.00166180,13.1132
115.93218663,-32.00166020,13.1108
115.93218457,-32.00165860,13.1084
115.93218250,-32.00165700,13.1060
115.93218043,-32.00165540,13.1036
</coordinates>
</LineString>
<LineString>
<tessellate>1</tessellate>
<coordinates>
115.93217527,-32.00165140,13.0976
</coordinates>
</LineString>
<LineString>
<tessellate>1</tessellate>
<coordinates>
115.93216907,-32.00164660,13.0904
</coordinates>
</LineString>
<LineString>
<tessellate>1</tessellate>
<coordinates>
115.93215873,-32.00163860,13.0784
</coordinates>
</LineString>
<LineString>
<tessellate>1</tessellate>
<coordinates>
115.93215253,-32.00163380,13.0712
115.93215150,-32.00163300,13.0700
115.93214943,-32.00163140,13.0676
115.93214737,-32.00162980,13.0652
115.93214530,-32.00162820,13.0628
115.93214323,-32.00162660,13.0604
115.93214117,-32.00162500,13.0580
115.93213910,-32.00162340,13.0556
115.93213703,-32.00162180,13.0532
115.93213497,-32.00162020,13.0508
115.93213290,-32.00161860,13.0484
115.93213083,-32.00161700,13.0460
115.93212877,-32.00161540,13.0436
115.93212670,-32.00161380,13.0412
115.93212463,-32.00161220,13.0388
115.93212257,-32.00161060,13.0364
</coordinates>
</LineString>
<LineString>
<tessellate>1</tessellate>
<coordinates>
115.93211740,-32.00160660,13.0304
115.93211637,-32.00160580,13.0292
115.93211430,-32.00160420,13.0268
115.93211223,-32.00160260,13.0244
115.93211017,-32.00160100,13.0220
115.93210810,-32.00159940,13.0196
115.93210603,-32.00159780,13.0172
115.93210402,-32.00159625,13.0169
115.93210206,-32.00159475,13.0187
115.93210010,-32.00159325,13.0206
115.93209815,-32.00159175,13.0224
115.93209619,-32.00159025,13.0243
115.93209423,-32.00158875,13.0261
115.93209227,-32.00158725,13.0279
115.93209031,-32.00158575,13.0298
115.93208835,-32.00158425,13.0316
115.93208640,-32.00158275,13.0334
115.93208444,-32.00158125,13.0353
115.93208248,-32.00157975,13.0371
115.93208052,-32.00157825,13.0389
115.93207856,-32.00157675,13.0407
115.93207660,-32.00157525,13.0426
115.93207465,-32.00157375,13.0444
115.93207269,-32.00157225,13.0463
115.93207073,-32.00157075,13.0481
115.93206877,-32.00156925,13.0499
115.93206681,-32.00156775,13.0517
115.93206485,-32.00156625,13.0536
115.93206290,-32.00156475,13.0554
115.93206094,-32.00156325,13.0573
115.93205898,-32.00156175,13.0591
115.93205702,-32.00156025,13.0609
115.93205506,-32.00155875,13.0627
</coordinates>
</LineString>
<LineString>
<tessellate>1</tessellate>
<coordinates>
115.93205017,-32.00155500,13.0673
115.93204919,-32.00155425,13.0682
115.93204723,-32.00155275,13.0701
115.93204527,-32.00155125,13.0719
115.93204331,-32.00154975,13.0737
115.93204135,-32.00154825,13.0756
115.93203940,-32.00154675,13.0774
115.93203744,-32.00154525,13.0793
115.93203548,-32.00154375,13.0811
115.93203352,-32.00154225,13.0829
115.93203156,-32.00154075,13.0848
115.93202960,-32.00153925,13.0866
115.93202765,-32.00153775,13.0884
115.93202569,-32.00153625,13.0902
115.93202373,-32.00153475,13.0921
115.93202177,-32.00153325,13.0939
115.93201981,-32.00153175,13.0957
115.93201785,-32.00153025,13.0976
115.93201590,-32.00152875,13.0994
115.93201394,-32.00152725,13.1013
115.93201198,-32.00152575,13.1031
115.93201004,-32.00152427,13.1059
115.93200812,-32.00152281,13.1096
115.93200620,-32.00152135,13.1133
115.93200428,-32.00151989,13.1170
115.93200236,-32.00151843,13.1207
115.93200044,-32.00151697,13.1245
115.93199852,-32.00151551,13.1282
115.93199660,-32.00151405,13.1319
115.93199468,-32.00151259,13.1356
115.93199276,-32.00151113,13.1393
115.93199084,-32.00150967,13.1431
115.93198892,-32.00150821,13.1468
115.93198700,-32.00150675,13.1505
115.93198508,-32.00150529,13.1542
115.93198316,-32.00150383,13.1579
115.93198124,-32.00150237,13.1617
115.93197932,-32.00150091,13.1654
115.93197740,-32.00149945,13.1691
115.93197548,-32.00149799,13.1728
115.93197356,-32.00149653,13.1765
115.93197164,-32.00149507,13.1803
115.93196972,-32.00149361,13.1840
115.93196780,-32.00149215,13.1877
115.93196588,-32.00149069,13.1914
</coordinates>
</LineString>
<LineString>
<tessellate>1</tessellate>
<coordinates>
115.93196108,-32.00148704,13.2007
115.93196012,-32.00148631,13.2026
115.93195820,-32.00148485,13.2063
115.93195628,-32.00148339,13.2100
115.93195436,-32.00148193,13.2137
115.93195244,-32.00148047,13.2175
115.93195052,-32.00147901,13.2212
115.93194860,-32.00147755,13.2249
115.93194668,-32.00147609,13.2286
115.93194476,-32.00147463,13.2323
115.93194284,-32.00147317,13.2361
115.93194092,-32.00147171,13.2398
115.93193900,-32.00147025,13.2435
115.93193708,-32.00146879,13.2472
115.93193516,-32.00146733,13.2509
115.93193324,-32.00146587,13.2547
115.93193132,-32.00146441,13.2584
115.93192940,-32.00146295,13.2621
115.93192748,-32.00146149,13.2658
115.93192556,-32.00146003,13.2695
115.93192364,-32.00145857,13.2733
115.93192172,-32.00145711,13.2770
115.93191980,-32.00145565,13.2807
115.93191788,-32.00145419,13.2844
115.93191596,-32.00145273,13.2881
115.93191402,-32.00145122,13.3024
115.93191206,-32.00144966,13.3273
115.93191010,-32.00144809,13.3522
115.93190815,-32.00144653,13.3771
115.93190619,-32.00144497,13.4020
115.93190423,-32.00144341,13.4269
115.93190227,-32.00144184,13.4518
115.93190031,-32.00144028,13.4767
115.93189835,-32.00143872,13.5016
115.93189640,-32.00143716,13.5265
</coordinates>
</LineString>
<LineString>
<tessellate>1</tessellate>
<coordinates>
115.93189150,-32.00143325,13.5887
115.93189052,-32.00143247,13.6012
</coordinates>
</LineString>
<LineString>
<tessellate>1</tessellate>
<coordinates>
115.93188562,-32.00142856,13.6634
115.93188465,-32.00142778,13.6759
115.93188269,-32.00142622,13.7008
115.93188073,-32.00142466,13.7257
115.93187877,-32.00142309,13.7506
115.93187681,-32.00142153,13.7755
115.93187485,-32.00141997,13.8004
115.93187290,-32.00141841,13.8253
115.93187094,-32.00141684,13.8502
115.93186898,-32.00141528,13.8751
115.93186702,-32.00141372,13.8999
115.93186506,-32.00141216,13.9248
115.93186310,-32.00141059,13.9497
115.93186115,-32.00140903,13.9746
115.93185919,-32.00140747,13.9995
115.93185723,-32.00140591,14.0244
115.93185527,-32.00140434,14.0493
115.93185331,-32.00140278,14.0742
115.93185135,-32.00140122,14.0991
115.93184940,-32.00139966,14.1240
115.93184744,-32.00139809,14.1489
115.93184548,-32.00139653,14.1738
115.93184352,-32.00139497,14.1987
115.93184156,-32.00139341,14.2236
115.93183960,-32.00139184,14.2485
115.93183765,-32.00139028,14.2734
115.93183569,-32.00138872,14.2983
115.93183373,-32.00138716,14.3232
115.93183177,-32.00138559,14.3481
115.93182981,-32.00138403,14.3730
115.93182785,-32.00138247,14.3979
115.93182590,-32.00138091,14.4228
115.93182394,-32.00137934,14.4477
115.93182198,-32.00137778,14.4726
115.93182000,-32.00137621,14.4927
115.93181800,-32.00137462,14.5081
115.93181600,-32.00137304,14.5235
115.93181400,-32.00137146,14.5390
115.93181200,-32.00136987,14.5544
115.93181000,-32.00136829,14.5698
115.93180800,-32.00136671,14.5852
115.93180600,-32.00136513,14.6006
115.93180400,-32.00136354,14.6160
115.93180200,-32.00136196,14.6315
115.93180000,-32.00136037,14.6469
</coordinates>
</LineString>
<LineString>
<tessellate>1</tessellate>
<coordinates>
115.93179500,-32.00135642,14.6854
115.93179400,-32.00135563,14.6931
115.93179200,-32.00135404,14.7085
115.93179000,-32.00135246,14.7240
115.93178800,-32.00135088,14.7394
115.93178600,-32.00134929,14.7548
115.93178400,-32.00134771,14.7702
115.93178200,-32.00134612,14.7856
115.93178000,-32.00134454,14.8010
115.93177800,-32.00134296,14.8165
115.93177600,-32.00134137,14.8319
115.93177400,-32.00133979,14.8473
115.93177200,-32.00133821,14.8627
115.93177000,-32.00133662,14.8781
115.93176800,-32.00133504,14.8935
115.93176600,-32.00133346,14.9090
</coordinates>
</LineString>
<LineString>
<tessellate>1</tessellate>
<coordinates>
115.93176100,-32.00132950,14.9475
115.93176000,-32.00132871,14.9552
115.93175800,-32.00132713,14.9706
115.93175600,-32.00132554,14.9860
115.93175400,-32.00132396,15.0015
115.93175200,-32.00132238,15.0169
115.93175000,-32.00132079,15.0323
115.93174800,-32.00131921,15.0477
</coordinates>
</LineString>
<LineString>
<tessellate>1</tessellate>
<coordinates>
115.93174300,-32.00131525,15.0863
115.93174200,-32.00131446,15.0940
115.93174000,-32.00131287,15.1094
115.93173800,-32.00131129,15.1248
115.93173600,-32.00130971,15.1402
115.93173400,-32.00130812,15.1556
115.93173200,-32.00130654,15.1710
115.93173000,-32.00130496,15.1865
115.93172800,-32.00130337,15.2019
115.93172600,-32.00130179,15.2173
115.93172400,-32.00130019,15.2304
115.93172200,-32.00129856,15.2413
115.93172000,-32.00129694,15.2522
115.93171800,-32.00129531,15.2631
115.93171600,-32.00129369,15.2739
115.93171400,-32.00129206,15.2848
115.93171200,-32.00129044,15.2957
115.93171000,-32.00128881,15.3066
115.93170800,-32.00128719,15.3174
115.93170600,-32.00128556,15.3283
115.93170400,-32.00128394,15.3392
115.93170200,-32.00128231,15.3501
</coordinates>
</LineString>
<LineString>
<tessellate>1</tessellate>
<coordinates>
115.93169700,-32.00127825,15.3773
115.93169600,-32.00127744,15.3827
115.93169400,-32.00127581,15.3936
115.93169200,-32.00127419,15.4044
115.93169000,-32.00127256,15.4153
115.93168800,-32.00127094,15.4262
115.93168600,-32.00126931,15.4371
115.93168400,-32.00126769,15.4479
115.93168200,-32.00126606,15.4588
115.93168000,-32.00126444,15.4697
115.93167800,-32.00126281,15.4806
115.93167600,-32.00126119,15.4914
</coordinates>
</LineString>
<LineString>
<tessellate>1</tessellate>
<coordinates>
115.93167100,-32.00125712,15.5186
115.93167000,-32.00125631,15.5241
115.93166800,-32.00125469,15.5349
115.93166600,-32.00125306,15.5458
115.93166400,-32.00125144,15.5567
115.93166200,-32.00124981,15.5676
115.93166000,-32.00124819,15.5784
115.93165800,-32.00124656,15.5893
115.93165600,-32.00124494,15.6002
115.93165400,-32.00124331,15.6111
115.93165200,-32.00124169,15.6219
</coordinates>
</LineString>
<LineString>
<tessellate>1</tessellate>
<coordinates>
115.93164700,-32.00123763,15.6491
115.93164600,-32.00123681,15.6546
115.93164400,-32.00123519,15.6654
115.93164200,-32.00123356,15.6763
115.93164000,-32.00123194,15.6872
115.93163800,-32.00123031,15.6981
</coordinates>
</LineString>
<LineString>
<tessellate>1</tessellate>
<coordinates>
115.93163300,-32.00122625,15.7252
115.93163200,-32.00122544,15.7307
115.93163000,-32.00122381,15.7416
115.93162808,-32.00122227,15.7493
115.93162625,-32.00122082,15.7538
115.93162442,-32.00121937,15.7584
</coordinates>
</LineString>
<LineString>
<tessellate>1</tessellate>
<coordinates>
115.93161985,-32.00121574,15.7697
</coordinates>
</LineString>
<LineString>
<tessellate>1</tessellate>
<coordinates>
115.93161619,-32.00121283,15.7788
115.93161527,-32.00121210,15.7811
115.93161344,-32.00121065,15.7857
115.93161161,-32.00120920,15.7902
115.93160978,-32.00120775,15.7947
115.93160795,-32.00120629,15.7993
115.93160612,-32.00120484,15.8038
115.93160429,-32.00120339,15.8084
115.93160246,-32.00120193,15.8129
115.93160063,-32.00120048,15.8175
115.93159880,-32.00119903,15.8220
115.93159697,-32.00119758,15.8266
115.93159514,-32.00119612,15.8311
115.93159331,-32.00119467,15.8357
115.93159148,-32.00119322,15.8402
115.93158965,-32.00119176,15.8448
115.93158782,-32.00119031,15.8493
115.93158599,-32.00118886,15.8539
115.93158416,-32.00118741,15.8584
115.93158233,-32.00118595,15.8630
</coordinates>
</LineString>
<LineString>
<tessellate>1</tessellate>
<coordinates>
115.93157775,-32.00118232,15.8743
115.93157684,-32.00118159,15.8766
115.93157501,-32.00118014,15.8811
115.93157318,-32.00117869,15.8857
115.93157135,-32.00117724,15.8902
115.93156952,-32.00117578,15.8948
115.93156769,-32.00117433,15.8993
115.93156586,-32.00117288,15.9039
115.93156403,-32.00117142,15.9084
115.93156220,-32.00116997,15.9130
115.93156037,-32.00116852,15.9175
115.93155854,-32.00116707,15.9221
115.93155671,-32.00116561,15.9266
115.93155488,-32.00116416,15.9312
115.93155305,-32.00116271,15.9357
115.93155122,-32.00116125,15.9403
115.93154939,-32.00115980,15.9448
115.93154756,-32.00115835,15.9493
115.93154573,-32.00115690,15.9539
115.93154390,-32.00115544,15.9584
115.93154207,-32.00115399,15.9630
115.93154024,-32.00115254,15.9675
115.93153841,-32.00115108,15.9721
115.93153658,-32.00114963,15.9766
</coordinates>
</LineString>
<LineString>
<tessellate>1</tessellate>
<coordinates>
115.93152439,-32.00113988,15.9904
115.93152344,-32.00113912,15.9907
115.93152154,-32.00113759,15.9913
115.93151964,-32.00113606,15.9920
115.93151774,-32.00113453,15.9926
115.93151583,-32.00113300,15.9932
115.93151393,-32.00113147,15.9938
115.93151203,-32.00112994,15.9944
115.93151013,-32.00112841,15.9950
115.93150823,-32.00112688,15.9956
115.93150632,-32.00112535,15.9962
115.93150442,-32.00112382,15.9968
115.93150252,-32.00112229,15.9974
115.93150062,-32.00112076,15.9980
115.93149872,-32.00111924,15.9986
115.93149681,-32.00111771,15.9992
115.93149491,-32.00111618,15.9999
115.93149301,-32.00111465,16.0005
115.93149111,-32.00111312,16.0011
115.93148921,-32.00111159,16.0017
115.93148730,-32.00111006,16.0023
115.93148540,-32.00110853,16.0029
115.93148350,-32.00110700,16.0035
115.93148160,-32.00110547,16.0041
115.93147970,-32.00110394,16.0047
115.93147779,-32.00110241,16.0053
115.93147589,-32.00110088,16.0059
115.93147399,-32.00109935,16.0065
115.93147209,-32.00109782,16.0071
115.93147019,-32.00109629,16.0078
115.93146828,-32.00109476,16.0084
115.93146638,-32.00109324,16.0090
115.93146448,-32.00109171,16.0096
115.93146258,-32.00109018,16.0102
115.93146068,-32.00108865,16.0108
115.93145877,-32.00108712,16.0114
115.93145687,-32.00108559,16.0120
115.93145497,-32.00108406,16.0126
115.93145307,-32.00108253,16.0132
115.93145117,-32.00108100,16.0138
115.93144926,-32.00107947,16.0144
115.93144736,-32.00107794,16.0150
115.93144546,-32.00107641,16.0157
115.93144356,-32.00107488,16.0163
115.93144166,-32.00107335,16.0169
115.93143975,-32.00107182,16.0175
115.93143785,-32.00107029,16.0181
115.93143595,-32.00106876,16.0187
115.93143397,-32.00106720,16.0182
115.93143191,-32.00106559,16.0166
115.93142984,-32.00106399,16.0150
</coordinates>
</LineString>
<LineString>
<tessellate>1</tessellate>
<coordinates>
115.93140716,-32.00104634,15.9976
115.93140509,-32.00104474,15.9960
</coordinates>
</LineString>
<LineString>
<tessellate>1</tessellate>
<coordinates>
115.93139891,-32.00103993,15.9913
115.93139684,-32.00103832,15.9897
</coordinates>
</LineString>
<LineString>
<tessellate>1</tessellate>
<coordinates>
115.93139478,-32.00103672,15.9881
115.93139272,-32.00103511,15.9865
</coordinates>
</LineString>
<LineString>
<tessellate>1</tessellate>
<coordinates>
115.93137313,-32.00101987,15.9715
</coordinates>
</LineString>
<LineString>
<tessellate>1</tessellate>
<coordinates>
115.93133400,-32.00098948,15.9410
115.93133300,-32.00098872,15.9400
115.93133100,-32.00098720,15.9380
115.93132900,-32.00098568,15.9359
115.93132700,-32.00098416,15.9339
115.93132500,-32.00098264,15.9319
115.93132300,-32.00098112,15.9299
115.93132100,-32.00097960,15.9278
115.93131900,-32.00097808,15.9258
</coordinates>
</LineString>
<LineString>
<tessellate>1</tessellate>
<coordinates>
115.93131400,-32.00097428,15.9208
115.93131300,-32.00097352,15.9198
115.93131100,-32.00097200,15.9178
115.93130900,-32.00097048,15.9157
115.93130700,-32.00096896,15.9137
115.93130500,-32.00096744,15.9117
115.93130300,-32.00096592,15.9097
115.93130100,-32.00096440,15.9076
115.93129900,-32.00096288,15.9056
115.93129700,-32.00096136,15.9036
115.93129500,-32.00095984,15.9016
115.93129300,-32.00095832,15.8996
115.93129100,-32.00095680,15.8976
115.93128900,-32.00095528,15.8955
115.93128700,-32.00095376,15.8935
</coordinates>
</LineString>
<LineString>
<tessellate>1</tessellate>
<coordinates>
115.93128200,-32.00094996,15.8885
115.93128100,-32.00094920,15.8875
115.93127900,-32.00094768,15.8854
115.93127700,-32.00094616,15.8834
115.93127500,-32.00094464,15.8814
115.93127300,-32.00094312,15.8794
115.93127100,-32.00094160,15.8774
115.93126900,-32.00094008,15.8753
115.93126700,-32.00093856,15.8733
115.93126500,-32.00093704,15.8713
115.93126300,-32.00093552,15.8693
115.93126100,-32.00093400,15.8673
115.93125900,-32.00093248,15.8652
115.93125700,-32.00093096,15.8632
115.93125500,-32.00092944,15.8612
115.93125300,-32.00092792,15.8592
115.93125100,-32.00092640,15.8572
115.93124900,-32.00092488,15.8551
115.93124700,-32.00092336,15.8531
115.93124500,-32.00092184,15.8511
115.93124300,-32.00092032,15.8491
115.93124100,-32.00091880,15.8470
115.93123900,-32.00091728,15.8450
115.93123700,-32.00091576,15.8430
115.93123507,-32.00091427,15.8407
</coordinates>
</LineString>
<LineString>
<tessellate>1</tessellate>
<coordinates>
115.93123040,-32.00091064,15.8342
115.93122946,-32.00090992,15.8330
115.93122759,-32.00090846,15.8304
115.93122573,-32.00090701,15.8278
115.93122386,-32.00090556,15.8252
115.93122199,-32.00090410,15.8226
115.93122012,-32.00090265,15.8200
115.93121825,-32.00090120,15.8174
115.93121639,-32.00089975,15.8149
115.93121452,-32.00089829,15.8123
115.93121265,-32.00089684,15.8097
115.93121078,-32.00089539,15.8071
115.93120892,-32.00089393,15.8045
115.93120705,-32.00089248,15.8019
</coordinates>
</LineString>
<LineString>
<tessellate>1</tessellate>
<coordinates>
115.93120238,-32.00088885,15.7955
115.93120144,-32.00088812,15.7942
115.93119958,-32.00088667,15.7916
115.93119771,-32.00088522,15.7890
115.93119584,-32.00088376,15.7864
115.93119397,-32.00088231,15.7838
115.93119210,-32.00088086,15.7813
115.93119024,-32.00087941,15.7787
115.93118837,-32.00087795,15.7761
115.93118650,-32.00087650,15.7735
115.93118463,-32.00087505,15.7709
115.93118276,-32.00087359,15.7683
115.93118090,-32.00087214,15.7657
115.93117903,-32.00087069,15.7632
115.93117716,-32.00086924,15.7606
115.93117529,-32.00086778,15.7580
115.93117342,-32.00086633,15.7554
115.93117156,-32.00086488,15.7528
115.93116969,-32.00086342,15.7502
115.93116782,-32.00086197,15.7477
115.93116595,-32.00086052,15.7451
115.93116408,-32.00085907,15.7425
115.93116222,-32.00085761,15.7399
115.93116035,-32.00085616,15.7373
115.93115848,-32.00085471,15.7347
115.93115661,-32.00085325,15.7321
115.93115475,-32.00085180,15.7296
115.93115288,-32.00085035,15.7270
</coordinates>
</LineString>
<LineString>
<tessellate>1</tessellate>
<coordinates>
115.93114821,-32.00084672,15.7205
115.93114727,-32.00084599,15.7192
115.93114541,-32.00084454,15.7166
</coordinates>
</LineString>
<LineString>
<tessellate>1</tessellate>
<coordinates>
115.93114074,-32.00084091,15.7102
115.93113980,-32.00084018,15.7089
115.93113793,-32.00083873,15.7063
</coordinates>
</LineString>
<LineString>
<tessellate>1</tessellate>
<coordinates>
115.93113304,-32.00083500,15.6978
115.93113205,-32.00083425,15.6960
115.93113007,-32.00083275,15.6924
115.93112809,-32.00083125,15.6888
115.93112611,-32.00082975,15.6852
115.93112413,-32.00082825,15.6816
115.93112215,-32.00082675,15.6780
</coordinates>
</LineString>
<LineString>
<tessellate>1</tessellate>
<coordinates>
115.93111720,-32.00082300,15.6690
115.93111621,-32.00082225,15.6672
115.93111423,-32.00082075,15.6636
115.93111225,-32.00081925,15.6600
</coordinates>
</LineString>
<LineString>
<tessellate>1</tessellate>
<coordinates>
115.93110532,-32.00081400,15.6474
115.93110433,-32.00081325,15.6456
</coordinates>
</LineString>
<LineString>
<tessellate>1</tessellate>
<coordinates>
115.93106869,-32.00078625,15.5808
</coordinates>
</LineString>
<LineString>
<tessellate>1</tessellate>
<coordinates>
115.93105978,-32.00077950,15.5646
115.93105879,-32.00077875,15.5628
115.93105681,-32.00077725,15.5592
</coordinates>
</LineString>
<LineString>
<tessellate>1</tessellate>
<coordinates>
115.93105186,-32.00077350,15.5502
115.93105087,-32.00077275,15.5484
115.93104889,-32.00077125,15.5448
115.93104691,-32.00076975,15.5412
115.93104493,-32.00076825,15.5376
115.93104295,-32.00076675,15.5340
115.93104097,-32.00076525,15.5304
115.93103899,-32.00076375,15.5268
115.93103698,-32.00076223,15.5237
115.93103494,-32.00076069,15.5210
115.93103290,-32.00075915,15.5183
</coordinates>
</LineString>
<LineString>
<tessellate>1</tessellate>
<coordinates>
115.93102779,-32.00075529,15.5116
115.93102677,-32.00075452,15.5102
115.93102473,-32.00075298,15.5075
</coordinates>
</LineString>
<LineString>
<tessellate>1</tessellate>
<coordinates>
115.93101554,-32.00074604,15.4954
115.93101452,-32.00074527,15.4941
115.93101248,-32.00074373,15.4914
115.93101044,-32.00074219,15.4887
</coordinates>
</LineString>
<LineString>
<tessellate>1</tessellate>
<coordinates>
115.93100533,-32.00073833,15.4820
115.93100431,-32.00073756,15.4807
</coordinates>
</LineString>
<LineString>
<tessellate>1</tessellate>
<coordinates>
115.93099819,-32.00073294,15.4726
115.93099615,-32.00073140,15.4699
</coordinates>
</LineString>
<LineString>
<tessellate>1</tessellate>
<coordinates>
115.93097369,-32.00071444,15.4403
115.93097165,-32.00071290,15.4377
115.93096960,-32.00071135,15.4350
115.93096756,-32.00070981,15.4323
115.93096552,-32.00070827,15.4296
</coordinates>
</LineString>
<LineString>
<tessellate>1</tessellate>
<coordinates>
115.93096042,-32.00070442,15.4229
115.93095940,-32.00070365,15.4215
</coordinates>
</LineString>
<LineString>
<tessellate>1</tessellate>
<coordinates>
115.93095429,-32.00069979,15.4148
</coordinates>
</LineString>
<LineString>
<tessellate>1</tessellate>
<coordinates>
115.93095021,-32.00069671,15.4094
115.93094919,-32.00069594,15.4081
115.93094715,-32.00069440,15.4054
115.93094510,-32.00069285,15.4027
</coordinates>
</LineString>
<LineString>
<tessellate>1</tessellate>
<coordinates>
115.93094000,-32.00068900,15.3960
115.93093896,-32.00068825,15.3860
115.93093688,-32.00068675,15.3660
115.93093479,-32.00068525,15.3461
115.93093271,-32.00068375,15.3261
115.93093063,-32.00068225,15.3061
115.93092854,-32.00068075,15.2861
115.93092646,-32.00067925,15.2661
115.93092438,-32.00067775,15.2462
115.93092229,-32.00067625,15.2262
115.93092021,-32.00067475,15.2062
115.93091813,-32.00067325,15.1862
115.93091604,-32.00067175,15.1662
115.93091396,-32.00067025,15.1463
115.93091188,-32.00066875,15.1263
115.93090979,-32.00066725,15.1063
115.93090771,-32.00066575,15.0863
115.93090563,-32.00066425,15.0663
115.93090354,-32.00066275,15.0464
115.93090146,-32.00066125,15.0264
115.93089938,-32.00065975,15.0064
115.93089729,-32.00065825,14.9864
115.93089521,-32.00065675,14.9664
115.93089313,-32.00065525,14.9465
115.93089104,-32.00065375,14.9265
115.93088896,-32.00065225,14.9065
115.93088688,-32.00065075,14.8865
115.93088479,-32.00064925,14.8666
115.93088271,-32.00064775,14.8466
115.93088063,-32.00064625,14.8266
115.93087854,-32.00064475,14.8066
115.93087646,-32.00064325,14.7866
115.93087438,-32.00064175,14.7667
115.93087229,-32.00064025,14.7467
115.93087021,-32.00063875,14.7267
115.93086813,-32.00063725,14.7067
115.93086604,-32.00063575,14.6867
115.93086396,-32.00063425,14.6668
115.93086188,-32.00063275,14.6468
115.93085979,-32.00063125,14.6268
115.93085771,-32.00062975,14.6068
115.93085563,-32.00062825,14.5868
115.93085354,-32.00062675,14.5669
</coordinates>
</LineString>
<LineString>
<tessellate>1</tessellate>
<coordinates>
115.93084625,-32.00062150,14.4969
115.93084521,-32.00062075,14.4869
115.93084313,-32.00061925,14.4670
</coordinates>
</LineString>
<LineString>
<tessellate>1</tessellate>
<coordinates>
115.93083812,-32.00061550,14.4452
115.93083718,-32.00061475,14.4492
115.93083530,-32.00061325,14.4574
115.93083342,-32.00061175,14.4656
115.93083154,-32.00061025,14.4737
115.93082966,-32.00060875,14.4819
115.93082778,-32.00060725,14.4900
115.93082590,-32.00060575,14.4982
115.93082402,-32.00060425,14.5064
115.93082214,-32.00060275,14.5145
115.93082026,-32.00060125,14.5227
115.93081838,-32.00059975,14.5308
115.93081650,-32.00059825,14.5390
115.93081462,-32.00059675,14.5472
115.93081274,-32.00059525,14.5553
115.93081086,-32.00059375,14.5635
115.93080898,-32.00059225,14.5716
115.93080710,-32.00059075,14.5798
115.93080522,-32.00058925,14.5880
115.93080334,-32.00058775,14.5961
115.93080146,-32.00058625,14.6043
115.93079958,-32.00058475,14.6124
115.93079770,-32.00058325,14.6206
115.93079582,-32.00058175,14.6288
115.93079394,-32.00058025,14.6369
115.93079206,-32.00057875,14.6451
115.93079018,-32.00057725,14.6532
115.93078830,-32.00057575,14.6614
115.93078642,-32.00057425,14.6696
115.93078454,-32.00057275,14.6777
115.93078266,-32.00057125,14.6859
115.93078078,-32.00056975,14.6940
115.93077890,-32.00056825,14.7022
</coordinates>
</LineString>
<LineString>
<tessellate>1</tessellate>
<coordinates>
115.93077420,-32.00056450,14.7226
115.93077326,-32.00056375,14.7267
115.93077138,-32.00056225,14.7348
115.93076950,-32.00056075,14.7430
115.93076762,-32.00055925,14.7512
115.93076574,-32.00055775,14.7593
</coordinates>
</LineString>
<LineString>
<tessellate>1</tessellate>
<coordinates>
115.93076104,-32.00055400,14.7797
115.93076010,-32.00055325,14.7838
115.93075822,-32.00055175,14.7920
115.93075634,-32.00055025,14.8001
115.93075446,-32.00054875,14.8083
115.93075258,-32.00054725,14.8164
115.93075070,-32.00054575,14.8246
115.93074882,-32.00054425,14.8328
115.93074694,-32.00054275,14.8409
115.93074506,-32.00054125,14.8461
115.93074318,-32.00053975,14.8484
115.93074130,-32.00053825,14.8507
115.93073942,-32.00053675,14.8529
115.93073754,-32.00053525,14.8552
115.93073566,-32.00053375,14.8574
115.93073378,-32.00053225,14.8597
115.93073190,-32.00053075,14.8620
115.93073002,-32.00052925,14.8642
115.93072814,-32.00052775,14.8665
115.93072626,-32.00052625,14.8687
115.93072438,-32.00052475,14.8710
115.93072250,-32.00052325,14.8733
115.93072062,-32.00052175,14.8755
115.93071874,-32.00052025,14.8778
</coordinates>
</LineString>
<LineString>
<tessellate>1</tessellate>
<coordinates>
115.93071404,-32.00051650,14.8834
115.93071310,-32.00051575,14.8846
115.93071122,-32.00051425,14.8868
115.93070934,-32.00051275,14.8891
115.93070746,-32.00051125,14.8913
115.93070558,-32.00050975,14.8936
115.93070370,-32.00050825,14.8959
115.93070182,-32.00050675,14.8981
115.93069994,-32.00050525,14.9004
115.93069806,-32.00050375,14.9026
115.93069618,-32.00050225,14.9049
115.93069430,-32.00050075,14.9072
115.93069242,-32.00049925,14.9094
115.93069054,-32.00049775,14.9117
115.93068866,-32.00049625,14.9139
</coordinates>
</LineString>
<LineString>
<tessellate>1</tessellate>
<coordinates>
115.93068020,-32.00048950,14.9241
115.93067926,-32.00048875,14.9252
</coordinates>
</LineString>
<LineString>
<tessellate>1</tessellate>
<coordinates>
115.93067456,-32.00048500,14.9309
115.93067362,-32.00048425,14.9320
115.93067174,-32.00048275,14.9343
115.93066986,-32.00048125,14.9365
115.93066798,-32.00047975,14.9388
115.93066610,-32.00047825,14.9411
115.93066422,-32.00047675,14.9433
115.93066234,-32.00047525,14.9456
115.93066046,-32.00047375,14.9478
115.93065858,-32.00047225,14.9501
115.93065670,-32.00047075,14.9523
115.93065482,-32.00046925,14.9546
115.93065294,-32.00046775,14.9569
</coordinates>
</LineString>
<LineString>
<tessellate>1</tessellate>
<coordinates>
115.93064796,-32.00046385,14.9677
115.93064695,-32.00046306,14.9701
115.93064493,-32.00046149,14.9750
115.93064290,-32.00045991,14.9798
115.93064088,-32.00045834,14.9847
115.93063886,-32.00045677,14.9895
115.93063684,-32.00045519,14.9944
115.93063482,-32.00045362,14.9992
</coordinates>
</LineString>
<LineString>
<tessellate>1</tessellate>
<coordinates>
115.93062977,-32.00044968,15.0114
</coordinates>
</LineString>
<LineString>
<tessellate>1</tessellate>
<coordinates>
115.93062370,-32.00044496,15.0259
115.93062269,-32.00044417,15.0283
</coordinates>
</LineString>
<LineString>
<tessellate>1</tessellate>
<coordinates>
115.93061764,-32.00044023,15.0405
115.93061663,-32.00043945,15.0429
115.93061461,-32.00043787,15.0477
115.93061259,-32.00043630,15.0526
115.93061056,-32.00043472,15.0574
115.93060854,-32.00043315,15.0623
</coordinates>
</LineString>
<LineString>
<tessellate>1</tessellate>
<coordinates>
115.93060349,-32.00042921,15.0744
115.93060248,-32.00042843,15.0769
115.93060046,-32.00042685,15.0817
115.93059844,-32.00042528,15.0866
115.93059641,-32.00042370,15.0914
115.93059439,-32.00042213,15.0963
115.93059237,-32.00042055,15.1011
115.93059035,-32.00041898,15.1060
115.93058833,-32.00041740,15.1108
115.93058631,-32.00041583,15.1157
115.93058429,-32.00041426,15.1205
115.93058227,-32.00041268,15.1254
</coordinates>
</LineString>
<LineString>
<tessellate>1</tessellate>
<coordinates>
115.93057721,-32.00040874,15.1375
115.93057620,-32.00040796,15.1399
115.93057418,-32.00040638,15.1448
115.93057216,-32.00040481,15.1496
115.93057014,-32.00040323,15.1545
115.93056812,-32.00040166,15.1593
115.93056610,-32.00040009,15.1642
115.93056407,-32.00039851,15.1690
115.93056205,-32.00039694,15.1739
</coordinates>
</LineString>
<LineString>
<tessellate>1</tessellate>
<coordinates>
115.93055700,-32.00039300,15.1860
115.93055600,-32.00039223,15.1879
115.93055400,-32.00039069,15.1916
115.93055200,-32.00038915,15.1953
115.93055000,-32.00038760,15.1990
115.93054800,-32.00038606,15.2027
115.93054600,-32.00038452,15.2064
115.93054400,-32.00038298,15.2101
115.93054200,-32.00038144,15.2138
</coordinates>
</LineString>
<LineString>
<tessellate>1</tessellate>
<coordinates>
115.93053500,-32.00037604,15.2268
115.93053400,-32.00037527,15.2286
</coordinates>
</LineString>
<LineString>
<tessellate>1</tessellate>
<coordinates>
115.93052900,-32.00037142,15.2379
115.93052800,-32.00037065,15.2398
115.93052600,-32.00036910,15.2435
</coordinates>
</LineString>
<LineString>
<tessellate>1</tessellate>
<coordinates>
115.93052400,-32.00036756,15.2472
115.93052200,-32.00036602,15.2509
115.93052000,-32.00036448,15.2546
</coordinates>
</LineString>
<LineString>
<tessellate>1</tessellate>
<coordinates>
115.93051500,-32.00036062,15.2639
115.93051400,-32.00035985,15.2657
115.93051200,-32.00035831,15.2694
115.93051000,-32.00035677,15.2731
115.93050800,-32.00035523,15.2769
115.93050600,-32.00035369,15.2806
115.93050400,-32.00035215,15.2843
115.93050200,-32.00035060,15.2880
115.93050000,-32.00034906,15.2917
115.93049800,-32.00034752,15.2954
115.93049600,-32.00034598,15.2991
115.93049400,-32.00034444,15.3028
115.93049200,-32.00034290,15.3065
115.93049000,-32.00034135,15.3102
115.93048800,-32.00033981,15.3139
115.93048600,-32.00033827,15.3176
115.93048400,-32.00033673,15.3214
115.93048200,-32.00033519,15.3251
115.93048000,-32.00033365,15.3288
115.93047800,-32.00033210,15.3325
115.93047600,-32.00033056,15.3362
115.93047400,-32.00032902,15.3399
115.93047200,-32.00032748,15.3436
115.93047000,-32.00032594,15.3473
115.93046800,-32.00032440,15.3510
115.93046600,-32.00032285,15.3547
</coordinates>
</LineString>
<LineString>
<tessellate>1</tessellate>
<coordinates>
115.93045908,-32.00031750,15.3660
115.93045812,-32.00031675,15.3671
115.93045620,-32.00031525,15.3691
115.93045428,-32.00031375,15.3711
115.93045236,-32.00031225,15.3732
115.93045044,-32.00031075,15.3752
115.93044852,-32.00030925,15.3773
115.93044660,-32.00030775,15.3793
115.93044468,-32.00030625,15.3813
</coordinates>
</LineString>
<LineString>
<tessellate>1</tessellate>
<coordinates>
115.93043988,-32.00030250,15.3864
115.93043892,-32.00030175,15.3875
115.93043700,-32.00030025,15.3895
115.93043508,-32.00029875,15.3915
</coordinates>
</LineString>
<LineString>
<tessellate>1</tessellate>
<coordinates>
115.93043028,-32.00029500,15.3966
115.93042932,-32.00029425,15.3977
115.93042740,-32.00029275,15.3997
115.93042548,-32.00029125,15.4017
115.93042356,-32.00028975,15.4038
115.93042164,-32.00028825,15.4058
115.93041972,-32.00028675,15.4079
115.93041780,-32.00028525,15.4099
115.93041588,-32.00028375,15.4119
115.93041396,-32.00028225,15.4140
115.93041204,-32.00028075,15.4160
115.93041012,-32.00027925,15.4181
115.93040820,-32.00027775,15.4201
115.93040628,-32.00027625,15.4221
115.93040436,-32.00027475,15.4242
</coordinates>
</LineString>
<LineString>
<tessellate>1</tessellate>
<coordinates>
115.93039956,-32.00027100,15.4293
115.93039860,-32.00027025,15.4303
115.93039668,-32.00026875,15.4323
115.93039476,-32.00026725,15.4344
115.93039284,-32.00026575,15.4364
115.93039092,-32.00026425,15.4385
115.93038900,-32.00026275,15.4405
115.93038708,-32.00026125,15.4425
115.93038516,-32.00025975,15.4446
</coordinates>
</LineString>
<LineString>
<tessellate>1</tessellate>
<coordinates>
115.93038036,-32.00025600,15.4497
</coordinates>
</LineString>
<LineString>
<tessellate>1</tessellate>
<coordinates>
115.93037652,-32.00025300,15.4538
115.93037556,-32.00025225,15.4548
115.93037364,-32.00025075,15.4568
115.93037172,-32.00024925,15.4589
115.93036980,-32.00024775,15.4609
115.93036788,-32.00024625,15.4629
115.93036596,-32.00024475,15.4650
115.93036403,-32.00024325,15.4666
115.93036209,-32.00024175,15.4678
115.93036015,-32.00024025,15.4690
115.93035821,-32.00023875,15.4702
115.93035627,-32.00023725,15.4714
115.93035433,-32.00023575,15.4726
115.93035239,-32.00023425,15.4738
115.93035045,-32.00023275,15.4750
115.93034851,-32.00023125,15.4762
115.93034657,-32.00022975,15.4774
115.93034463,-32.00022825,15.4786
115.93034269,-32.00022675,15.4798
115.93034075,-32.00022525,15.4810
115.93033881,-32.00022375,15.4822
115.93033687,-32.00022225,15.4834
115.93033493,-32.00022075,15.4846
115.93033299,-32.00021925,15.4858
115.93033105,-32.00021775,15.4870
115.93032911,-32.00021625,15.4882
115.93032717,-32.00021475,15.4894
115.93032523,-32.00021325,15.4906
</coordinates>
</LineString>
<LineString>
<tessellate>1</tessellate>
<coordinates>
115.93032038,-32.00020950,15.4936
115.93031941,-32.00020875,15.4942
115.93031747,-32.00020725,15.4954
115.93031553,-32.00020575,15.4966
115.93031359,-32.00020425,15.4978
115.93031165,-32.00020275,15.4990
115.93030971,-32.00020125,15.5002
115.93030777,-32.00019975,15.5014
</coordinates>
</LineString>
<LineString>
<tessellate>1</tessellate>
<coordinates>
115.93030292,-32.00019600,15.5044
115.93030195,-32.00019525,15.5050
115.93030001,-32.00019375,15.5062
115.93029807,-32.00019225,15.5074
115.93029613,-32.00019075,15.5086
115.93029419,-32.00018925,15.5098
115.93029225,-32.00018775,15.5110
115.93029031,-32.00018625,15.5122
115.93028837,-32.00018475,15.5134
</coordinates>
</LineString>
<LineString>
<tessellate>1</tessellate>
<coordinates>
115.93028352,-32.00018100,15.5164
</coordinates>
</LineString>
<LineString>
<tessellate>1</tessellate>
<coordinates>
115.93027964,-32.00017800,15.5188
115.93027867,-32.00017725,15.5194
</coordinates>
</LineString>
<LineString>
<tessellate>1</tessellate>
<coordinates>
115.93027188,-32.00017200,15.5236
115.93027091,-32.00017125,15.5242
</coordinates>
</LineString>
<LineString>
<tessellate>1</tessellate>
<coordinates>
115.93026400,-32.00016594,15.5288
115.93026300,-32.00016517,15.5295
115.93026100,-32.00016364,15.5309
115.93025900,-32.00016211,15.5323
115.93025700,-32.00016058,15.5337
115.93025500,-32.00015905,15.5352
115.93025300,-32.00015752,15.5366
115.93025100,-32.00015599,15.5380
115.93024900,-32.00015446,15.5394
115.93024700,-32.00015293,15.5408
115.93024500,-32.00015140,15.5422
115.93024300,-32.00014987,15.5436
115.93024100,-32.00014834,15.5450
115.93023900,-32.00014681,15.5464
115.93023700,-32.00014528,15.5478
115.93023500,-32.00014374,15.5492
115.93023300,-32.00014221,15.5506
</coordinates>
</LineString>
<LineString>
<tessellate>1</tessellate>
<coordinates>
115.93022600,-32.00013686,15.5556
115.93022500,-32.00013609,15.5563
115.93022300,-32.00013456,15.5577
115.93022100,-32.00013303,15.5591
115.93021900,-32.00013150,15.5605
115.93021700,-32.00012997,15.5619
115.93021500,-32.00012844,15.5633
115.93021300,-32.00012691,15.5647
115.93021100,-32.00012538,15.5661
115.93020900,-32.00012385,15.5675
115.93020700,-32.00012232,15.5689
115.93020500,-32.00012079,15.5704
115.93020300,-32.00011926,15.5718
115.93020100,-32.00011772,15.5732
115.93019900,-32.00011619,15.5746
115.93019700,-32.00011466,15.5760
115.93019500,-32.00011313,15.5774
115.93019300,-32.00011160,15.5788
115.93019100,-32.00011007,15.5802
115.93018900,-32.00010854,15.5816
115.93018700,-32.00010701,15.5830
115.93018500,-32.00010548,15.5844
115.93018300,-32.00010395,15.5858
115.93018100,-32.00010242,15.5873
115.93017900,-32.00010089,15.5887
115.93017700,-32.00009936,15.5901
115.93017500,-32.00009783,15.5915
115.93017300,-32.00009630,15.5929
</coordinates>
</LineString>
<LineString>
<tessellate>1</tessellate>
<coordinates>
115.93016800,-32.00009245,15.5967
115.93016700,-32.00009167,15.5976
115.93016500,-32.00009012,15.5993
115.93016300,-32.00008857,15.6010
115.93016100,-32.00008702,15.6027
</coordinates>
</LineString>
<LineString>
<tessellate>1</tessellate>
<coordinates>
115.93015400,-32.00008159,15.6087
115.93015300,-32.00008082,15.6096
115.93015100,-32.00007927,15.6113
115.93014900,-32.00007771,15.6130
115.93014700,-32.00007616,15.6147
115.93014500,-32.00007461,15.6164
115.93014300,-32.00007306,15.6181
115.93014100,-32.00007151,15.6199
115.93013900,-32.00006996,15.6216
115.93013700,-32.00006841,15.6233
115.93013500,-32.00006686,15.6250
115.93013300,-32.00006531,15.6267
115.93013100,-32.00006376,15.6284
115.93012900,-32.00006220,15.6301
115.93012700,-32.00006065,15.6319
115.93012500,-32.00005910,15.6336
115.93012300,-32.00005755,15.6353
115.93012100,-32.00005600,15.6370
115.93011900,-32.00005445,15.6387
115.93011700,-32.00005290,15.6404
115.93011500,-32.00005135,15.6421
115.93011300,-32.00004980,15.6439
115.93011100,-32.00004824,15.6456
115.93010900,-32.00004669,15.6473
115.93010700,-32.00004514,15.6490
</coordinates>
</LineString>
<LineString>
<tessellate>1</tessellate>
<coordinates>
115.93010200,-32.00004127,15.6533
115.93010100,-32.00004049,15.6541
115.93009900,-32.00003894,15.6559
115.93009700,-32.00003739,15.6576
115.93009500,-32.00003584,15.6593
</coordinates>
</LineString>
<LineString>
<tessellate>1</tessellate>
<coordinates>
115.93009000,-32.00003196,15.6636
115.93008900,-32.00003118,15.6644
115.93008700,-32.00002963,15.6661
115.93008500,-32.00002808,15.6679
115.93008300,-32.00002653,15.6696
115.93008100,-32.00002498,15.6713
115.93007900,-32.00002343,15.6730
115.93007700,-32.00002188,15.6747
115.93007500,-32.00002033,15.6764
115.93007300,-32.00001878,15.6781
</coordinates>
</LineString>
<LineString>
<tessellate>1</tessellate>
<coordinates>
115.93006606,-32.00001338,15.6831
115.93006507,-32.00001261,15.6838
115.93006309,-32.00001107,15.6851
115.93006111,-32.00000953,15.6865
115.93005913,-32.00000799,15.6878
115.93005715,-32.00000645,15.6892
115.93005517,-32.00000491,15.6906
115.93005319,-32.00000337,15.6919
115.93005121,-32.00000183,15.6933
115.93004923,-32.00000029,15.6946
115.93004725,-31.99999875,15.6960
115.93004527,-31.99999721,15.6974
115.93004329,-31.99999567,15.6987
</coordinates>
</LineString>
<LineString>
<tessellate>1</tessellate>
<coordinates>
115.93003834,-31.99999182,15.7021
115.93003735,-31.99999105,15.7028
</coordinates>
</LineString>
<LineString>
<tessellate>1</tessellate>
<coordinates>
115.93003240,-31.99998720,15.7062
115.93003141,-31.99998643,15.7069
115.93002943,-31.99998489,15.7082
115.93002745,-31.99998335,15.7096
115.93002547,-31.99998181,15.7110
115.93002349,-31.99998027,15.7123
115.93002151,-31.99997873,15.7137
115.93001953,-31.99997719,15.7150
115.93001755,-31.99997565,15.7164
115.93001557,-31.99997411,15.7178
115.93001359,-31.99997257,15.7191
115.93001161,-31.99997103,15.7205
115.93000963,-31.99996949,15.7218
115.93000765,-31.99996795,15.7232
115.93000567,-31.99996641,15.7246
115.93000369,-31.99996487,15.7259
115.93000171,-31.99996333,15.7273
</coordinates>
</LineString>
<LineString>
<tessellate>1</tessellate>
<coordinates>
115.92999676,-31.99995948,15.7307
115.92999577,-31.99995871,15.7314
115.92999379,-31.99995717,15.7327
115.92999181,-31.99995563,15.7341
115.92998983,-31.99995409,15.7354
115.92998785,-31.99995255,15.7368
115.92998587,-31.99995101,15.7382
115.92998389,-31.99994947,15.7395
115.92998191,-31.99994793,15.7409
115.92997993,-31.99994639,15.7422
115.92997795,-31.99994485,15.7436
115.92997597,-31.99994331,15.7450
115.92997399,-31.99994177,15.7463
115.92997206,-31.99994027,15.7473
115.92997017,-31.99993882,15.7480
115.92996828,-31.99993737,15.7487
115.92996640,-31.99993592,15.7494
115.92996451,-31.99993446,15.7501
115.92996262,-31.99993301,15.7507
115.92996074,-31.99993156,15.7514
115.92995885,-31.99993010,15.7521
115.92995696,-31.99992865,15.7528
115.92995508,-31.99992720,15.7535
115.92995319,-31.99992575,15.7541
115.92995130,-31.99992429,15.7548
</coordinates>
</LineString>
<LineString>
<tessellate>1</tessellate>
<coordinates>
115.92994658,-31.99992066,15.7565
115.92994564,-31.99991993,15.7568
</coordinates>
</LineString>
<LineString>
<tessellate>1</tessellate>
<coordinates>
115.92994092,-31.99991630,15.7585
115.92993998,-31.99991558,15.7589
115.92993809,-31.99991412,15.7596
115.92993621,-31.99991267,15.7602
115.92993432,-31.99991122,15.7609
115.92993243,-31.99990976,15.7616
115.92993055,-31.99990831,15.7623
115.92992866,-31.99990686,15.7630
115.92992677,-31.99990541,15.7636
</coordinates>
</LineString>
<LineString>
<tessellate>1</tessellate>
<coordinates>
115.92992017,-31.99990032,15.7660
115.92991923,-31.99989959,15.7664
115.92991734,-31.99989814,15.7670
115.92991545,-31.99989669,15.7677
115.92991357,-31.99989524,15.7684
</coordinates>
</LineString>
<LineString>
<tessellate>1</tessellate>
<coordinates>
115.92991168,-31.99989378,15.7691
115.92990979,-31.99989233,15.7698
115.92990791,-31.99989088,15.7704
115.92990602,-31.99988942,15.7711
115.92990413,-31.99988797,15.7718
115.92990225,-31.99988652,15.7725
115.92990036,-31.99988507,15.7732
115.92989847,-31.99988361,15.7738
</coordinates>
</LineString>
<LineString>
<tessellate>1</tessellate>
<coordinates>
115.92989658,-31.99988216,15.7745
115.92989470,-31.99988071,15.7752
115.92989281,-31.99987925,15.7759
115.92989092,-31.99987780,15.7765
115.92988904,-31.99987635,15.7772
115.92988715,-31.99987490,15.7779
115.92988526,-31.99987344,15.7786
115.92988338,-31.99987199,15.7793
115.92988149,-31.99987054,15.7799
115.92987960,-31.99986908,15.7806
115.92987772,-31.99986763,15.7813
115.92987583,-31.99986618,15.7820
115.92987394,-31.99986473,15.7827
115.92987201,-31.99986322,15.7827
</coordinates>
</LineString>
<LineString>
<tessellate>1</tessellate>
<coordinates>
115.92986706,-31.99985932,15.7813
</coordinates>
</LineString>
<LineString>
<tessellate>1</tessellate>
<coordinates>
115.92985914,-31.99985308,15.7791
</coordinates>
</LineString>
<LineString>
<tessellate>1</tessellate>
<coordinates>
115.92985518,-31.99984996,15.7780
</coordinates>
</LineString>
<LineString>
<tessellate>1</tessellate>
<coordinates>
115.92985122,-31.99984684,15.7768
115.92985023,-31.99984606,15.7766
</coordinates>
</LineString>
<LineString>
<tessellate>1</tessellate>
<coordinates>
115.92984528,-31.99984216,15.7752
115.92984429,-31.99984138,15.7749
115.92984231,-31.99983982,15.7743
115.92984033,-31.99983826,15.7738
115.92983835,-31.99983670,15.7732
115.92983637,-31.99983514,15.7726
115.92983439,-31.99983358,15.7721
115.92983241,-31.99983202,15.7715
115.92983043,-31.99983046,15.7710
115.92982845,-31.99982890,15.7704
115.92982647,-31.99982734,15.7698
115.92982449,-31.99982578,15.7693
115.92982251,-31.99982422,15.7687
</coordinates>
</LineString>
<LineString>
<tessellate>1</tessellate>
<coordinates>
115.92981855,-31.99982110,15.7676
115.92981657,-31.99981954,15.7670
</coordinates>
</LineString>
<LineString>
<tessellate>1</tessellate>
<coordinates>
115.92981261,-31.99981642,15.7659
115.92981063,-31.99981486,15.7654
115.92980865,-31.99981330,15.7648
115.92980667,-31.99981174,15.7642
115.92980469,-31.99981018,15.7637
115.92980271,-31.99980862,15.7631
115.92980073,-31.99980706,15.7626
115.92979875,-31.99980550,15.7620
115.92979677,-31.99980394,15.7614
115.92979479,-31.99980238,15.7609
</coordinates>
</LineString>
<LineString>
<tessellate>1</tessellate>
<coordinates>
115.92979083,-31.99979926,15.7598
115.92978885,-31.99979770,15.7592
115.92978687,-31.99979614,15.7586
115.92978489,-31.99979458,15.7581
115.92978291,-31.99979302,15.7575
</coordinates>
</LineString>
<LineString>
<tessellate>1</tessellate>
<coordinates>
115.92978093,-31.99979146,15.7570
</coordinates>
</LineString>
<LineString>
<tessellate>1</tessellate>
<coordinates>
115.92977598,-31.99978756,15.7556
115.92977499,-31.99978678,15.7553
115.92977299,-31.99978521,15.7546
115.92977097,-31.99978364,15.7537
115.92976895,-31.99978207,15.7529
115.92976693,-31.99978050,15.7520
115.92976491,-31.99977893,15.7511
</coordinates>
</LineString>
<LineString>
<tessellate>1</tessellate>
<coordinates>
115.92976087,-31.99977579,15.7494
</coordinates>
</LineString>
<LineString>
<tessellate>1</tessellate>
<coordinates>
115.92975481,-31.99977107,15.7469
115.92975279,-31.99976950,15.7460
115.92975077,-31.99976793,15.7451
</coordinates>
</LineString>
<LineString>
<tessellate>1</tessellate>
<coordinates>
115.92974672,-31.99976479,15.7434
115.92974470,-31.99976321,15.7426
115.92974268,-31.99976164,15.7417
115.92974066,-31.99976007,15.7409
115.92973864,-31.99975850,15.7400
115.92973662,-31.99975693,15.7391
115.92973460,-31.99975536,15.7383
115.92973258,-31.99975379,15.7374
</coordinates>
</LineString>
<LineString>
<tessellate>1</tessellate>
<coordinates>
115.92972854,-31.99975064,15.7357
115.92972652,-31.99974907,15.7349
115.92972450,-31.99974750,15.7340
115.92972248,-31.99974593,15.7331
</coordinates>
</LineString>
<LineString>
<tessellate>1</tessellate>
<coordinates>
115.92971541,-31.99974043,15.7301
115.92971440,-31.99973964,15.7297
115.92971238,-31.99973807,15.7289
115.92971036,-31.99973650,15.7280
115.92970834,-31.99973493,15.7271
115.92970632,-31.99973336,15.7263
115.92970430,-31.99973179,15.7254
115.92970228,-31.99973021,15.7246
115.92970026,-31.99972864,15.7237
</coordinates>
</LineString>
<LineString>
<tessellate>1</tessellate>
<coordinates>
115.92969520,-31.99972471,15.7216
115.92969419,-31.99972393,15.7211
115.92969217,-31.99972236,15.7203
115.92969015,-31.99972079,15.7194
115.92968813,-31.99971921,15.7186
115.92968611,-31.99971764,15.7177
115.92968409,-31.99971607,15.7169
115.92968207,-31.99971450,15.7160
</coordinates>
</LineString>
<LineString>
<tessellate>1</tessellate>
<coordinates>
115.92967702,-31.99971057,15.7139
115.92967601,-31.99970979,15.7134
</coordinates>
</LineString>
<LineString>
<tessellate>1</tessellate>
<coordinates>
115.92966912,-31.99970453,15.7115
115.92966814,-31.99970378,15.7113
115.92966618,-31.99970229,15.7108
115.92966422,-31.99970080,15.7103
115.92966225,-31.99969931,15.7098
115.92966029,-31.99969782,15.7093
115.92965833,-31.99969633,15.7088
115.92965637,-31.99969484,15.7083
115.92965441,-31.99969335,15.7079
115.92965245,-31.99969186,15.7074
115.92965049,-31.99969037,15.7069
115.92964853,-31.99968888,15.7064
</coordinates>
</LineString>
<LineString>
<tessellate>1</tessellate>
<coordinates>
115.92964363,-31.99968516,15.7052
115.92964265,-31.99968441,15.7049
115.92964069,-31.99968292,15.7044
</coordinates>
</LineString>
<LineString>
<tessellate>1</tessellate>
<coordinates>
115.92963578,-31.99967920,15.7032
115.92963480,-31.99967845,15.7030
115.92963284,-31.99967696,15.7025
115.92963088,-31.99967547,15.7020
115.92962892,-31.99967398,15.7015
115.92962696,-31.99967249,15.7010
115.92962500,-31.99967100,15.7005
115.92962304,-31.99966951,15.7000
115.92962108,-31.99966802,15.6995
115.92961912,-31.99966653,15.6990
115.92961716,-31.99966504,15.6985
115.92961520,-31.99966355,15.6980
115.92961324,-31.99966206,15.6976
</coordinates>
</LineString>
<LineString>
<tessellate>1</tessellate>
<coordinates>
115.92960833,-31.99965833,15.6963
</coordinates>
</LineString>
<LineString>
<tessellate>1</tessellate>
<coordinates>
115.92960441,-31.99965535,15.6954
</coordinates>
</LineString>
<LineString>
<tessellate>1</tessellate>
<coordinates>
115.92960049,-31.99965237,15.6944
115.92959951,-31.99965163,15.6941
115.92959755,-31.99965014,15.6936
115.92959559,-31.99964865,15.6931
115.92959363,-31.99964716,15.6927
115.92959167,-31.99964567,15.6922
115.92958971,-31.99964418,15.6917
115.92958775,-31.99964269,15.6912
115.92958578,-31.99964120,15.6907
115.92958382,-31.99963971,15.6902
</coordinates>
</LineString>
<LineString>
<tessellate>1</tessellate>
<coordinates>
115.92957892,-31.99963598,15.6890
115.92957794,-31.99963524,15.6887
115.92957598,-31.99963375,15.6882
115.92957405,-31.99963226,15.6877
115.92957214,-31.99963079,15.6871
115.92957024,-31.99962932,15.6865
115.92956833,-31.99962785,15.6860
115.92956642,-31.99962638,15.6854
115.92956452,-31.99962491,15.6848
115.92956261,-31.99962343,15.6842
115.92956071,-31.99962196,15.6836
115.92955880,-31.99962049,15.6830
</coordinates>
</LineString>
<LineString>
<tessellate>1</tessellate>
<coordinates>
115.92955404,-31.99961681,15.6816
</coordinates>
</LineString>
<LineString>
<tessellate>1</tessellate>
<coordinates>
115.92955023,-31.99961387,15.6804
115.92954927,-31.99961313,15.6801
115.92954737,-31.99961166,15.6795
</coordinates>
</LineString>
<LineString>
<tessellate>1</tessellate>
<coordinates>
115.92954070,-31.99960651,15.6775
115.92953975,-31.99960577,15.6772
115.92953784,-31.99960430,15.6766
115.92953593,-31.99960283,15.6760
115.92953403,-31.99960136,15.6754
115.92953212,-31.99959989,15.6748
</coordinates>
</LineString>
<LineString>
<tessellate>1</tessellate>
<coordinates>
115.92952736,-31.99959621,15.6734
115.92952641,-31.99959547,15.6731
115.92952450,-31.99959400,15.6725
115.92952259,-31.99959253,15.6719
115.92952069,-31.99959106,15.6713
115.92951878,-31.99958958,15.6707
115.92951688,-31.99958811,15.6702
115.92951497,-31.99958664,15.6696
115.92951307,-31.99958517,15.6690
</coordinates>
</LineString>
<LineString>
<tessellate>1</tessellate>
<coordinates>
115.92950830,-31.99958149,15.6675
115.92950735,-31.99958075,15.6672
115.92950544,-31.99957928,15.6667
115.92950354,-31.99957781,15.6661
115.92950163,-31.99957634,15.6655
115.92949973,-31.99957487,15.6649
115.92949782,-31.99957340,15.6643
115.92949592,-31.99957192,15.6637
</coordinates>
</LineString>
<LineString>
<tessellate>1</tessellate>
<coordinates>
115.92949115,-31.99956825,15.6623
115.92949020,-31.99956751,15.6620
</coordinates>
</LineString>
<LineString>
<tessellate>1</tessellate>
<coordinates>
115.92948543,-31.99956383,15.6605
115.92948448,-31.99956309,15.6602
115.92948258,-31.99956162,15.6596
</coordinates>
</LineString>
<LineString>
<tessellate>1</tessellate>
<coordinates>
115.92947781,-31.99955794,15.6582
115.92947686,-31.99955721,15.6579
</coordinates>
</LineString>
<LineString>
<tessellate>1</tessellate>
<coordinates>
115.92947194,-31.99955340,15.6566
115.92947091,-31.99955260,15.6564
115.92946885,-31.99955100,15.6561
115.92946679,-31.99954940,15.6557
115.92946473,-31.99954780,15.6553
115.92946267,-31.99954620,15.6549
115.92946061,-31.99954460,15.6545
115.92945855,-31.99954300,15.6542
115.92945649,-31.99954140,15.6538
115.92945443,-31.99953980,15.6534
115.92945237,-31.99953820,15.6530
115.92945031,-31.99953660,15.6526
115.92944825,-31.99953500,15.6522
115.92944619,-31.99953340,15.6519
</coordinates>
</LineString>
<LineString>
<tessellate>1</tessellate>
<coordinates>
115.92944104,-31.99952940,15.6509
115.92944001,-31.99952860,15.6507
115.92943795,-31.99952700,15.6504
115.92943589,-31.99952540,15.6500
115.92943383,-31.99952380,15.6496
</coordinates>
</LineString>
<LineString>
<tessellate>1</tessellate>
<coordinates>
115.92942868,-31.99951980,15.6486
</coordinates>
</LineString>
<LineString>
<tessellate>1</tessellate>
<coordinates>
115.92942456,-31.99951660,15.6479
</coordinates>
</LineString>
<LineString>
<tessellate>1</tessellate>
<coordinates>
115.92941838,-31.99951180,15.6467
115.92941735,-31.99951100,15.6466
115.92941529,-31.99950940,15.6462
</coordinates>
</LineString>
<LineString>
<tessellate>1</tessellate>
<coordinates>
115.92941014,-31.99950540,15.6452
115.92940911,-31.99950460,15.6450
</coordinates>
</LineString>
<LineString>
<tessellate>1</tessellate>
<coordinates>
115.92940396,-31.99950060,15.6441
</coordinates>
</LineString>
<LineString>
<tessellate>1</tessellate>
<coordinates>
115.92939984,-31.99949740,15.6433
115.92939881,-31.99949660,15.6431
115.92939675,-31.99949500,15.6427
</coordinates>
</LineString>
<LineString>
<tessellate>1</tessellate>
<coordinates>
115.92938748,-31.99948780,15.6410
115.92938645,-31.99948700,15.6409
</coordinates>
</LineString>
<LineString>
<tessellate>1</tessellate>
<coordinates>
115.92938130,-31.99948300,15.6399
115.92938027,-31.99948220,15.6397
115.92937821,-31.99948060,15.6393
115.92937615,-31.99947900,15.6390
115.92937409,-31.99947740,15.6386
115.92937203,-31.99947580,15.6382
115.92937000,-31.99947423,15.6382
115.92936800,-31.99947269,15.6385
</coordinates>
</LineString>
<LineString>
<tessellate>1</tessellate>
<coordinates>
115.92936100,-31.99946731,15.6396
115.92936000,-31.99946654,15.6398
115.92935800,-31.99946500,15.6401
115.92935600,-31.99946346,15.6405
115.92935400,-31.99946192,15.6408
</coordinates>
</LineString>
<LineString>
<tessellate>1</tessellate>
<coordinates>
115.92934500,-31.99945500,15.6423
</coordinates>
</LineString>
<LineString>
<tessellate>1</tessellate>
<coordinates>
115.92933900,-31.99945038,15.6432
115.92933800,-31.99944962,15.6434
115.92933600,-31.99944808,15.6437
</coordinates>
</LineString>
<LineString>
<tessellate>1</tessellate>
<coordinates>
115.92932900,-31.99944269,15.6449
</coordinates>
</LineString>
<LineString>
<tessellate>1</tessellate>
<coordinates>
115.92932500,-31.99943962,15.6455
115.92932400,-31.99943885,15.6457
</coordinates>
</LineString>
<LineString>
<tessellate>1</tessellate>
<coordinates>
115.92931700,-31.99943346,15.6468
</coordinates>
</LineString>
<LineString>
<tessellate>1</tessellate>
<coordinates>
115.92931300,-31.99943038,15.6475
</coordinates>
</LineString>
<LineString>
<tessellate>1</tessellate>
<coordinates>
115.92930700,-31.99942577,15.6485
115.92930600,-31.99942500,15.6486
115.92930400,-31.99942346,15.6490
115.92930200,-31.99942192,15.6493
115.92930000,-31.99942038,15.6496
115.92929800,-31.99941885,15.6499
115.92929600,-31.99941731,15.6503
115.92929400,-31.99941577,15.6506
115.92929200,-31.99941423,15.6509
115.92929000,-31.99941269,15.6512
115.92928800,-31.99941115,15.6516
</coordinates>
</LineString>
<LineString>
<tessellate>1</tessellate>
<coordinates>
115.92928300,-31.99940731,15.6524
115.92928200,-31.99940654,15.6525
115.92928000,-31.99940500,15.6529
115.92927800,-31.99940346,15.6532
115.92927600,-31.99940192,15.6535
</coordinates>
</LineString>
<LineString>
<tessellate>1</tessellate>
<coordinates>
115.92927100,-31.99939808,15.6543
115.92927000,-31.99939731,15.6545
115.92926800,-31.99939577,15.6548
</coordinates>
</LineString>
<LineString>
<tessellate>1</tessellate>
<coordinates>
115.92926332,-31.99939207,15.6561
115.92926240,-31.99939134,15.6563
115.92926056,-31.99938987,15.6569
115.92925872,-31.99938841,15.6574
115.92925688,-31.99938695,15.6579
115.92925504,-31.99938548,15.6585
115.92925321,-31.99938402,15.6590
115.92925137,-31.99938255,15.6596
115.92924953,-31.99938109,15.6601
115.92924769,-31.99937963,15.6606
</coordinates>
</LineString>
<LineString>
<tessellate>1</tessellate>
<coordinates>
115.92924309,-31.99937596,15.6620
115.92924217,-31.99937523,15.6622
115.92924033,-31.99937377,15.6628
115.92923849,-31.99937230,15.6633
</coordinates>
</LineString>
<LineString>
<tessellate>1</tessellate>
<coordinates>
115.92923389,-31.99936864,15.6646
115.92923297,-31.99936791,15.6649
115.92923113,-31.99936645,15.6654
115.92922929,-31.99936498,15.6660
115.92922746,-31.99936352,15.6665
115.92922562,-31.99936205,15.6671
</coordinates>
</LineString>
<LineString>
<tessellate>1</tessellate>
<coordinates>
115.92922102,-31.99935839,15.6684
115.92922010,-31.99935766,15.6687
115.92921826,-31.99935620,15.6692
115.92921642,-31.99935473,15.6697
115.92921458,-31.99935327,15.6703
</coordinates>
</LineString>
<LineString>
<tessellate>1</tessellate>
<coordinates>
115.92920998,-31.99934961,15.6716
115.92920906,-31.99934888,15.6719
115.92920722,-31.99934741,15.6724
</coordinates>
</LineString>
<LineString>
<tessellate>1</tessellate>
<coordinates>
115.92920262,-31.99934375,15.6737
115.92920171,-31.99934302,15.6740
115.92919987,-31.99934155,15.6746
115.92919803,-31.99934009,15.6751
115.92919619,-31.99933863,15.6756
</coordinates>
</LineString>
<LineString>
<tessellate>1</tessellate>
<coordinates>
115.92919159,-31.99933496,15.6770
115.92919067,-31.99933423,15.6772
115.92918883,-31.99933277,15.6778
</coordinates>
</LineString>
<LineString>
<tessellate>1</tessellate>
<coordinates>
115.92918423,-31.99932911,15.6791
115.92918331,-31.99932838,15.6794
115.92918147,-31.99932691,15.6799
115.92917963,-31.99932545,15.6804
115.92917779,-31.99932398,15.6810
115.92917596,-31.99932252,15.6815
115.92917412,-31.99932105,15.6821
</coordinates>
</LineString>
<LineString>
<tessellate>1</tessellate>
<coordinates>
115.92916952,-31.99931739,15.6834
115.92916860,-31.99931666,15.6837
115.92916676,-31.99931520,15.6842
115.92916492,-31.99931373,15.6847
</coordinates>
</LineString>
<LineString>
<tessellate>1</tessellate>
<coordinates>
115.92915988,-31.99930982,15.6845
115.92915885,-31.99930903,15.6844
115.92915679,-31.99930744,15.6841
115.92915474,-31.99930585,15.6839
115.92915268,-31.99930426,15.6836
</coordinates>
</LineString>
<LineString>
<tessellate>1</tessellate>
<coordinates>
115.92914547,-31.99929871,15.6827
115.92914444,-31.99929791,15.6826
115.92914238,-31.99929632,15.6823
115.92914032,-31.99929474,15.6821
115.92913826,-31.99929315,15.6818
115.92913621,-31.99929156,15.6816
115.92913415,-31.99928997,15.6813
115.92913209,-31.99928838,15.6810
115.92913003,-31.99928679,15.6808
</coordinates>
</LineString>
<LineString>
<tessellate>1</tessellate>
<coordinates>
115.92912282,-31.99928124,15.6799
</coordinates>
</LineString>
<LineString>
<tessellate>1</tessellate>
<coordinates>
115.92911871,-31.99927806,15.6794
115.92911768,-31.99927726,15.6793
115.92911562,-31.99927568,15.6790
115.92911356,-31.99927409,15.6788
</coordinates>
</LineString>
<LineString>
<tessellate>1</tessellate>
<coordinates>
115.92910841,-31.99927012,15.6781
115.92910738,-31.99926932,15.6780
</coordinates>
</LineString>
<LineString>
<tessellate>1</tessellate>
<coordinates>
115.92910224,-31.99926535,15.6774
115.92910121,-31.99926456,15.6772
115.92909915,-31.99926297,15.6770
115.92909709,-31.99926138,15.6767
115.92909503,-31.99925979,15.6765
115.92909297,-31.99925821,15.6762
115.92909091,-31.99925662,15.6760
115.92908885,-31.99925503,15.6757
115.92908679,-31.99925344,15.6754
</coordinates>
</LineString>
<LineString>
<tessellate>1</tessellate>
<coordinates>
115.92908474,-31.99925185,15.6752
115.92908268,-31.99925026,15.6749
115.92908062,-31.99924868,15.6747
115.92907856,-31.99924709,15.6744
115.92907650,-31.99924550,15.6742
115.92907444,-31.99924391,15.6739
</coordinates>
</LineString>
<LineString>
<tessellate>1</tessellate>
<coordinates>
115.92906929,-31.99923994,15.6733
115.92906826,-31.99923915,15.6731
115.92906621,-31.99923756,15.6729
115.92906415,-31.99923597,15.6726
</coordinates>
</LineString>
<LineString>
<tessellate>1</tessellate>
<coordinates>
115.92905900,-31.99923200,15.6720
115.92905801,-31.99923122,15.6717
115.92905603,-31.99922965,15.6710
115.92905405,-31.99922808,15.6703
</coordinates>
</LineString>
<LineString>
<tessellate>1</tessellate>
<coordinates>
115.92904513,-31.99922104,15.6672
115.92904414,-31.99922025,15.6669
115.92904216,-31.99921869,15.6662
115.92904018,-31.99921712,15.6655
115.92903820,-31.99921556,15.6649
</coordinates>
</LineString>
<LineString>
<tessellate>1</tessellate>
<coordinates>
115.92903325,-31.99921164,15.6632
115.92903225,-31.99921086,15.6628
</coordinates>
</LineString>
<LineString>
<tessellate>1</tessellate>
<coordinates>
115.92902730,-31.99920694,15.6611
115.92902631,-31.99920616,15.6608
115.92902433,-31.99920459,15.6601
115.92902235,-31.99920303,15.6594
115.92902037,-31.99920146,15.6588
115.92901839,-31.99919990,15.6581
115.92901641,-31.99919833,15.6574
115.92901442,-31.99919676,15.6567
</coordinates>
</LineString>
<LineString>
<tessellate>1</tessellate>
<coordinates>
115.92900947,-31.99919285,15.6550
115.92900848,-31.99919207,15.6547
115.92900650,-31.99919050,15.6540
115.92900452,-31.99918893,15.6533
</coordinates>
</LineString>
<LineString>
<tessellate>1</tessellate>
<coordinates>
115.92899957,-31.99918502,15.6516
115.92899858,-31.99918424,15.6513
115.92899659,-31.99918267,15.6506
115.92899461,-31.99918110,15.6499
115.92899263,-31.99917954,15.6492
115.92899065,-31.99917797,15.6486
115.92898867,-31.99917641,15.6479
115.92898669,-31.99917484,15.6472
115.92898471,-31.99917327,15.6465
115.92898273,-31.99917171,15.6458
115.92898075,-31.99917014,15.6452
115.92897876,-31.99916858,15.6445
115.92897678,-31.99916701,15.6438
115.92897480,-31.99916544,15.6431
115.92897282,-31.99916388,15.6425
115.92897084,-31.99916231,15.6418
115.92896886,-31.99916075,15.6411
115.92896688,-31.99915918,15.6404
</coordinates>
</LineString>
<LineString>
<tessellate>1</tessellate>
<coordinates>
115.92895994,-31.99915370,15.6380
115.92895895,-31.99915292,15.6377
115.92895697,-31.99915135,15.6370
115.92895499,-31.99914978,15.6363
115.92895306,-31.99914828,15.6360
115.92895118,-31.99914684,15.6359
115.92894931,-31.99914540,15.6358
115.92894743,-31.99914396,15.6358
115.92894555,-31.99914253,15.6357
115.92894368,-31.99914109,15.6356
115.92894180,-31.99913965,15.6355
115.92893992,-31.99913821,15.6355
</coordinates>
</LineString>
<LineString>
<tessellate>1</tessellate>
<coordinates>
115.92893523,-31.99913461,15.6353
115.92893429,-31.99913389,15.6353
115.92893241,-31.99913246,15.6352
</coordinates>
</LineString>
<LineString>
<tessellate>1</tessellate>
<coordinates>
115.92893054,-31.99913102,15.6351
115.92892866,-31.99912958,15.6351
115.92892678,-31.99912814,15.6350
115.92892490,-31.99912670,15.6349
</coordinates>
</LineString>
<LineString>
<tessellate>1</tessellate>
<coordinates>
115.92892021,-31.99912311,15.6347
115.92891927,-31.99912239,15.6347
115.92891739,-31.99912095,15.6346
115.92891552,-31.99911951,15.6346
</coordinates>
</LineString>
<LineString>
<tessellate>1</tessellate>
<coordinates>
115.92891082,-31.99911591,15.6344
115.92890989,-31.99911519,15.6344
115.92890801,-31.99911375,15.6343
115.92890613,-31.99911232,15.6342
115.92890425,-31.99911088,15.6341
</coordinates>
</LineString>
<LineString>
<tessellate>1</tessellate>
<coordinates>
115.92889393,-31.99910296,15.6338
115.92889299,-31.99910225,15.6337
115.92889111,-31.99910081,15.6336
115.92888924,-31.99909937,15.6336
115.92888736,-31.99909793,15.6335
115.92888548,-31.99909649,15.6334
115.92888361,-31.99909505,15.6334
115.92888173,-31.99909361,15.6333
</coordinates>
</LineString>
<LineString>
<tessellate>1</tessellate>
<coordinates>
115.92887704,-31.99909002,15.6331
115.92887610,-31.99908930,15.6331
115.92887422,-31.99908786,15.6330
115.92887234,-31.99908642,15.6329
115.92887046,-31.99908498,15.6329
115.92886859,-31.99908354,15.6328
</coordinates>
</LineString>
<LineString>
<tessellate>1</tessellate>
<coordinates>
115.92886671,-31.99908211,15.6327
115.92886483,-31.99908067,15.6327
</coordinates>
</LineString>
<LineString>
<tessellate>1</tessellate>
<coordinates>
115.92884598,-31.99906621,15.6324
115.92884394,-31.99906463,15.6332
115.92884190,-31.99906306,15.6340
115.92883987,-31.99906148,15.6348
115.92883783,-31.99905990,15.6356
115.92883579,-31.99905833,15.6364
</coordinates>
</LineString>
<LineString>
<tessellate>1</tessellate>
<coordinates>
115.92883069,-31.99905438,15.6385
115.92882967,-31.99905360,15.6389
115.92882763,-31.99905202,15.6397
115.92882560,-31.99905044,15.6405
115.92882356,-31.99904887,15.6413
</coordinates>
</LineString>
<LineString>
<tessellate>1</tessellate>
<coordinates>
115.92881948,-31.99904571,15.6429
115.92881744,-31.99904413,15.6437
115.92881540,-31.99904256,15.6445
115.92881337,-31.99904098,15.6453
115.92881133,-31.99903940,15.6461
115.92880929,-31.99903783,15.6469
115.92880725,-31.99903625,15.6477
</coordinates>
</LineString>
<LineString>
<tessellate>1</tessellate>
<coordinates>
115.92880012,-31.99903073,15.6506
115.92879910,-31.99902994,15.6510
115.92879706,-31.99902837,15.6518
115.92879502,-31.99902679,15.6526
115.92879298,-31.99902521,15.6534
115.92879094,-31.99902363,15.6542
115.92878890,-31.99902206,15.6550
115.92878687,-31.99902048,15.6558
115.92878483,-31.99901890,15.6566
115.92878279,-31.99901733,15.6574
</coordinates>
</LineString>
<LineString>
<tessellate>1</tessellate>
<coordinates>
115.92877769,-31.99901338,15.6595
115.92877667,-31.99901260,15.6599
</coordinates>
</LineString>
<LineString>
<tessellate>1</tessellate>
<coordinates>
115.92877158,-31.99900865,15.6619
115.92877056,-31.99900787,15.6623
115.92876852,-31.99900629,15.6631
</coordinates>
</LineString>
<LineString>
<tessellate>1</tessellate>
<coordinates>
115.92876342,-31.99900235,15.6651
115.92876240,-31.99900156,15.6655
</coordinates>
</LineString>
<LineString>
<tessellate>1</tessellate>
<coordinates>
115.92875731,-31.99899762,15.6675
115.92875629,-31.99899683,15.6679
115.92875425,-31.99899525,15.6687
115.92875221,-31.99899367,15.6696
</coordinates>
</LineString>
<LineString>
<tessellate>1</tessellate>
<coordinates>
115.92874304,-31.99898658,15.6732
115.92874202,-31.99898579,15.6736
115.92873999,-31.99898423,15.6744
115.92873797,-31.99898268,15.6752
115.92873595,-31.99898113,15.6760
115.92873393,-31.99897958,15.6768
</coordinates>
</LineString>
<LineString>
<tessellate>1</tessellate>
<coordinates>
115.92872687,-31.99897417,15.6795
115.92872586,-31.99897340,15.6799
115.92872384,-31.99897185,15.6807
115.92872182,-31.99897030,15.6815
115.92871980,-31.99896875,15.6823
115.92871778,-31.99896721,15.6831
115.92871576,-31.99896566,15.6839
</coordinates>
</LineString>
<LineString>
<tessellate>1</tessellate>
<coordinates>
115.92871072,-31.99896179,15.6859
115.92870971,-31.99896102,15.6863
115.92870769,-31.99895947,15.6871
115.92870567,-31.99895792,15.6879
115.92870365,-31.99895638,15.6887
115.92870163,-31.99895483,15.6895
</coordinates>
</LineString>
<LineString>
<tessellate>1</tessellate>
<coordinates>
115.92869658,-31.99895096,15.6914
115.92869558,-31.99895019,15.6918
</coordinates>
</LineString>
<LineString>
<tessellate>1</tessellate>
<coordinates>
115.92869053,-31.99894632,15.6938
115.92868952,-31.99894555,15.6942
115.92868750,-31.99894400,15.6950
115.92868548,-31.99894245,15.6958
115.92868346,-31.99894091,15.6966
</coordinates>
</LineString>
<LineString>
<tessellate>1</tessellate>
<coordinates>
115.92867842,-31.99893704,15.6986
115.92867741,-31.99893626,15.6990
</coordinates>
</LineString>
<LineString>
<tessellate>1</tessellate>
<coordinates>
115.92867539,-31.99893472,15.6998
</coordinates>
</LineString>
<LineString>
<tessellate>1</tessellate>
<coordinates>
115.92866630,-31.99892775,15.7033
115.92866529,-31.99892698,15.7037
115.92866327,-31.99892543,15.7045
115.92866125,-31.99892389,15.7053
115.92865924,-31.99892234,15.7061
115.92865722,-31.99892079,15.7069
115.92865520,-31.99891925,15.7077
115.92865318,-31.99891770,15.7085
115.92865116,-31.99891615,15.7093
</coordinates>
</LineString>
<LineString>
<tessellate>1</tessellate>
<coordinates>
115.92864611,-31.99891228,15.7112
115.92864510,-31.99891151,15.7116
</coordinates>
</LineString>
<LineString>
<tessellate>1</tessellate>
<coordinates>
115.92864006,-31.99890764,15.7136
115.92863905,-31.99890687,15.7140
</coordinates>
</LineString>
<LineString>
<tessellate>1</tessellate>
<coordinates>
115.92862649,-31.99889718,15.7214
</coordinates>
</LineString>
<LineString>
<tessellate>1</tessellate>
<coordinates>
115.92861898,-31.99889135,15.7268
115.92861804,-31.99889062,15.7275
</coordinates>
</LineString>
<LineString>
<tessellate>1</tessellate>
<coordinates>
115.92861335,-31.99888698,15.7309
115.92861241,-31.99888625,15.7315
115.92861054,-31.99888480,15.7329
</coordinates>
</LineString>
<LineString>
<tessellate>1</tessellate>
<coordinates>
115.92860584,-31.99888116,15.7363
</coordinates>
</LineString>
<LineString>
<tessellate>1</tessellate>
<coordinates>
115.92860209,-31.99887825,15.7390
115.92860115,-31.99887752,15.7396
115.92859927,-31.99887606,15.7410
</coordinates>
</LineString>
<LineString>
<tessellate>1</tessellate>
<coordinates>
115.92859270,-31.99887096,15.7457
115.92859176,-31.99887024,15.7464
</coordinates>
</LineString>
<LineString>
<tessellate>1</tessellate>
<coordinates>
115.92858519,-31.99886514,15.7511
</coordinates>
</LineString>
<LineString>
<tessellate>1</tessellate>
<coordinates>
115.92858144,-31.99886223,15.7538
115.92858050,-31.99886150,15.7545
</coordinates>
</LineString>
<LineString>
<tessellate>1</tessellate>
<coordinates>
115.92857862,-31.99886004,15.7559
115.92857675,-31.99885859,15.7572
115.92857487,-31.99885713,15.7586
115.92857299,-31.99885568,15.7599
</coordinates>
</LineString>
<LineString>
<tessellate>1</tessellate>
<coordinates>
115.92856454,-31.99884912,15.7660
</coordinates>
</LineString>
<LineString>
<tessellate>1</tessellate>
<coordinates>
115.92855891,-31.99884475,15.7700
115.92855797,-31.99884403,15.7707
</coordinates>
</LineString>
<LineString>
<tessellate>1</tessellate>
<coordinates>
115.92855140,-31.99883893,15.7754
</coordinates>
</LineString>
<LineString>
<tessellate>1</tessellate>
<coordinates>
115.92854389,-31.99883311,15.7808
</coordinates>
</LineString>
<LineString>
<tessellate>1</tessellate>
<coordinates>
115.92854014,-31.99883019,15.7835
115.92853920,-31.99882946,15.7842
</coordinates>
</LineString>
<LineString>
<tessellate>1</tessellate>
<coordinates>
115.92853451,-31.99882582,15.7876
115.92853357,-31.99882510,15.7883
</coordinates>
</LineString>
<LineString>
<tessellate>1</tessellate>
<coordinates>
115.92852888,-31.99882146,15.7916
115.92852794,-31.99882073,15.7923
</coordinates>
</LineString>
<LineString>
<tessellate>1</tessellate>
<coordinates>
115.92852288,-31.99881677,15.7955
</coordinates>
</LineString>
<LineString>
<tessellate>1</tessellate>
<coordinates>
115.92851877,-31.99881354,15.7979
115.92851774,-31.99881273,15.7985
115.92851568,-31.99881112,15.7998
115.92851363,-31.99880950,15.8010
</coordinates>
</LineString>
<LineString>
<tessellate>1</tessellate>
<coordinates>
115.92850848,-31.99880546,15.8041
</coordinates>
</LineString>
<LineString>
<tessellate>1</tessellate>
<coordinates>
115.92850437,-31.99880223,15.8065
115.92850334,-31.99880142,15.8072
115.92850128,-31.99879981,15.8084
115.92849922,-31.99879819,15.8096
</coordinates>
</LineString>
<LineString>
<tessellate>1</tessellate>
<coordinates>
115.92848996,-31.99879092,15.8152
</coordinates>
</LineString>
<LineString>
<tessellate>1</tessellate>
<coordinates>
115.92848585,-31.99878769,15.8176
115.92848482,-31.99878688,15.8182
115.92848276,-31.99878527,15.8195
</coordinates>
</LineString>
<LineString>
<tessellate>1</tessellate>
<coordinates>
115.92847556,-31.99877962,15.8238
115.92847453,-31.99877881,15.8244
</coordinates>
</LineString>
<LineString>
<tessellate>1</tessellate>
<coordinates>
115.92846938,-31.99877477,15.8275
115.92846836,-31.99877396,15.8281
</coordinates>
</LineString>
<LineString>
<tessellate>1</tessellate>
<coordinates>
115.92846321,-31.99876992,15.8312
</coordinates>
</LineString>
<LineString>
<tessellate>1</tessellate>
<coordinates>
115.92845910,-31.99876669,15.8336
115.92845807,-31.99876588,15.8342
115.92845601,-31.99876427,15.8355
115.92845395,-31.99876265,15.8367
115.92845189,-31.99876104,15.8379
115.92844984,-31.99875942,15.8392
115.92844778,-31.99875781,15.8404
115.92844572,-31.99875619,15.8416
115.92844366,-31.99875458,15.8428
115.92844161,-31.99875296,15.8441
</coordinates>
</LineString>
<LineString>
<tessellate>1</tessellate>
<coordinates>
115.92843235,-31.99874569,15.8496
</coordinates>
</LineString>
<LineString>
<tessellate>1</tessellate>
<coordinates>
115.92842823,-31.99874246,15.8521
</coordinates>
</LineString>
<LineString>
<tessellate>1</tessellate>
<coordinates>
115.92842412,-31.99873923,15.8545
115.92842309,-31.99873842,15.8552
</coordinates>
</LineString>
<LineString>
<tessellate>1</tessellate>
<coordinates>
115.92841809,-31.99873453,15.8575
115.92841713,-31.99873379,15.8577
115.92841522,-31.99873232,15.8582
</coordinates>
</LineString>
<LineString>
<tessellate>1</tessellate>
<coordinates>
115.92841044,-31.99872863,15.8595
115.92840948,-31.99872789,15.8597
115.92840757,-31.99872642,15.8602
115.92840566,-31.99872495,15.8607
</coordinates>
</LineString>
<LineString>
<tessellate>1</tessellate>
<coordinates>
115.92840375,-31.99872347,15.8612
</coordinates>
</LineString>
<LineString>
<tessellate>1</tessellate>
<coordinates>
115.92839896,-31.99871979,15.8624
115.92839801,-31.99871905,15.8626
115.92839610,-31.99871758,15.8631
115.92839418,-31.99871611,15.8636
115.92839227,-31.99871463,15.8641
115.92839036,-31.99871316,15.8646
115.92838845,-31.99871168,15.8651
115.92838654,-31.99871021,15.8656
115.92838462,-31.99870874,15.8661
115.92838271,-31.99870726,15.8666
115.92838080,-31.99870579,15.8671
115.92837889,-31.99870432,15.8676
115.92837697,-31.99870284,15.8681
115.92837506,-31.99870137,15.8685
115.92837315,-31.99869989,15.8690
115.92837124,-31.99869842,15.8695
115.92836932,-31.99869695,15.8700
115.92836741,-31.99869547,15.8705
115.92836550,-31.99869400,15.8710
115.92836359,-31.99869253,15.8715
115.92836168,-31.99869105,15.8720
115.92835976,-31.99868958,15.8725
115.92835785,-31.99868811,15.8730
</coordinates>
</LineString>
<LineString>
<tessellate>1</tessellate>
<coordinates>
115.92835307,-31.99868442,15.8742
115.92835211,-31.99868368,15.8744
115.92835020,-31.99868221,15.8749
115.92834829,-31.99868074,15.8754
115.92834638,-31.99867926,15.8759
115.92834446,-31.99867779,15.8764
115.92834255,-31.99867632,15.8769
115.92834064,-31.99867484,15.8774
115.92833873,-31.99867337,15.8779
115.92833682,-31.99867189,15.8784
115.92833490,-31.99867042,15.8789
115.92833299,-31.99866895,15.8794
115.92833108,-31.99866747,15.8798
115.92832917,-31.99866600,15.8803
</coordinates>
</LineString>
<LineString>
<tessellate>1</tessellate>
<coordinates>
115.92832725,-31.99866453,15.8808
115.92832534,-31.99866305,15.8813
115.92832343,-31.99866158,15.8818
</coordinates>
</LineString>
<LineString>
<tessellate>1</tessellate>
<coordinates>
115.92832152,-31.99866011,15.8823
115.92831961,-31.99865863,15.8828
</coordinates>
</LineString>
<LineString>
<tessellate>1</tessellate>
<coordinates>
115.92831100,-31.99865200,15.8850
115.92831004,-31.99865124,15.8859
115.92830811,-31.99864972,15.8878
</coordinates>
</LineString>
<LineString>
<tessellate>1</tessellate>
<coordinates>
115.92830618,-31.99864821,15.8896
115.92830425,-31.99864669,15.8915
115.92830232,-31.99864517,15.8934
</coordinates>
</LineString>
<LineString>
<tessellate>1</tessellate>
<coordinates>
115.92830039,-31.99864365,15.8952
115.92829846,-31.99864213,15.8971
115.92829654,-31.99864062,15.8989
115.92829461,-31.99863910,15.9008
115.92829268,-31.99863758,15.9026
115.92829075,-31.99863606,15.9045
115.92828882,-31.99863454,15.9064
</coordinates>
</LineString>
<LineString>
<tessellate>1</tessellate>
<coordinates>
115.92828207,-31.99862923,15.9129
115.92828111,-31.99862847,15.9138
115.92827918,-31.99862696,15.9156
115.92827725,-31.99862544,15.9175
115.92827532,-31.99862392,15.9194
115.92827339,-31.99862240,15.9212
</coordinates>
</LineString>
<LineString>
<tessellate>1</tessellate>
<coordinates>
115.92826471,-31.99861557,15.9296
115.92826375,-31.99861481,15.9305
115.92826182,-31.99861329,15.9324
115.92825989,-31.99861178,15.9342
115.92825796,-31.99861026,15.9361
115.92825604,-31.99860874,15.9379
</coordinates>
</LineString>
<LineString>
<tessellate>1</tessellate>
<coordinates>
115.92825025,-31.99860419,15.9435
115.92824832,-31.99860267,15.9454
115.92824639,-31.99860115,15.9472
115.92824446,-31.99859963,15.9491
115.92824254,-31.99859812,15.9509
115.92824061,-31.99859660,15.9528
115.92823868,-31.99859508,15.9546
</coordinates>
</LineString>
<LineString>
<tessellate>1</tessellate>
<coordinates>
115.92823386,-31.99859129,15.9593
115.92823289,-31.99859053,15.9602
115.92823096,-31.99858901,15.9621
</coordinates>
</LineString>
<LineString>
<tessellate>1</tessellate>
<coordinates>
115.92822711,-31.99858597,15.9658
115.92822518,-31.99858446,15.9676
115.92822325,-31.99858294,15.9695
115.92822132,-31.99858142,15.9714
115.92821939,-31.99857990,15.9732
115.92821746,-31.99857838,15.9751
</coordinates>
</LineString>
<LineString>
<tessellate>1</tessellate>
<coordinates>
115.92821554,-31.99857687,15.9769
115.92821361,-31.99857535,15.9788
</coordinates>
</LineString>
<LineString>
<tessellate>1</tessellate>
<coordinates>
115.92820879,-31.99857155,15.9834
115.92820782,-31.99857079,15.9844
115.92820589,-31.99856928,15.9862
115.92820396,-31.99856776,15.9881
115.92820195,-31.99856618,15.9915
115.92819986,-31.99856455,15.9966
115.92819776,-31.99856291,16.0017
</coordinates>
</LineString>
<LineString>
<tessellate>1</tessellate>
<coordinates>
115.92819252,-31.99855883,16.0145
115.92819147,-31.99855801,16.0170
</coordinates>
</LineString>
<LineString>
<tessellate>1</tessellate>
<coordinates>
115.92818413,-31.99855229,16.0349
115.92818309,-31.99855147,16.0374
115.92818099,-31.99854984,16.0425
</coordinates>
</LineString>
<LineString>
<tessellate>1</tessellate>
<coordinates>
115.92817470,-31.99854493,16.0578
115.92817261,-31.99854330,16.0629
</coordinates>
</LineString>
<LineString>
<tessellate>1</tessellate>
<coordinates>
115.92816737,-31.99853921,16.0756
115.92816632,-31.99853839,16.0782
115.92816422,-31.99853676,16.0833
115.92816213,-31.99853513,16.0884
115.92816003,-31.99853349,16.0935
</coordinates>
</LineString>
<LineString>
<tessellate>1</tessellate>
<coordinates>
115.92815479,-31.99852940,16.1062
115.92815374,-31.99852859,16.1088
115.92815164,-31.99852695,16.1139
115.92814955,-31.99852532,16.1190
115.92814745,-31.99852368,16.1240
</coordinates>
</LineString>
<LineString>
<tessellate>1</tessellate>
<coordinates>
115.92814221,-31.99851960,16.1368
115.92814116,-31.99851878,16.1393
115.92813907,-31.99851714,16.1444
115.92813697,-31.99851551,16.1495
</coordinates>
</LineString>
<LineString>
<tessellate>1</tessellate>
<coordinates>
115.92813173,-31.99851142,16.1623
115.92813068,-31.99851061,16.1648
115.92812859,-31.99850897,16.1699
115.92812649,-31.99850734,16.1750
115.92812439,-31.99850570,16.1801
</coordinates>
</LineString>
<LineString>
<tessellate>1</tessellate>
<coordinates>
115.92811915,-31.99850162,16.1928
115.92811811,-31.99850080,16.1954
115.92811601,-31.99849916,16.2005
</coordinates>
</LineString>
<LineString>
<tessellate>1</tessellate>
<coordinates>
115.92811077,-31.99849508,16.2132
115.92810972,-31.99849426,16.2158
</coordinates>
</LineString>
<LineString>
<tessellate>1</tessellate>
<coordinates>
115.92810763,-31.99849262,16.2209
115.92810553,-31.99849099,16.2260
115.92810343,-31.99848936,16.2311
115.92810134,-31.99848772,16.2362
115.92809924,-31.99848609,16.2413
115.92809714,-31.99848445,16.2464
115.92809505,-31.99848282,16.2515
115.92809311,-31.99848130,16.2572
</coordinates>
</LineString>
<LineString>
<tessellate>1</tessellate>
<coordinates>
115.92809133,-31.99847990,16.2635
115.92808954,-31.99847850,16.2699
115.92808776,-31.99847710,16.2762
115.92808598,-31.99847570,16.2826
115.92808419,-31.99847430,16.2889
115.92808241,-31.99847290,16.2953
115.92808063,-31.99847150,16.3016
115.92807884,-31.99847010,16.3080
115.92807706,-31.99846870,16.3143
115.92807528,-31.99846730,16.3207
115.92807349,-31.99846590,16.3270
115.92807171,-31.99846450,16.3334
115.92806993,-31.99846310,16.3397
115.92806814,-31.99846170,16.3461
</coordinates>
</LineString>
<LineString>
<tessellate>1</tessellate>
<coordinates>
115.92806636,-31.99846030,16.3524
115.92806458,-31.99845890,16.3588
115.92806279,-31.99845750,16.3651
115.92806101,-31.99845610,16.3715
115.92805923,-31.99845470,16.3778
</coordinates>
</LineString>
<LineString>
<tessellate>1</tessellate>
<coordinates>
115.92805477,-31.99845120,16.3937
115.92805388,-31.99845050,16.3969
115.92805209,-31.99844910,16.4032
115.92805031,-31.99844770,16.4096
115.92804852,-31.99844630,16.4159
</coordinates>
</LineString>
<LineString>
<tessellate>1</tessellate>
<coordinates>
115.92804407,-31.99844280,16.4318
</coordinates>
</LineString>
<LineString>
<tessellate>1</tessellate>
<coordinates>
115.92804050,-31.99844000,16.4445
115.92803961,-31.99843930,16.4477
115.92803782,-31.99843790,16.4540
115.92803604,-31.99843650,16.4604
115.92803426,-31.99843510,16.4667
115.92803248,-31.99843370,16.4731
</coordinates>
</LineString>
<LineString>
<tessellate>1</tessellate>
<coordinates>
115.92802445,-31.99842740,16.5017
115.92802356,-31.99842670,16.5048
115.92802177,-31.99842530,16.5112
115.92801999,-31.99842390,16.5175
115.92801821,-31.99842250,16.5239
115.92801643,-31.99842110,16.5302
115.92801464,-31.99841970,16.5366
115.92801286,-31.99841830,16.5429
</coordinates>
</LineString>
<LineString>
<tessellate>1</tessellate>
<coordinates>
115.92801108,-31.99841690,16.5493
</coordinates>
</LineString>
<LineString>
<tessellate>1</tessellate>
<coordinates>
115.92800662,-31.99841340,16.5652
115.92800573,-31.99841270,16.5683
115.92800394,-31.99841130,16.5747
</coordinates>
</LineString>
<LineString>
<tessellate>1</tessellate>
<coordinates>
115.92800216,-31.99840990,16.5810
115.92800038,-31.99840850,16.5874
115.92799859,-31.99840710,16.5937
115.92799681,-31.99840570,16.6001
115.92799503,-31.99840430,16.6064
115.92799324,-31.99840290,16.6128
</coordinates>
</LineString>
<LineString>
<tessellate>1</tessellate>
<coordinates>
115.92798878,-31.99839940,16.6287
115.92798789,-31.99839870,16.6318
115.92798596,-31.99839721,16.6299
115.92798388,-31.99839563,16.6198
115.92798181,-31.99839406,16.6097
115.92797973,-31.99839248,16.5996
115.92797765,-31.99839090,16.5895
</coordinates>
</LineString>
<LineString>
<tessellate>1</tessellate>
<coordinates>
115.92797246,-31.99838696,16.5642
115.92797142,-31.99838617,16.5591
115.92796935,-31.99838460,16.5490
115.92796727,-31.99838302,16.5389
115.92796519,-31.99838144,16.5288
115.92796312,-31.99837987,16.5187
115.92796104,-31.99837829,16.5086
115.92795896,-31.99837671,16.4984
</coordinates>
</LineString>
<LineString>
<tessellate>1</tessellate>
<coordinates>
115.92795688,-31.99837513,16.4883
115.92795481,-31.99837356,16.4782
115.92795273,-31.99837198,16.4681
115.92795065,-31.99837040,16.4580
115.92794858,-31.99836883,16.4479
115.92794650,-31.99836725,16.4378
115.92794442,-31.99836567,16.4276
115.92794235,-31.99836410,16.4175
115.92794027,-31.99836252,16.4074
115.92793819,-31.99836094,16.3973
115.92793612,-31.99835937,16.3872
115.92793404,-31.99835779,16.3771
115.92793196,-31.99835621,16.3669
115.92792988,-31.99835463,16.3568
115.92792781,-31.99835306,16.3467
115.92792573,-31.99835148,16.3366
115.92792365,-31.99834990,16.3265
115.92792158,-31.99834833,16.3164
</coordinates>
</LineString>
<LineString>
<tessellate>1</tessellate>
<coordinates>
115.92791638,-31.99834438,16.2911
</coordinates>
</LineString>
<LineString>
<tessellate>1</tessellate>
<coordinates>
115.92791223,-31.99834123,16.2708
115.92791119,-31.99834044,16.2658
115.92790912,-31.99833887,16.2557
115.92790704,-31.99833729,16.2456
115.92790496,-31.99833571,16.2354
</coordinates>
</LineString>
<LineString>
<tessellate>1</tessellate>
<coordinates>
115.92789977,-31.99833177,16.2102
115.92789873,-31.99833098,16.2051
115.92789665,-31.99832940,16.1950
115.92789458,-31.99832783,16.1849
115.92789250,-31.99832625,16.1748
115.92789042,-31.99832467,16.1646
115.92788835,-31.99832310,16.1545
115.92788627,-31.99832152,16.1444
115.92788419,-31.99831994,16.1343
</coordinates>
</LineString>
<LineString>
<tessellate>1</tessellate>
<coordinates>
115.92788212,-31.99831837,16.1242
115.92788004,-31.99831679,16.1141
115.92787761,-31.99831529,16.1043
115.92787484,-31.99831388,16.0949
115.92787207,-31.99831246,16.0855
115.92786929,-31.99831105,16.0760
115.92786652,-31.99830963,16.0666
115.92786375,-31.99830822,16.0572
</coordinates>
</LineString>
<LineString>
<tessellate>1</tessellate>
<coordinates>
115.92785681,-31.99830468,16.0337
115.92785542,-31.99830397,16.0290
115.92785265,-31.99830256,16.0196
115.92784988,-31.99830114,16.0101
115.92784710,-31.99829973,16.0007
115.92784433,-31.99829831,15.9913
115.92784156,-31.99829690,15.9819
</coordinates>
</LineString>
<LineString>
<tessellate>1</tessellate>
<coordinates>
115.92783462,-31.99829336,15.9584
115.92783324,-31.99829265,15.9537
115.92783046,-31.99829124,15.9442
115.92782769,-31.99828982,15.9348
115.92782492,-31.99828841,15.9254
115.92782214,-31.99828699,15.9160
115.92781937,-31.99828558,15.9066
115.92781659,-31.99828416,15.8972
115.92781382,-31.99828275,15.8877
115.92781105,-31.99828133,15.8783
115.92780827,-31.99827992,15.8689
115.92780550,-31.99827850,15.8595
115.92780273,-31.99827708,15.8501
115.92779995,-31.99827567,15.8407
115.92779718,-31.99827425,15.8313
115.92779441,-31.99827284,15.8218
115.92779163,-31.99827142,15.8124
115.92778886,-31.99827001,15.8030
115.92778608,-31.99826859,15.7936
115.92778331,-31.99826718,15.7842
115.92778054,-31.99826576,15.7748
115.92777776,-31.99826435,15.7653
115.92777499,-31.99826293,15.7559
115.92777222,-31.99826152,15.7465
115.92776944,-31.99826010,15.7371
115.92776667,-31.99825869,15.7277
115.92776390,-31.99825727,15.7183
115.92776112,-31.99825586,15.7089
115.92775835,-31.99825444,15.6994
115.92775558,-31.99825303,15.6900
115.92775280,-31.99825161,15.6806
115.92775003,-31.99825020,15.6712
115.92774725,-31.99824878,15.6618
115.92774448,-31.99824737,15.6524
115.92774171,-31.99824595,15.6430
115.92773893,-31.99824454,15.6335
115.92773616,-31.99824312,15.6241
115.92773339,-31.99824171,15.6147
115.92773104,-31.99824023,15.6089
115.92772913,-31.99823870,15.6067
115.92772721,-31.99823717,15.6044
115.92772529,-31.99823564,15.6022
115.92772338,-31.99823411,15.6000
115.92772146,-31.99823258,15.5978
115.92771954,-31.99823105,15.5955
115.92771763,-31.99822952,15.5933
115.92771571,-31.99822799,15.5911
115.92771380,-31.99822646,15.5889
</coordinates>
</LineString>
<LineString>
<tessellate>1</tessellate>
<coordinates>
115.92770900,-31.99822263,15.5833
115.92770805,-31.99822187,15.5822
115.92770613,-31.99822034,15.5800
115.92770421,-31.99821881,15.5777
115.92770230,-31.99821728,15.5755
115.92770038,-31.99821575,15.5733
115.92769846,-31.99821422,15.5711
115.92769655,-31.99821269,15.5688
115.92769463,-31.99821116,15.5666
115.92769272,-31.99820962,15.5644
115.92769080,-31.99820809,15.5622
115.92768888,-31.99820656,15.5599
115.92768697,-31.99820503,15.5577
115.92768505,-31.99820350,15.5555
115.92768313,-31.99820197,15.5532
115.92768122,-31.99820044,15.5510
115.92767930,-31.99819891,15.5488
</coordinates>
</LineString>
<LineString>
<tessellate>1</tessellate>
<coordinates>
115.92767451,-31.99819509,15.5432
115.92767355,-31.99819432,15.5421
115.92767164,-31.99819279,15.5399
115.92766972,-31.99819126,15.5377
115.92766780,-31.99818973,15.5354
115.92766589,-31.99818820,15.5332
115.92766397,-31.99818667,15.5310
115.92766205,-31.99818514,15.5288
115.92766014,-31.99818361,15.5265
115.92765822,-31.99818208,15.5243
115.92765631,-31.99818055,15.5221
115.92765439,-31.99817901,15.5199
115.92765247,-31.99817748,15.5176
</coordinates>
</LineString>
<LineString>
<tessellate>1</tessellate>
<coordinates>
115.92765056,-31.99817595,15.5154
115.92764864,-31.99817442,15.5132
</coordinates>
</LineString>
<LineString>
<tessellate>1</tessellate>
<coordinates>
115.92764672,-31.99817289,15.5110
115.92764481,-31.99817136,15.5087
115.92764289,-31.99816983,15.5065
115.92764098,-31.99816830,15.5043
</coordinates>
</LineString>
<LineString>
<tessellate>1</tessellate>
<coordinates>
115.92763906,-31.99816677,15.5021
115.92763714,-31.99816524,15.4998
</coordinates>
</LineString>
<LineString>
<tessellate>1</tessellate>
<coordinates>
115.92763523,-31.99816371,15.4976
</coordinates>
</LineString>
<LineString>
<tessellate>1</tessellate>
<coordinates>
115.92762948,-31.99815912,15.4909
</coordinates>
</LineString>
<LineString>
<tessellate>1</tessellate>
<coordinates>
115.92762277,-31.99815376,15.4831
115.92762181,-31.99815300,15.4820
</coordinates>
</LineString>
<LineString>
<tessellate>1</tessellate>
<coordinates>
115.92761702,-31.99814917,15.4765
115.92761606,-31.99814840,15.4754
115.92761415,-31.99814687,15.4731
115.92761223,-31.99814534,15.4709
115.92761031,-31.99814381,15.4687
115.92760840,-31.99814228,15.4665
115.92760648,-31.99814075,15.4642
115.92760457,-31.99813922,15.4620
115.92760265,-31.99813769,15.4598
</coordinates>
</LineString>
<LineString>
<tessellate>1</tessellate>
<coordinates>
115.92759786,-31.99813387,15.4542
</coordinates>
</LineString>
<LineString>
<tessellate>1</tessellate>
<coordinates>
115.92759403,-31.99813080,15.4498
115.92759307,-31.99813004,15.4486
115.92759115,-31.99812851,15.4464
115.92758923,-31.99812698,15.4442
115.92758732,-31.99812545,15.4420
</coordinates>
</LineString>
<LineString>
<tessellate>1</tessellate>
<coordinates>
115.92758253,-31.99812162,15.4364
115.92758157,-31.99812086,15.4353
115.92757965,-31.99811933,15.4331
115.92757774,-31.99811780,15.4308
115.92757582,-31.99811626,15.4286
115.92757390,-31.99811473,15.4264
</coordinates>
</LineString>
<LineString>
<tessellate>1</tessellate>
<coordinates>
115.92756911,-31.99811091,15.4208
115.92756816,-31.99811014,15.4197
115.92756624,-31.99810861,15.4175
</coordinates>
</LineString>
<LineString>
<tessellate>1</tessellate>
<coordinates>
115.92756145,-31.99810479,15.4119
115.92756049,-31.99810402,15.4108
</coordinates>
</LineString>
<LineString>
<tessellate>1</tessellate>
<coordinates>
115.92755378,-31.99809866,15.4030
</coordinates>
</LineString>
<LineString>
<tessellate>1</tessellate>
<coordinates>
115.92754995,-31.99809560,15.3986
</coordinates>
</LineString>
<LineString>
<tessellate>1</tessellate>
<coordinates>
115.92754612,-31.99809254,15.3941
115.92754516,-31.99809178,15.3930
</coordinates>
</LineString>
<LineString>
<tessellate>1</tessellate>
<coordinates>
115.92753845,-31.99808642,15.3852
115.92753749,-31.99808565,15.3841
</coordinates>
</LineString>
<LineString>
<tessellate>1</tessellate>
<coordinates>
115.92753079,-31.99808030,15.3763
</coordinates>
</LineString>
<LineString>
<tessellate>1</tessellate>
<coordinates>
115.92752695,-31.99807724,15.3719
</coordinates>
</LineString>
<LineString>
<tessellate>1</tessellate>
<coordinates>
115.92752312,-31.99807418,15.3674
115.92752216,-31.99807341,15.3663
</coordinates>
</LineString>
<LineString>
<tessellate>1</tessellate>
<coordinates>
115.92751737,-31.99806958,15.3607
</coordinates>
</LineString>
<LineString>
<tessellate>1</tessellate>
<coordinates>
115.92751354,-31.99806652,15.3563
115.92751258,-31.99806576,15.3552
115.92751067,-31.99806423,15.3530
115.92750875,-31.99806270,15.3507
</coordinates>
</LineString>
<LineString>
<tessellate>1</tessellate>
<coordinates>
115.92750396,-31.99805887,15.3452
115.92750300,-31.99805811,15.3440
</coordinates>
</LineString>
<LineString>
<tessellate>1</tessellate>
<coordinates>
115.92749821,-31.99805428,15.3385
</coordinates>
</LineString>
<LineString>
<tessellate>1</tessellate>
<coordinates>
115.92749438,-31.99805122,15.3340
</coordinates>
</LineString>
<LineString>
<tessellate>1</tessellate>
<coordinates>
115.92748863,-31.99804663,15.3274
</coordinates>
</LineString>
<LineString>
<tessellate>1</tessellate>
<coordinates>
115.92748480,-31.99804357,15.3229
</coordinates>
</LineString>
<LineString>
<tessellate>1</tessellate>
<coordinates>
115.92747905,-31.99803897,15.3162
115.92747809,-31.99803821,15.3151
</coordinates>
</LineString>
<LineString>
<tessellate>1</tessellate>
<coordinates>
115.92747330,-31.99803438,15.3096
115.92747234,-31.99803362,15.3084
115.92747042,-31.99803209,15.3062
115.92746851,-31.99803056,15.3040
115.92746659,-31.99802903,15.3018
</coordinates>
</LineString>
<LineString>
<tessellate>1</tessellate>
<coordinates>
115.92746180,-31.99802520,15.2962
115.92746084,-31.99802443,15.2951
</coordinates>
</LineString>
<LineString>
<tessellate>1</tessellate>
<coordinates>
115.92745605,-31.99802061,15.2895
115.92745509,-31.99801984,15.2884
</coordinates>
</LineString>
<LineString>
<tessellate>1</tessellate>
<coordinates>
115.92745030,-31.99801602,15.2828
</coordinates>
</LineString>
<LineString>
<tessellate>1</tessellate>
<coordinates>
115.92744647,-31.99801296,15.2784
115.92744551,-31.99801219,15.2773
115.92744360,-31.99801066,15.2751
</coordinates>
</LineString>
<LineString>
<tessellate>1</tessellate>
<coordinates>
115.92743880,-31.99800683,15.2695
115.92743785,-31.99800607,15.2684
</coordinates>
</LineString>
<LineString>
<tessellate>1</tessellate>
<coordinates>
115.92743114,-31.99800071,15.2606
115.92743018,-31.99799995,15.2595
115.92742826,-31.99799842,15.2573
</coordinates>
</LineString>
<LineString>
<tessellate>1</tessellate>
<coordinates>
115.92742347,-31.99799459,15.2517
</coordinates>
</LineString>
<LineString>
<tessellate>1</tessellate>
<coordinates>
115.92741772,-31.99799000,15.2450
115.92741677,-31.99798923,15.2439
115.92741485,-31.99798770,15.2417
115.92741293,-31.99798617,15.2394
115.92741102,-31.99798464,15.2372
</coordinates>
</LineString>
<LineString>
<tessellate>1</tessellate>
<coordinates>
115.92740239,-31.99797775,15.2272
115.92740144,-31.99797699,15.2261
</coordinates>
</LineString>
<LineString>
<tessellate>1</tessellate>
<coordinates>
115.92739473,-31.99797163,15.2183
</coordinates>
</LineString>
<LineString>
<tessellate>1</tessellate>
<coordinates>
115.92739090,-31.99796857,15.2139
</coordinates>
</LineString>
<LineString>
<tessellate>1</tessellate>
<coordinates>
115.92738515,-31.99796398,15.2072
115.92738419,-31.99796321,15.2061
</coordinates>
</LineString>
<LineString>
<tessellate>1</tessellate>
<coordinates>
115.92737365,-31.99795480,15.1938
</coordinates>
</LineString>
<LineString>
<tessellate>1</tessellate>
<coordinates>
115.92736790,-31.99795021,15.1871
115.92736694,-31.99794944,15.1860
</coordinates>
</LineString>
<LineString>
<tessellate>1</tessellate>
<coordinates>
115.92735832,-31.99794255,15.1760
115.92735736,-31.99794179,15.1749
115.92735544,-31.99794026,15.1727
115.92735353,-31.99793873,15.1705
115.92735161,-31.99793720,15.1682
</coordinates>
</LineString>
<LineString>
<tessellate>1</tessellate>
<coordinates>
115.92734682,-31.99793337,15.1627
115.92734586,-31.99793260,15.1616
115.92734395,-31.99793107,15.1593
115.92734203,-31.99792954,15.1571
</coordinates>
</LineString>
<LineString>
<tessellate>1</tessellate>
<coordinates>
115.92733724,-31.99792572,15.1515
115.92733628,-31.99792495,15.1504
115.92733437,-31.99792342,15.1482
</coordinates>
</LineString>
<LineString>
<tessellate>1</tessellate>
<coordinates>
115.92732957,-31.99791960,15.1426
</coordinates>
</LineString>
<LineString>
<tessellate>1</tessellate>
<coordinates>
115.92732383,-31.99791500,15.1360
115.92732287,-31.99791424,15.1348
</coordinates>
</LineString>
<LineString>
<tessellate>1</tessellate>
<coordinates>
115.92731808,-31.99791041,15.1293
</coordinates>
</LineString>
<LineString>
<tessellate>1</tessellate>
<coordinates>
115.92731424,-31.99790735,15.1248
</coordinates>
</LineString>
<LineString>
<tessellate>1</tessellate>
<coordinates>
115.92731041,-31.99790429,15.1204
115.92730945,-31.99790353,15.1193
</coordinates>
</LineString>
<LineString>
<tessellate>1</tessellate>
<coordinates>
115.92730466,-31.99789970,15.1137
</coordinates>
</LineString>
<LineString>
<tessellate>1</tessellate>
<coordinates>
115.92730083,-31.99789664,15.1093
</coordinates>
</LineString>
<LineString>
<tessellate>1</tessellate>
<coordinates>
115.92729508,-31.99789205,15.1026
115.92729412,-31.99789128,15.1015
115.92729221,-31.99788975,15.0992
115.92729029,-31.99788822,15.0970
</coordinates>
</LineString>
<LineString>
<tessellate>1</tessellate>
<coordinates>
115.92728550,-31.99788439,15.0915
115.92728454,-31.99788363,15.0903
115.92728262,-31.99788210,15.0881
</coordinates>
</LineString>
<LineString>
<tessellate>1</tessellate>
<coordinates>
115.92727592,-31.99787674,15.0803
</coordinates>
</LineString>
<LineString>
<tessellate>1</tessellate>
<coordinates>
115.92727209,-31.99787368,15.0759
</coordinates>
</LineString>
<LineString>
<tessellate>1</tessellate>
<coordinates>
115.92726825,-31.99787062,15.0714
</coordinates>
</LineString>
<LineString>
<tessellate>1</tessellate>
<coordinates>
115.92726442,-31.99786756,15.0670
</coordinates>
</LineString>
<LineString>
<tessellate>1</tessellate>
<coordinates>
115.92726059,-31.99786450,15.0625
115.92725963,-31.99786373,15.0614
115.92725771,-31.99786220,15.0592
</coordinates>
</LineString>
<LineString>
<tessellate>1</tessellate>
<coordinates>
115.92724909,-31.99785531,15.0492
</coordinates>
</LineString>
<LineString>
<tessellate>1</tessellate>
<coordinates>
115.92723759,-31.99784613,15.0358
</coordinates>
</LineString>
<LineString>
<tessellate>1</tessellate>
<coordinates>
115.92723376,-31.99784307,15.0314
115.92723280,-31.99784231,15.0302
115.92723088,-31.99784078,15.0280
</coordinates>
</LineString>
<LineString>
<tessellate>1</tessellate>
<coordinates>
115.92722418,-31.99783542,15.0202
115.92722322,-31.99783465,15.0191
115.92722130,-31.99783312,15.0169
</coordinates>
</LineString>
<LineString>
<tessellate>1</tessellate>
<coordinates>
115.92721651,-31.99782930,15.0113
</coordinates>
</LineString>
<LineString>
<tessellate>1</tessellate>
<coordinates>
115.92721268,-31.99782624,15.0069
115.92721172,-31.99782547,15.0058
115.92720980,-31.99782394,15.0035
</coordinates>
</LineString>
<LineString>
<tessellate>1</tessellate>
<coordinates>
115.92720118,-31.99781705,14.9935
</coordinates>
</LineString>
<LineString>
<tessellate>1</tessellate>
<coordinates>
115.92719735,-31.99781399,14.9891
115.92719639,-31.99781323,14.9880
</coordinates>
</LineString>
<LineString>
<tessellate>1</tessellate>
<coordinates>
115.92718968,-31.99780787,14.9802
115.92718873,-31.99780710,14.9791
</coordinates>
</LineString>
<LineString>
<tessellate>1</tessellate>
<coordinates>
115.92718393,-31.99780328,14.9735
115.92718298,-31.99780251,14.9724
115.92718106,-31.99780098,14.9702
115.92717914,-31.99779945,14.9679
</coordinates>
</LineString>
<LineString>
<tessellate>1</tessellate>
<coordinates>
115.92717435,-31.99779563,14.9624
115.92717340,-31.99779486,14.9613
115.92717148,-31.99779333,14.9590
115.92716956,-31.99779180,14.9568
115.92716765,-31.99779027,14.9546
115.92716573,-31.99778874,14.9524
</coordinates>
</LineString>
<LineString>
<tessellate>1</tessellate>
<coordinates>
115.92715711,-31.99778185,14.9423
115.92715615,-31.99778109,14.9412
</coordinates>
</LineString>
<LineString>
<tessellate>1</tessellate>
<coordinates>
115.92714944,-31.99777573,14.9334
115.92714848,-31.99777496,14.9323
115.92714657,-31.99777343,14.9301
115.92714465,-31.99777190,14.9279
115.92714273,-31.99777037,14.9256
</coordinates>
</LineString>
<LineString>
<tessellate>1</tessellate>
<coordinates>
115.92713794,-31.99776655,14.9201
115.92713699,-31.99776578,14.9190
115.92713507,-31.99776425,14.9167
115.92713315,-31.99776272,14.9145
</coordinates>
</LineString>
<LineString>
<tessellate>1</tessellate>
<coordinates>
115.92712645,-31.99775736,14.9067
115.92712549,-31.99775660,14.9056
115.92712357,-31.99775507,14.9034
115.92712165,-31.99775354,14.9012
115.92711974,-31.99775201,14.8989
</coordinates>
</LineString>
<LineString>
<tessellate>1</tessellate>
<coordinates>
115.92711495,-31.99774818,14.8934
115.92711399,-31.99774741,14.8923
115.92711207,-31.99774588,14.8900
115.92711016,-31.99774435,14.8878
115.92710824,-31.99774282,14.8856
</coordinates>
</LineString>
<LineString>
<tessellate>1</tessellate>
<coordinates>
115.92709962,-31.99773594,14.8756
115.92709866,-31.99773517,14.8745
115.92709674,-31.99773364,14.8722
115.92709483,-31.99773211,14.8700
115.92709291,-31.99773058,14.8678
</coordinates>
</LineString>
<LineString>
<tessellate>1</tessellate>
<coordinates>
115.92708812,-31.99772675,14.8622
</coordinates>
</LineString>
<LineString>
<tessellate>1</tessellate>
<coordinates>
115.92708429,-31.99772369,14.8578
115.92708333,-31.99772293,14.8567
</coordinates>
</LineString>
<LineString>
<tessellate>1</tessellate>
<coordinates>
115.92707662,-31.99771757,14.8489
115.92707566,-31.99771680,14.8478
</coordinates>
</LineString>
<LineString>
<tessellate>1</tessellate>
<coordinates>
115.92707087,-31.99771298,14.8422
115.92706991,-31.99771221,14.8411
</coordinates>
</LineString>
<LineString>
<tessellate>1</tessellate>
<coordinates>
115.92706512,-31.99770839,14.8355
115.92706417,-31.99770762,14.8344
115.92706225,-31.99770609,14.8322
115.92706033,-31.99770456,14.8300
115.92705842,-31.99770303,14.8277
</coordinates>
</LineString>
<LineString>
<tessellate>1</tessellate>
<coordinates>
115.92705171,-31.99769767,14.8199
</coordinates>
</LineString>
<LineString>
<tessellate>1</tessellate>
<coordinates>
115.92704788,-31.99769461,14.8155
115.92704692,-31.99769385,14.8144
115.92704500,-31.99769232,14.8121
115.92704309,-31.99769079,14.8099
</coordinates>
</LineString>
<LineString>
<tessellate>1</tessellate>
<coordinates>
115.92703830,-31.99768696,14.8044
115.92703734,-31.99768620,14.8032
</coordinates>
</LineString>
<LineString>
<tessellate>1</tessellate>
<coordinates>
115.92703255,-31.99768237,14.7977
</coordinates>
</LineString>
<LineString>
<tessellate>1</tessellate>
<coordinates>
115.92702105,-31.99767319,14.7843
</coordinates>
</LineString>
<LineString>
<tessellate>1</tessellate>
<coordinates>
115.92701530,-31.99766859,14.7777
115.92701434,-31.99766783,14.7765
115.92701242,-31.99766630,14.7743
</coordinates>
</LineString>
<LineString>
<tessellate>1</tessellate>
<coordinates>
115.92700763,-31.99766247,14.7687
115.92700668,-31.99766171,14.7676
</coordinates>
</LineString>
<LineString>
<tessellate>1</tessellate>
<coordinates>
115.92700189,-31.99765788,14.7621
115.92700093,-31.99765712,14.7610
115.92699901,-31.99765559,14.7587
</coordinates>
</LineString>
<LineString>
<tessellate>1</tessellate>
<coordinates>
115.92698943,-31.99764793,14.7476
115.92698751,-31.99764640,14.7454
115.92698560,-31.99764487,14.7432
</coordinates>
</LineString>
<LineString>
<tessellate>1</tessellate>
<coordinates>
115.92697314,-31.99763492,14.7287
115.92697218,-31.99763416,14.7276
</coordinates>
</LineString>
<LineString>
<tessellate>1</tessellate>
<coordinates>
115.92696739,-31.99763033,14.7220
</coordinates>
</LineString>
<LineString>
<tessellate>1</tessellate>
<coordinates>
115.92696164,-31.99762574,14.7153
115.92696068,-31.99762498,14.7142
</coordinates>
</LineString>
<LineString>
<tessellate>1</tessellate>
<coordinates>
115.92695398,-31.99761962,14.7064
115.92695302,-31.99761885,14.7053
115.92695110,-31.99761732,14.7031
</coordinates>
</LineString>
<LineString>
<tessellate>1</tessellate>
<coordinates>
115.92694440,-31.99761197,14.6953
115.92694344,-31.99761120,14.6942
</coordinates>
</LineString>
<LineString>
<tessellate>1</tessellate>
<coordinates>
115.92693865,-31.99760737,14.6886
</coordinates>
</LineString>
<LineString>
<tessellate>1</tessellate>
<coordinates>
115.92693290,-31.99760278,14.6820
115.92693194,-31.99760202,14.6808
115.92693002,-31.99760049,14.6786
115.92692811,-31.99759896,14.6764
</coordinates>
</LineString>
<LineString>
<tessellate>1</tessellate>
<coordinates>
115.92692332,-31.99759513,14.6708
115.92692236,-31.99759437,14.6697
115.92692044,-31.99759283,14.6675
</coordinates>
</LineString>
<LineString>
<tessellate>1</tessellate>
<coordinates>
115.92691565,-31.99758901,14.6619
</coordinates>
</LineString>
<LineString>
<tessellate>1</tessellate>
<coordinates>
115.92690607,-31.99758136,14.6508
</coordinates>
</LineString>
<LineString>
<tessellate>1</tessellate>
<coordinates>
115.92690224,-31.99757830,14.6463
</coordinates>
</LineString>
<LineString>
<tessellate>1</tessellate>
<coordinates>
115.92689840,-31.99757523,14.6419
115.92689745,-31.99757447,14.6408
115.92689553,-31.99757294,14.6386
115.92689361,-31.99757141,14.6363
</coordinates>
</LineString>
<LineString>
<tessellate>1</tessellate>
<coordinates>
115.92688691,-31.99756605,14.6285
115.92688595,-31.99756529,14.6274
</coordinates>
</LineString>
<LineString>
<tessellate>1</tessellate>
<coordinates>
115.92688116,-31.99756146,14.6219
</coordinates>
</LineString>
<LineString>
<tessellate>1</tessellate>
<coordinates>
115.92687732,-31.99755840,14.6174
</coordinates>
</LineString>
<LineString>
<tessellate>1</tessellate>
<coordinates>
115.92687158,-31.99755381,14.6107
115.92687062,-31.99755304,14.6096
115.92686870,-31.99755151,14.6074
115.92686679,-31.99754998,14.6052
115.92686487,-31.99754845,14.6029
115.92686295,-31.99754692,14.6007
</coordinates>
</LineString>
<LineString>
<tessellate>1</tessellate>
<coordinates>
115.92685433,-31.99754003,14.5907
115.92685337,-31.99753927,14.5896
115.92685145,-31.99753774,14.5874
</coordinates>
</LineString>
<LineString>
<tessellate>1</tessellate>
<coordinates>
115.92684666,-31.99753391,14.5818
115.92684571,-31.99753315,14.5807
115.92684379,-31.99753161,14.5785
</coordinates>
</LineString>
<LineString>
<tessellate>1</tessellate>
<coordinates>
115.92683708,-31.99752626,14.5707
</coordinates>
</LineString>
<LineString>
<tessellate>1</tessellate>
<coordinates>
115.92683133,-31.99752167,14.5640
115.92683038,-31.99752090,14.5629
115.92682846,-31.99751937,14.5607
</coordinates>
</LineString>
<LineString>
<tessellate>1</tessellate>
<coordinates>
115.92681984,-31.99751248,14.5506
115.92681888,-31.99751172,14.5495
</coordinates>
</LineString>
<LineString>
<tessellate>1</tessellate>
<coordinates>
115.92681217,-31.99750636,14.5417
115.92681121,-31.99750560,14.5406
115.92680930,-31.99750407,14.5384
115.92680738,-31.99750254,14.5362
115.92680546,-31.99750100,14.5340
115.92680355,-31.99749947,14.5317
115.92680163,-31.99749794,14.5295
</coordinates>
</LineString>
<LineString>
<tessellate>1</tessellate>
<coordinates>
115.92679684,-31.99749412,14.5239
115.92679588,-31.99749335,14.5228
</coordinates>
</LineString>
<LineString>
<tessellate>1</tessellate>
<coordinates>
115.92678917,-31.99748800,14.5150
</coordinates>
</LineString>
<LineString>
<tessellate>1</tessellate>
<coordinates>
115.92678534,-31.99748493,14.5106
115.92678438,-31.99748417,14.5095
</coordinates>
</LineString>
<LineString>
<tessellate>1</tessellate>
<coordinates>
115.92677959,-31.99748034,14.5039
</coordinates>
</LineString>
<LineString>
<tessellate>1</tessellate>
<coordinates>
115.92677384,-31.99747575,14.4972
115.92677289,-31.99747499,14.4961
115.92677097,-31.99747346,14.4939
</coordinates>
</LineString>
<LineString>
<tessellate>1</tessellate>
<coordinates>
115.92676618,-31.99746963,14.4883
</coordinates>
</LineString>
<LineString>
<tessellate>1</tessellate>
<coordinates>
115.92676043,-31.99746504,14.4817
</coordinates>
</LineString>
<LineString>
<tessellate>1</tessellate>
<coordinates>
115.92675660,-31.99746198,14.4772
</coordinates>
</LineString>
<LineString>
<tessellate>1</tessellate>
<coordinates>
115.92675276,-31.99745892,14.4728
115.92675181,-31.99745815,14.4716
115.92674989,-31.99745662,14.4694
115.92674797,-31.99745509,14.4672
</coordinates>
</LineString>
<LineString>
<tessellate>1</tessellate>
<coordinates>
115.92674318,-31.99745126,14.4616
115.92674222,-31.99745050,14.4605
115.92674031,-31.99744897,14.4583
115.92673839,-31.99744744,14.4561
115.92673648,-31.99744591,14.4538
115.92673456,-31.99744438,14.4516
115.92673264,-31.99744285,14.4494
115.92673073,-31.99744132,14.4472
</coordinates>
</LineString>
<LineString>
<tessellate>1</tessellate>
<coordinates>
115.92672402,-31.99743596,14.4394
115.92672306,-31.99743519,14.4383
115.92672115,-31.99743366,14.4360
115.92671923,-31.99743213,14.4338
115.92671731,-31.99743060,14.4316
115.92671540,-31.99742907,14.4294
115.92671348,-31.99742754,14.4271
</coordinates>
</LineString>
<LineString>
<tessellate>1</tessellate>
<coordinates>
115.92670869,-31.99742371,14.4216
115.92670773,-31.99742295,14.4205
</coordinates>
</LineString>
<LineString>
<tessellate>1</tessellate>
<coordinates>
115.92670294,-31.99741912,14.4149
115.92670198,-31.99741836,14.4138
115.92670007,-31.99741683,14.4116
</coordinates>
</LineString>
<LineString>
<tessellate>1</tessellate>
<coordinates>
115.92669144,-31.99740994,14.4015
115.92669048,-31.99740918,14.4004
115.92668857,-31.99740764,14.3982
</coordinates>
</LineString>
<LineString>
<tessellate>1</tessellate>
<coordinates>
115.92668186,-31.99740229,14.3904
115.92668090,-31.99740152,14.3893
</coordinates>
</LineString>
<LineString>
<tessellate>1</tessellate>
<coordinates>
115.92667611,-31.99739770,14.3837
115.92667515,-31.99739693,14.3826
115.92667324,-31.99739540,14.3804
115.92667132,-31.99739387,14.3782
</coordinates>
</LineString>
<LineString>
<tessellate>1</tessellate>
<coordinates>
115.92666270,-31.99738698,14.3682
</coordinates>
</LineString>
<LineString>
<tessellate>1</tessellate>
<coordinates>
115.92665887,-31.99738392,14.3637
</coordinates>
</LineString>
<LineString>
<tessellate>1</tessellate>
<coordinates>
115.92664928,-31.99737627,14.3526
115.92664833,-31.99737550,14.3515
115.92664641,-31.99737397,14.3492
115.92664449,-31.99737244,14.3470
</coordinates>
</LineString>
<LineString>
<tessellate>1</tessellate>
<coordinates>
115.92663970,-31.99736862,14.3414
115.92663874,-31.99736785,14.3403
</coordinates>
</LineString>
<LineString>
<tessellate>1</tessellate>
<coordinates>
115.92663012,-31.99736096,14.3303
</coordinates>
</LineString>
<LineString>
<tessellate>1</tessellate>
<coordinates>
115.92662629,-31.99735790,14.3259
115.92662533,-31.99735714,14.3248
115.92662341,-31.99735561,14.3225
115.92662150,-31.99735408,14.3203
</coordinates>
</LineString>
<LineString>
<tessellate>1</tessellate>
<coordinates>
115.92661671,-31.99735025,14.3147
</coordinates>
</LineString>
<LineString>
<tessellate>1</tessellate>
<coordinates>
115.92661287,-31.99734719,14.3103
115.92661192,-31.99734642,14.3092
115.92661000,-31.99734489,14.3070
115.92660808,-31.99734336,14.3047
115.92660617,-31.99734183,14.3025
115.92660425,-31.99734030,14.3003
</coordinates>
</LineString>
<LineString>
<tessellate>1</tessellate>
<coordinates>
115.92659946,-31.99733648,14.2947
</coordinates>
</LineString>
<LineString>
<tessellate>1</tessellate>
<coordinates>
115.92659563,-31.99733342,14.2903
115.92659467,-31.99733265,14.2891
</coordinates>
</LineString>
<LineString>
<tessellate>1</tessellate>
<coordinates>
115.92658988,-31.99732882,14.2836
115.92658892,-31.99732806,14.2825
</coordinates>
</LineString>
<LineString>
<tessellate>1</tessellate>
<coordinates>
115.92658221,-31.99732270,14.2747
</coordinates>
</LineString>
<LineString>
<tessellate>1</tessellate>
<coordinates>
115.92657646,-31.99731811,14.2680
115.92657551,-31.99731735,14.2669
</coordinates>
</LineString>
<LineString>
<tessellate>1</tessellate>
<coordinates>
115.92656880,-31.99731199,14.2591
115.92656784,-31.99731122,14.2580
115.92656592,-31.99730969,14.2558
115.92656401,-31.99730816,14.2535
</coordinates>
</LineString>
<LineString>
<tessellate>1</tessellate>
<coordinates>
115.92655922,-31.99730434,14.2480
115.92655826,-31.99730357,14.2469
</coordinates>
</LineString>
<LineString>
<tessellate>1</tessellate>
<coordinates>
115.92654197,-31.99729056,14.2279
</coordinates>
</LineString>
<LineString>
<tessellate>1</tessellate>
<coordinates>
115.92653814,-31.99728750,14.2235
115.92653718,-31.99728674,14.2224
</coordinates>
</LineString>
<LineString>
<tessellate>1</tessellate>
<coordinates>
115.92653047,-31.99728138,14.2146
115.92652951,-31.99728061,14.2135
115.92652760,-31.99727908,14.2113
115.92652568,-31.99727755,14.2090
</coordinates>
</LineString>
<LineString>
<tessellate>1</tessellate>
<coordinates>
115.92652089,-31.99727373,14.2035
115.92651993,-31.99727296,14.2024
115.92651802,-31.99727143,14.2001
115.92651610,-31.99726990,14.1979
115.92651418,-31.99726837,14.1957
115.92651227,-31.99726684,14.1934
115.92651035,-31.99726531,14.1912
115.92650843,-31.99726378,14.1890
</coordinates>
</LineString>
<LineString>
<tessellate>1</tessellate>
<coordinates>
115.92650364,-31.99725995,14.1834
115.92650269,-31.99725919,14.1823
115.92650077,-31.99725766,14.1801
</coordinates>
</LineString>
<LineString>
<tessellate>1</tessellate>
<coordinates>
115.92649598,-31.99725383,14.1745
115.92649502,-31.99725306,14.1734
115.92649310,-31.99725153,14.1712
115.92649119,-31.99725000,14.1690
115.92648927,-31.99724847,14.1667
</coordinates>
</LineString>
<LineString>
<tessellate>1</tessellate>
<coordinates>
115.92648448,-31.99724465,14.1612
115.92648352,-31.99724388,14.1601
115.92648161,-31.99724235,14.1578
115.92647969,-31.99724082,14.1556
115.92647777,-31.99723929,14.1534
115.92647586,-31.99723776,14.1512
115.92647394,-31.99723623,14.1489
115.92647202,-31.99723470,14.1467
</coordinates>
</LineString>
<LineString>
<tessellate>1</tessellate>
<coordinates>
115.92646532,-31.99722934,14.1389
115.92646436,-31.99722858,14.1378
115.92646244,-31.99722705,14.1356
115.92646053,-31.99722552,14.1334
115.92645861,-31.99722399,14.1311
115.92645669,-31.99722245,14.1289
115.92645478,-31.99722092,14.1267
115.92645286,-31.99721939,14.1245
115.92645095,-31.99721786,14.1222
115.92644903,-31.99721633,14.1200
</coordinates>
</LineString>
<LineString>
<tessellate>1</tessellate>
<coordinates>
115.92644232,-31.99721098,14.1122
</coordinates>
</LineString>
<LineString>
<tessellate>1</tessellate>
<coordinates>
115.92643849,-31.99720791,14.1078
115.92643753,-31.99720715,14.1067
115.92643561,-31.99720562,14.1044
115.92643370,-31.99720409,14.1022
</coordinates>
</LineString>
<LineString>
<tessellate>1</tessellate>
<coordinates>
115.92642891,-31.99720026,14.0966
</coordinates>
</LineString>
<LineString>
<tessellate>1</tessellate>
<coordinates>
115.92642508,-31.99719720,14.0922
115.92642412,-31.99719644,14.0911
115.92642220,-31.99719491,14.0888
115.92642028,-31.99719338,14.0866
115.92641837,-31.99719184,14.0844
115.92641645,-31.99719031,14.0822
115.92641454,-31.99718878,14.0799
115.92641262,-31.99718725,14.0777
115.92641070,-31.99718572,14.0755
</coordinates>
</LineString>
<LineString>
<tessellate>1</tessellate>
<coordinates>
115.92640591,-31.99718190,14.0699
115.92640495,-31.99718113,14.0688
</coordinates>
</LineString>
<LineString>
<tessellate>1</tessellate>
<coordinates>
115.92640016,-31.99717730,14.0633
115.92639920,-31.99717654,14.0621
115.92639729,-31.99717501,14.0599
115.92639537,-31.99717348,14.0577
115.92639346,-31.99717195,14.0555
115.92639154,-31.99717042,14.0532
</coordinates>
</LineString>
<LineString>
<tessellate>1</tessellate>
<coordinates>
115.92638675,-31.99716659,14.0477
115.92638579,-31.99716583,14.0466
115.92638387,-31.99716430,14.0443
115.92638196,-31.99716277,14.0421
</coordinates>
</LineString>
<LineString>
<tessellate>1</tessellate>
<coordinates>
115.92637720,-31.99715928,14.1184
115.92637625,-31.99715860,14.1377
115.92637435,-31.99715724,14.1764
115.92637245,-31.99715588,14.2151
</coordinates>
</LineString>
<LineString>
<tessellate>1</tessellate>
<coordinates>
115.92636770,-31.99715248,14.3118
</coordinates>
</LineString>
<LineString>
<tessellate>1</tessellate>
<coordinates>
115.92636390,-31.99714976,14.3891
</coordinates>
</LineString>
<LineString>
<tessellate>1</tessellate>
<coordinates>
115.92636010,-31.99714704,14.4665
115.92635915,-31.99714636,14.4858
115.92635725,-31.99714500,14.5245
115.92635535,-31.99714364,14.5632
115.92635345,-31.99714228,14.6019
115.92635155,-31.99714092,14.6405
115.92634965,-31.99713956,14.6792
115.92634775,-31.99713820,14.7179
</coordinates>
</LineString>
<LineString>
<tessellate>1</tessellate>
<coordinates>
115.92634300,-31.99713480,14.8146
115.92634205,-31.99713412,14.8339
115.92634015,-31.99713276,14.8726
115.92633825,-31.99713140,14.9113
115.92633635,-31.99713004,14.9500
115.92633445,-31.99712868,14.9887
115.92633255,-31.99712732,15.0273
115.92633065,-31.99712596,15.0660
115.92632875,-31.99712460,15.1047
115.92632685,-31.99712324,15.1434
115.92632495,-31.99712188,15.1821
115.92632305,-31.99712052,15.2207
</coordinates>
</LineString>
<LineString>
<tessellate>1</tessellate>
<coordinates>
115.92631830,-31.99711712,15.3174
115.92631735,-31.99711644,15.3368
115.92631545,-31.99711508,15.3755
</coordinates>
</LineString>
<LineString>
<tessellate>1</tessellate>
<coordinates>
115.92631070,-31.99711168,15.4722
</coordinates>
</LineString>
<LineString>
<tessellate>1</tessellate>
<coordinates>
115.92630690,-31.99710896,15.5495
115.92630595,-31.99710828,15.5689
115.92630405,-31.99710692,15.6075
115.92630215,-31.99710556,15.6462
115.92630025,-31.99710420,15.6849
115.92629835,-31.99710284,15.7236
115.92629645,-31.99710148,15.7623
115.92629455,-31.99710012,15.8009
115.92629265,-31.99709876,15.8396
115.92629075,-31.99709740,15.8783
115.92628885,-31.99709604,15.9170
115.92628695,-31.99709468,15.9557
115.92628509,-31.99709329,15.9774
115.92628327,-31.99709188,15.9821
115.92628145,-31.99709047,15.9869
115.92627963,-31.99708906,15.9916
</coordinates>
</LineString>
<LineString>
<tessellate>1</tessellate>
<coordinates>
115.92627507,-31.99708554,16.0035
115.92627416,-31.99708483,16.0059
</coordinates>
</LineString>
<LineString>
<tessellate>1</tessellate>
<coordinates>
115.92626779,-31.99707989,16.0225
115.92626688,-31.99707919,16.0249
115.92626505,-31.99707778,16.0296
115.92626323,-31.99707637,16.0344
115.92626141,-31.99707496,16.0391
115.92625959,-31.99707354,16.0439
115.92625777,-31.99707213,16.0486
115.92625595,-31.99707072,16.0534
115.92625413,-31.99706931,16.0581
115.92625230,-31.99706790,16.0629
115.92625048,-31.99706649,16.0676
115.92624866,-31.99706508,16.0724
115.92624684,-31.99706367,16.0771
115.92624502,-31.99706226,16.0819
115.92624320,-31.99706085,16.0866
115.92624138,-31.99705944,16.0914
115.92623955,-31.99705803,16.0961
115.92623773,-31.99705662,16.1009
115.92623591,-31.99705521,16.1056
115.92623409,-31.99705379,16.1104
115.92623227,-31.99705238,16.1151
115.92623045,-31.99705097,16.1199
115.92622863,-31.99704956,16.1246
115.92622680,-31.99704815,16.1294
115.92622498,-31.99704674,16.1341
115.92622316,-31.99704533,16.1389
115.92622134,-31.99704392,16.1436
115.92621952,-31.99704251,16.1484
115.92621770,-31.99704110,16.1531
115.92621588,-31.99703969,16.1579
115.92621405,-31.99703828,16.1626
115.92621223,-31.99703687,16.1674
115.92621041,-31.99703546,16.1721
115.92620859,-31.99703404,16.1769
115.92620677,-31.99703263,16.1816
115.92620495,-31.99703122,16.1864
115.92620313,-31.99702981,16.1911
115.92620130,-31.99702840,16.1959
</coordinates>
</LineString>
<LineString>
<tessellate>1</tessellate>
<coordinates>
115.92619675,-31.99702488,16.2078
115.92619584,-31.99702417,16.2101
</coordinates>
</LineString>
<LineString>
<tessellate>1</tessellate>
<coordinates>
115.92619402,-31.99702276,16.2149
115.92619220,-31.99702135,16.2196
115.92619038,-31.99701994,16.2244
115.92618855,-31.99701853,16.2291
115.92618673,-31.99701712,16.2339
</coordinates>
</LineString>
<LineString>
<tessellate>1</tessellate>
<coordinates>
115.92618491,-31.99701571,16.2386
115.92618302,-31.99701424,16.2418
115.92618106,-31.99701271,16.2435
115.92617909,-31.99701118,16.2452
115.92617713,-31.99700965,16.2468
</coordinates>
</LineString>
<LineString>
<tessellate>1</tessellate>
<coordinates>
115.92617223,-31.99700583,16.2510
115.92617125,-31.99700507,16.2518
115.92616928,-31.99700354,16.2535
115.92616732,-31.99700201,16.2551
115.92616536,-31.99700048,16.2568
115.92616340,-31.99699895,16.2584
115.92616143,-31.99699742,16.2601
115.92615947,-31.99699590,16.2618
115.92615751,-31.99699437,16.2634
115.92615555,-31.99699284,16.2651
115.92615358,-31.99699131,16.2667
115.92615162,-31.99698978,16.2684
115.92614966,-31.99698825,16.2701
115.92614770,-31.99698673,16.2717
115.92614574,-31.99698520,16.2734
115.92614377,-31.99698367,16.2750
115.92614181,-31.99698214,16.2767
115.92613985,-31.99698061,16.2784
115.92613789,-31.99697908,16.2800
115.92613592,-31.99697756,16.2817
115.92613396,-31.99697603,16.2833
115.92613200,-31.99697450,16.2850
115.92613004,-31.99697297,16.2867
115.92612808,-31.99697144,16.2883
115.92612611,-31.99696992,16.2900
115.92612415,-31.99696839,16.2916
115.92612219,-31.99696686,16.2933
115.92612023,-31.99696533,16.2950
115.92611826,-31.99696380,16.2966
115.92611630,-31.99696227,16.2983
115.92611434,-31.99696075,16.2999
</coordinates>
</LineString>
<LineString>
<tessellate>1</tessellate>
<coordinates>
115.92610845,-31.99695616,16.3049
</coordinates>
</LineString>
<LineString>
<tessellate>1</tessellate>
<coordinates>
115.92610158,-31.99695081,16.3107
115.92610060,-31.99695005,16.3116
</coordinates>
</LineString>
<LineString>
<tessellate>1</tessellate>
<coordinates>
115.92609472,-31.99694546,16.3165
115.92609275,-31.99694393,16.3182
115.92609079,-31.99694241,16.3199
115.92608883,-31.99694088,16.3215
115.92608687,-31.99693935,16.3232
115.92608491,-31.99693782,16.3248
115.92608294,-31.99693629,16.3265
115.92608098,-31.99693476,16.3282
115.92607899,-31.99693323,16.3295
115.92607697,-31.99693168,16.3305
115.92607495,-31.99693013,16.3315
115.92607293,-31.99692858,16.3325
115.92607091,-31.99692703,16.3335
115.92606889,-31.99692548,16.3345
115.92606687,-31.99692393,16.3355
115.92606485,-31.99692238,16.3365
115.92606283,-31.99692083,16.3375
115.92606081,-31.99691928,16.3385
115.92605879,-31.99691774,16.3395
115.92605677,-31.99691619,16.3405
115.92605475,-31.99691464,16.3415
115.92605274,-31.99691309,16.3425
115.92605072,-31.99691154,16.3435
115.92604870,-31.99690999,16.3445
115.92604668,-31.99690844,16.3455
115.92604466,-31.99690689,16.3465
</coordinates>
</LineString>
<LineString>
<tessellate>1</tessellate>
<coordinates>
115.92603961,-31.99690302,16.3490
115.92603860,-31.99690225,16.3495
115.92603658,-31.99690070,16.3505
115.92603456,-31.99689915,16.3515
115.92603254,-31.99689760,16.3525
115.92603052,-31.99689605,16.3535
115.92602850,-31.99689450,16.3545
115.92602648,-31.99689295,16.3555
115.92602446,-31.99689140,16.3565
115.92602244,-31.99688985,16.3575
115.92602042,-31.99688830,16.3585
</coordinates>
</LineString>
<LineString>
<tessellate>1</tessellate>
<coordinates>
115.92601840,-31.99688675,16.3595
115.92601638,-31.99688521,16.3605
</coordinates>
</LineString>
<LineString>
<tessellate>1</tessellate>
<coordinates>
115.92600830,-31.99687901,16.3645
115.92600628,-31.99687746,16.3655
115.92600426,-31.99687591,16.3665
115.92600225,-31.99687436,16.3675
115.92600023,-31.99687281,16.3685
115.92599821,-31.99687126,16.3695
</coordinates>
</LineString>
<LineString>
<tessellate>1</tessellate>
<coordinates>
115.92599619,-31.99686972,16.3705
115.92599417,-31.99686817,16.3715
115.92599215,-31.99686662,16.3725
115.92599013,-31.99686507,16.3735
115.92598811,-31.99686352,16.3745
115.92598609,-31.99686197,16.3755
115.92598407,-31.99686042,16.3765
115.92598205,-31.99685887,16.3775
115.92598003,-31.99685732,16.3785
115.92597801,-31.99685577,16.3795
115.92597605,-31.99685427,16.3784
115.92597414,-31.99685281,16.3751
115.92597223,-31.99685134,16.3719
115.92597032,-31.99684988,16.3686
115.92596842,-31.99684842,16.3653
115.92596651,-31.99684695,16.3621
115.92596460,-31.99684549,16.3588
115.92596269,-31.99684403,16.3556
115.92596079,-31.99684256,16.3523
115.92595888,-31.99684110,16.3490
115.92595697,-31.99683964,16.3458
115.92595506,-31.99683818,16.3425
115.92595316,-31.99683671,16.3393
115.92595125,-31.99683525,16.3360
115.92594934,-31.99683379,16.3327
115.92594744,-31.99683232,16.3295
115.92594553,-31.99683086,16.3262
115.92594362,-31.99682940,16.3230
115.92594171,-31.99682794,16.3197
115.92593981,-31.99682647,16.3164
115.92593790,-31.99682501,16.3132
115.92593599,-31.99682355,16.3099
115.92593408,-31.99682208,16.3067
115.92593218,-31.99682062,16.3034
115.92593027,-31.99681916,16.3001
115.92592836,-31.99681769,16.2969
115.92592645,-31.99681623,16.2936
115.92592455,-31.99681477,16.2904
115.92592264,-31.99681331,16.2871
115.92592073,-31.99681184,16.2839
</coordinates>
</LineString>
<LineString>
<tessellate>1</tessellate>
<coordinates>
115.92591596,-31.99680819,16.2757
115.92591501,-31.99680745,16.2741
115.92591310,-31.99680599,16.2708
115.92591119,-31.99680453,16.2676
115.92590929,-31.99680306,16.2643
115.92590738,-31.99680160,16.2610
</coordinates>
</LineString>
<LineString>
<tessellate>1</tessellate>
<coordinates>
115.92590547,-31.99680014,16.2578
115.92590356,-31.99679868,16.2545
115.92590166,-31.99679721,16.2513
115.92589975,-31.99679575,16.2480
</coordinates>
</LineString>
<LineString>
<tessellate>1</tessellate>
<coordinates>
115.92589784,-31.99679429,16.2447
115.92589594,-31.99679282,16.2415
115.92589403,-31.99679136,16.2382
115.92589212,-31.99678990,16.2350
115.92589021,-31.99678844,16.2317
115.92588831,-31.99678697,16.2284
115.92588640,-31.99678551,16.2252
115.92588449,-31.99678405,16.2219
115.92588258,-31.99678258,16.2187
115.92588068,-31.99678112,16.2154
115.92587877,-31.99677966,16.2121
115.92587686,-31.99677819,16.2089
</coordinates>
</LineString>
<LineString>
<tessellate>1</tessellate>
<coordinates>
115.92587213,-31.99677456,16.2119
115.92587120,-31.99677384,16.2158
115.92586934,-31.99677239,16.2237
115.92586747,-31.99677095,16.2316
115.92586561,-31.99676951,16.2395
115.92586374,-31.99676807,16.2474
115.92586187,-31.99676662,16.2553
115.92586001,-31.99676518,16.2631
115.92585814,-31.99676374,16.2710
115.92585628,-31.99676230,16.2789
115.92585441,-31.99676086,16.2868
115.92585255,-31.99675941,16.2947
115.92585068,-31.99675797,16.3026
115.92584882,-31.99675653,16.3104
115.92584695,-31.99675509,16.3183
115.92584509,-31.99675364,16.3262
115.92584322,-31.99675220,16.3341
115.92584136,-31.99675076,16.3420
115.92583949,-31.99674932,16.3499
115.92583762,-31.99674788,16.3578
115.92583576,-31.99674643,16.3656
115.92583389,-31.99674499,16.3735
</coordinates>
</LineString>
<LineString>
<tessellate>1</tessellate>
<coordinates>
115.92582923,-31.99674138,16.3932
115.92582830,-31.99674066,16.3972
115.92582643,-31.99673922,16.4051
115.92582457,-31.99673778,16.4129
115.92582270,-31.99673634,16.4208
115.92582084,-31.99673489,16.4287
115.92581897,-31.99673345,16.4366
115.92581711,-31.99673201,16.4445
115.92581524,-31.99673057,16.4524
115.92581337,-31.99672913,16.4603
115.92581151,-31.99672768,16.4681
115.92580964,-31.99672624,16.4760
115.92580778,-31.99672480,16.4839
115.92580591,-31.99672336,16.4918
115.92580405,-31.99672191,16.4997
115.92580218,-31.99672047,16.5076
115.92580032,-31.99671903,16.5154
115.92579845,-31.99671759,16.5233
115.92579659,-31.99671614,16.5312
115.92579472,-31.99671470,16.5391
115.92579286,-31.99671326,16.5470
115.92579099,-31.99671182,16.5549
115.92578912,-31.99671037,16.5628
115.92578726,-31.99670893,16.5706
115.92578539,-31.99670749,16.5785
115.92578353,-31.99670605,16.5864
115.92578166,-31.99670461,16.5943
115.92577980,-31.99670316,16.6022
115.92577793,-31.99670172,16.6101
115.92577602,-31.99670024,16.6273
115.92577406,-31.99669873,16.6539
115.92577211,-31.99669722,16.6804
115.92577015,-31.99669571,16.7070
115.92576819,-31.99669420,16.7336
115.92576623,-31.99669269,16.7602
115.92576428,-31.99669118,16.7867
115.92576232,-31.99668967,16.8133
115.92576036,-31.99668816,16.8399
115.92575840,-31.99668665,16.8665
115.92575645,-31.99668514,16.8930
115.92575449,-31.99668363,16.9196
115.92575253,-31.99668212,16.9462
115.92575057,-31.99668061,16.9728
115.92574862,-31.99667910,16.9993
115.92574666,-31.99667759,17.0259
115.92574470,-31.99667607,17.0525
115.92574274,-31.99667456,17.0791
115.92574079,-31.99667305,17.1056
115.92573883,-31.99667154,17.1322
115.92573687,-31.99667003,17.1588
115.92573491,-31.99666852,17.1854
115.92573296,-31.99666701,17.2119
115.92573100,-31.99666550,17.2385
115.92572904,-31.99666399,17.2651
115.92572709,-31.99666248,17.2916
115.92572513,-31.99666097,17.3182
115.92572317,-31.99665946,17.3448
115.92572121,-31.99665795,17.3714
115.92571926,-31.99665644,17.3979
115.92571730,-31.99665493,17.4245
115.92571534,-31.99665341,17.4511
115.92571338,-31.99665190,17.4777
115.92571143,-31.99665039,17.5042
115.92570947,-31.99664888,17.5308
115.92570751,-31.99664737,17.5574
115.92570555,-31.99664586,17.5840
115.92570360,-31.99664435,17.6105
115.92570164,-31.99664284,17.6371
115.92569968,-31.99664133,17.6637
115.92569772,-31.99663982,17.6903
115.92569577,-31.99663831,17.7168
115.92569381,-31.99663680,17.7434
115.92569185,-31.99663529,17.7700
115.92568989,-31.99663378,17.7966
115.92568794,-31.99663227,17.8231
115.92568598,-31.99663076,17.8497
115.92568404,-31.99662926,17.8716
115.92568213,-31.99662777,17.8889
115.92568021,-31.99662628,17.9062
115.92567830,-31.99662479,17.9235
115.92567638,-31.99662330,17.9407
115.92567447,-31.99662181,17.9580
115.92567255,-31.99662032,17.9753
115.92567064,-31.99661883,17.9926
115.92566872,-31.99661734,18.0099
115.92566681,-31.99661585,18.0271
115.92566489,-31.99661436,18.0444
115.92566298,-31.99661287,18.0617
115.92566106,-31.99661138,18.0790
115.92565915,-31.99660989,18.0962
115.92565723,-31.99660840,18.1135
115.92565532,-31.99660691,18.1308
115.92565340,-31.99660543,18.1481
115.92565149,-31.99660394,18.1653
115.92564957,-31.99660245,18.1826
115.92564766,-31.99660096,18.1999
115.92564574,-31.99659947,18.2172
115.92564383,-31.99659798,18.2344
115.92564191,-31.99659649,18.2517
115.92564000,-31.99659500,18.2690
115.92563809,-31.99659351,18.2863
115.92563617,-31.99659202,18.3036
115.92563426,-31.99659053,18.3208
115.92563234,-31.99658904,18.3381
115.92563043,-31.99658755,18.3554
115.92562851,-31.99658606,18.3727
115.92562660,-31.99658457,18.3899
115.92562468,-31.99658309,18.4072
115.92562277,-31.99658160,18.4245
115.92562085,-31.99658011,18.4418
115.92561894,-31.99657862,18.4590
115.92561702,-31.99657713,18.4763
115.92561511,-31.99657564,18.4936
115.92561319,-31.99657415,18.5109
115.92561128,-31.99657266,18.5281
115.92560936,-31.99657117,18.5454
115.92560745,-31.99656968,18.5627
115.92560553,-31.99656819,18.5800
115.92560362,-31.99656670,18.5973
115.92560170,-31.99656521,18.6145
115.92559979,-31.99656372,18.6318
115.92559787,-31.99656223,18.6491
115.92559596,-31.99656074,18.6664
115.92559409,-31.99655930,18.6807
115.92559228,-31.99655791,18.6922
115.92559047,-31.99655651,18.7036
115.92558866,-31.99655511,18.7151
115.92558684,-31.99655372,18.7266
115.92558503,-31.99655232,18.7380
115.92558322,-31.99655093,18.7495
115.92558141,-31.99654953,18.7609
115.92557959,-31.99654814,18.7724
115.92557778,-31.99654674,18.7839
115.92557597,-31.99654534,18.7953
115.92557416,-31.99654395,18.8068
115.92557234,-31.99654255,18.8182
115.92557053,-31.99654116,18.8297
115.92556872,-31.99653976,18.8411
115.92556691,-31.99653836,18.8526
115.92556509,-31.99653697,18.8641
115.92556328,-31.99653557,18.8755
115.92556147,-31.99653418,18.8870
115.92555966,-31.99653278,18.8984
115.92555784,-31.99653139,18.9099
115.92555603,-31.99652999,18.9214
115.92555422,-31.99652859,18.9328
115.92555241,-31.99652720,18.9443
115.92555059,-31.99652580,18.9557
115.92554878,-31.99652441,18.9672
115.92554697,-31.99652301,18.9786
115.92554516,-31.99652161,18.9901
115.92554334,-31.99652022,19.0016
115.92554153,-31.99651882,19.0130
115.92553972,-31.99651743,19.0245
115.92553791,-31.99651603,19.0359
115.92553609,-31.99651464,19.0474
115.92553428,-31.99651324,19.0589
115.92553247,-31.99651184,19.0703
115.92553066,-31.99651045,19.0818
115.92552884,-31.99650905,19.0932
115.92552703,-31.99650766,19.1047
115.92552522,-31.99650626,19.1161
115.92552341,-31.99650486,19.1276
115.92552159,-31.99650347,19.1391
115.92551978,-31.99650207,19.1505
115.92551797,-31.99650068,19.1620
115.92551616,-31.99649928,19.1734
115.92551434,-31.99649789,19.1849
115.92551253,-31.99649649,19.1964
115.92551072,-31.99649509,19.2078
115.92550891,-31.99649370,19.2193
115.92550708,-31.99649230,19.2296
115.92550524,-31.99649089,19.2388
115.92550340,-31.99648948,19.2480
115.92550156,-31.99648807,19.2572
115.92549972,-31.99648666,19.2664
115.92549787,-31.99648525,19.2756
115.92549603,-31.99648384,19.2848
115.92549419,-31.99648243,19.2940
115.92549235,-31.99648102,19.3032
115.92549051,-31.99647961,19.3124
115.92548867,-31.99647820,19.3216
115.92548683,-31.99647680,19.3309
115.92548499,-31.99647539,19.3401
115.92548315,-31.99647398,19.3493
115.92548131,-31.99647257,19.3585
115.92547947,-31.99647116,19.3677
115.92547762,-31.99646975,19.3769
115.92547578,-31.99646834,19.3861
115.92547394,-31.99646693,19.3953
115.92547210,-31.99646552,19.4045
115.92547026,-31.99646411,19.4137
115.92546842,-31.99646270,19.4229
115.92546658,-31.99646130,19.4321
115.92546474,-31.99645989,19.4413
115.92546290,-31.99645848,19.4505
115.92546106,-31.99645707,19.4597
115.92545922,-31.99645566,19.4689
115.92545738,-31.99645425,19.4781
115.92545553,-31.99645284,19.4873
115.92545369,-31.99645143,19.4965
115.92545185,-31.99645002,19.5057
115.92545001,-31.99644861,19.5149
115.92544817,-31.99644720,19.5241
115.92544633,-31.99644580,19.5334
115.92544449,-31.99644439,19.5426
115.92544265,-31.99644298,19.5518
115.92544081,-31.99644157,19.5610
115.92543897,-31.99644016,19.5702
115.92543713,-31.99643875,19.5794
115.92543528,-31.99643734,19.5886
115.92543344,-31.99643593,19.5978
115.92543160,-31.99643452,19.6070
115.92542976,-31.99643311,19.6162
115.92542792,-31.99643170,19.6254
115.92542603,-31.99643027,19.6193
115.92542408,-31.99642881,19.5980
115.92542213,-31.99642735,19.5766
115.92542018,-31.99642588,19.5552
115.92541823,-31.99642442,19.5339
115.92541628,-31.99642296,19.5125
115.92541433,-31.99642150,19.4912
115.92541238,-31.99642004,19.4698
115.92541044,-31.99641858,19.4484
115.92540849,-31.99641712,19.4271
115.92540654,-31.99641565,19.4057
115.92540459,-31.99641419,19.3844
115.92540264,-31.99641273,19.3630
115.92540069,-31.99641127,19.3417
115.92539874,-31.99640981,19.3203
115.92539679,-31.99640835,19.2989
115.92539485,-31.99640688,19.2776
115.92539290,-31.99640542,19.2562
115.92539095,-31.99640396,19.2349
115.92538900,-31.99640250,19.2135
115.92538705,-31.99640104,19.1921
115.92538510,-31.99639958,19.1708
115.92538315,-31.99639812,19.1494
115.92538121,-31.99639665,19.1281
115.92537926,-31.99639519,19.1067
115.92537731,-31.99639373,19.0853
115.92537536,-31.99639227,19.0640
115.92537341,-31.99639081,19.0426
115.92537146,-31.99638935,19.0213
115.92536951,-31.99638788,18.9999
115.92536756,-31.99638642,18.9786
115.92536562,-31.99638496,18.9572
115.92536367,-31.99638350,18.9358
115.92536172,-31.99638204,18.9145
115.92535977,-31.99638058,18.8931
115.92535782,-31.99637912,18.8718
115.92535587,-31.99637765,18.8504
115.92535392,-31.99637619,18.8290
115.92535197,-31.99637473,18.8077
115.92535003,-31.99637325,18.7887
115.92534809,-31.99637175,18.7720
115.92534616,-31.99637025,18.7554
115.92534422,-31.99636875,18.7387
115.92534228,-31.99636725,18.7220
115.92534034,-31.99636575,18.7054
115.92533841,-31.99636425,18.6887
115.92533647,-31.99636275,18.6721
115.92533453,-31.99636125,18.6554
115.92533259,-31.99635975,18.6388
115.92533066,-31.99635825,18.6221
115.92532872,-31.99635675,18.6055
</coordinates>
</LineString>
<LineString>
<tessellate>1</tessellate>
<coordinates>
115.92532388,-31.99635300,18.5638
115.92532291,-31.99635225,18.5555
115.92532097,-31.99635075,18.5388
115.92531903,-31.99634925,18.5222
115.92531709,-31.99634775,18.5055
115.92531516,-31.99634625,18.4889
115.92531322,-31.99634475,18.4722
115.92531128,-31.99634325,18.4555
115.92530934,-31.99634175,18.4389
115.92530741,-31.99634025,18.4222
115.92530547,-31.99633875,18.4056
115.92530353,-31.99633725,18.3889
115.92530159,-31.99633575,18.3723
115.92529966,-31.99633425,18.3556
115.92529772,-31.99633275,18.3390
115.92529578,-31.99633125,18.3223
115.92529384,-31.99632975,18.3056
115.92529191,-31.99632825,18.2890
115.92528997,-31.99632675,18.2723
115.92528823,-31.99632532,18.2781
115.92528670,-31.99632396,18.3062
115.92528516,-31.99632261,18.3343
</coordinates>
</LineString>
<LineString>
<tessellate>1</tessellate>
<coordinates>
115.92528363,-31.99632125,18.3624
115.92528209,-31.99631989,18.3905
115.92528055,-31.99631854,18.4186
115.92527902,-31.99631718,18.4467
115.92527748,-31.99631582,18.4748
115.92527595,-31.99631446,18.5029
</coordinates>
</LineString>
<LineString>
<tessellate>1</tessellate>
<coordinates>
115.92527441,-31.99631311,18.5310
115.92527288,-31.99631175,18.5591
</coordinates>
</LineString>
<LineString>
<tessellate>1</tessellate>
<coordinates>
115.92526980,-31.99630904,18.6153
115.92526827,-31.99630768,18.6434
</coordinates>
</LineString>
<LineString>
<tessellate>1</tessellate>
<coordinates>
115.92526673,-31.99630632,18.6716
115.92526520,-31.99630496,18.6997
</coordinates>
</LineString>
<LineString>
<tessellate>1</tessellate>
<coordinates>
115.92525598,-31.99629682,18.8683
115.92525445,-31.99629546,18.8964
115.92525291,-31.99629411,18.9245
115.92525138,-31.99629275,18.9526
115.92524984,-31.99629139,18.9807
115.92524830,-31.99629004,19.0088
115.92524677,-31.99628868,19.0369
115.92524526,-31.99628696,19.0418
115.92524378,-31.99628487,19.0235
115.92524230,-31.99628278,19.0051
115.92524083,-31.99628070,18.9868
115.92523935,-31.99627861,18.9684
115.92523787,-31.99627652,18.9501
115.92523639,-31.99627443,18.9317
115.92523491,-31.99627235,18.9134
115.92523343,-31.99627026,18.8950
115.92523196,-31.99626817,18.8767
115.92523048,-31.99626609,18.8583
115.92522900,-31.99626400,18.8400
115.92522752,-31.99626191,18.8217
115.92522604,-31.99625983,18.8033
115.92522457,-31.99625774,18.7850
115.92522309,-31.99625565,18.7666
115.92522161,-31.99625357,18.7483
115.92522013,-31.99625148,18.7299
115.92521865,-31.99624939,18.7116
115.92521717,-31.99624730,18.6932
115.92521570,-31.99624522,18.6749
115.92521422,-31.99624313,18.6565
115.92521274,-31.99624104,18.6382
115.92521166,-31.99623868,18.6230
115.92521097,-31.99623605,18.6110
115.92521029,-31.99623342,18.5990
115.92520961,-31.99623079,18.5870
115.92520892,-31.99622816,18.5750
115.92520824,-31.99622553,18.5630
115.92520755,-31.99622289,18.5510
115.92520687,-31.99622026,18.5390
115.92520618,-31.99621763,18.5270
115.92520550,-31.99621500,18.5150
115.92520482,-31.99621237,18.5030
115.92520413,-31.99620974,18.4910
115.92520345,-31.99620711,18.4790
115.92520276,-31.99620447,18.4670
115.92520208,-31.99620184,18.4550
115.92520139,-31.99619921,18.4430
115.92520071,-31.99619658,18.4310
115.92520003,-31.99619395,18.4190
115.92519934,-31.99619132,18.4070
115.92519933,-31.99618905,18.4203
115.92520000,-31.99618714,18.4588
115.92520067,-31.99618524,18.4973
115.92520133,-31.99618333,18.5358
115.92520200,-31.99618143,18.5744
115.92520267,-31.99617952,18.6129
115.92520333,-31.99617762,18.6514
115.92520400,-31.99617571,18.6899
115.92520467,-31.99617381,18.7285
115.92520533,-31.99617190,18.7670
</coordinates>
</LineString>
<LineString>
<tessellate>1</tessellate>
<coordinates>
115.92520700,-31.99616714,18.8633
</coordinates>
</LineString>
<LineString>
<tessellate>1</tessellate>
<coordinates>
115.92520900,-31.99616143,18.9789
</coordinates>
</LineString>
<LineString>
<tessellate>1</tessellate>
<coordinates>
115.92521233,-31.99615190,19.1715
</coordinates>
</LineString>
<LineString>
<tessellate>1</tessellate>
<coordinates>
115.92522116,-31.99614000,19.4034
115.92522197,-31.99613900,19.4228
115.92522361,-31.99613700,19.4614
115.92522524,-31.99613500,19.5001
115.92522687,-31.99613300,19.5388
115.92522850,-31.99613100,19.5775
115.92523013,-31.99612900,19.6162
115.92523176,-31.99612700,19.6549
115.92523339,-31.99612500,19.6936
115.92523503,-31.99612300,19.7322
115.92523666,-31.99612100,19.7709
115.92523829,-31.99611900,19.8096
115.92523992,-31.99611700,19.8483
115.92524155,-31.99611500,19.8870
115.92524318,-31.99611300,19.9257
115.92524477,-31.99611102,19.9396
115.92524631,-31.99610906,19.9289
115.92524785,-31.99610710,19.9181
115.92524940,-31.99610515,19.9074
115.92525094,-31.99610319,19.8966
115.92525248,-31.99610123,19.8859
115.92525402,-31.99609927,19.8751
115.92525556,-31.99609731,19.8644
115.92525710,-31.99609535,19.8536
115.92525865,-31.99609340,19.8429
115.92526019,-31.99609144,19.8321
115.92526173,-31.99608948,19.8214
115.92526327,-31.99608752,19.8106
115.92526481,-31.99608556,19.7999
115.92526635,-31.99608360,19.7891
115.92526790,-31.99608165,19.7784
115.92526944,-31.99607969,19.7676
115.92527098,-31.99607773,19.7569
115.92527252,-31.99607577,19.7461
115.92527406,-31.99607381,19.7354
115.92527560,-31.99607185,19.7246
115.92527715,-31.99606990,19.7139
115.92527869,-31.99606794,19.7031
115.92528023,-31.99606598,19.6924
115.92528204,-31.99606396,19.6835
115.92528413,-31.99606187,19.6764
115.92528622,-31.99605978,19.6694
115.92528830,-31.99605770,19.6623
115.92529039,-31.99605561,19.6553
115.92529248,-31.99605352,19.6483
115.92529457,-31.99605143,19.6412
115.92529665,-31.99604935,19.6342
115.92529874,-31.99604726,19.6271
115.92530083,-31.99604517,19.6201
115.92530291,-31.99604309,19.6130
115.92530500,-31.99604100,19.6060
115.92530709,-31.99603891,19.5990
115.92530917,-31.99603683,19.5919
115.92531126,-31.99603474,19.5849
115.92531335,-31.99603265,19.5778
115.92531543,-31.99603057,19.5708
115.92531752,-31.99602848,19.5637
115.92531961,-31.99602639,19.5567
115.92532170,-31.99602430,19.5497
115.92532378,-31.99602222,19.5426
115.92532587,-31.99602013,19.5356
115.92532796,-31.99601804,19.5285
115.92532991,-31.99601617,19.5235
115.92533172,-31.99601452,19.5206
115.92533353,-31.99601286,19.5177
115.92533534,-31.99601120,19.5148
115.92533716,-31.99600955,19.5119
115.92533897,-31.99600789,19.5090
115.92534078,-31.99600623,19.5061
115.92534259,-31.99600458,19.5032
115.92534441,-31.99600292,19.5003
115.92534622,-31.99600127,19.4974
115.92534803,-31.99599961,19.4945
115.92534984,-31.99599795,19.4916
115.92535166,-31.99599630,19.4887
115.92535347,-31.99599464,19.4858
115.92535528,-31.99599298,19.4829
115.92535709,-31.99599133,19.4800
115.92535891,-31.99598967,19.4770
115.92536072,-31.99598802,19.4741
115.92536253,-31.99598636,19.4712
115.92536434,-31.99598470,19.4683
115.92536616,-31.99598305,19.4654
115.92536797,-31.99598139,19.4625
115.92536978,-31.99597973,19.4596
115.92537159,-31.99597808,19.4567
115.92537341,-31.99597642,19.4538
115.92537522,-31.99597477,19.4509
115.92537703,-31.99597311,19.4480
115.92537884,-31.99597145,19.4451
115.92538066,-31.99596980,19.4422
115.92538247,-31.99596814,19.4393
115.92538428,-31.99596648,19.4364
115.92538609,-31.99596483,19.4335
115.92538794,-31.99596317,19.4314
115.92538983,-31.99596151,19.4301
115.92539171,-31.99595986,19.4289
115.92539360,-31.99595820,19.4276
115.92539549,-31.99595654,19.4263
115.92539737,-31.99595489,19.4251
115.92539926,-31.99595323,19.4238
115.92540114,-31.99595157,19.4226
115.92540303,-31.99594991,19.4213
115.92540491,-31.99594826,19.4201
115.92540680,-31.99594660,19.4188
115.92540869,-31.99594494,19.4175
115.92541057,-31.99594329,19.4163
115.92541246,-31.99594163,19.4150
115.92541434,-31.99593997,19.4138
115.92541623,-31.99593831,19.4125
115.92541811,-31.99593666,19.4113
115.92542000,-31.99593500,19.4100
115.92542189,-31.99593334,19.4087
115.92542377,-31.99593169,19.4075
115.92542566,-31.99593003,19.4062
115.92542754,-31.99592837,19.4050
115.92542943,-31.99592671,19.4037
115.92543131,-31.99592506,19.4025
115.92543320,-31.99592340,19.4012
115.92543509,-31.99592174,19.3999
115.92543697,-31.99592009,19.3987
115.92543886,-31.99591843,19.3974
115.92544074,-31.99591677,19.3962
115.92544263,-31.99591511,19.3949
115.92544451,-31.99591346,19.3937
115.92544640,-31.99591180,19.3924
115.92544829,-31.99591014,19.3911
115.92545017,-31.99590849,19.3899
115.92545206,-31.99590683,19.3886
115.92545396,-31.99590518,19.3888
115.92545588,-31.99590353,19.3904
115.92545780,-31.99590188,19.3920
115.92545972,-31.99590023,19.3936
115.92546164,-31.99589858,19.3952
115.92546355,-31.99589693,19.3968
115.92546547,-31.99589528,19.3984
115.92546739,-31.99589364,19.4000
115.92546931,-31.99589199,19.4016
115.92547123,-31.99589034,19.4031
115.92547315,-31.99588869,19.4047
115.92547507,-31.99588704,19.4063
115.92547699,-31.99588539,19.4079
115.92547891,-31.99588374,19.4095
115.92548082,-31.99588209,19.4111
115.92548274,-31.99588045,19.4127
115.92548466,-31.99587880,19.4143
115.92548658,-31.99587715,19.4159
115.92548850,-31.99587550,19.4175
115.92549042,-31.99587385,19.4191
115.92549234,-31.99587220,19.4207
115.92549426,-31.99587055,19.4223
115.92549618,-31.99586891,19.4239
115.92549809,-31.99586726,19.4255
115.92550001,-31.99586561,19.4271
115.92550193,-31.99586396,19.4287
115.92550385,-31.99586231,19.4303
115.92550577,-31.99586066,19.4319
115.92550769,-31.99585901,19.4334
115.92550961,-31.99585736,19.4350
115.92551153,-31.99585572,19.4366
115.92551345,-31.99585407,19.4382
115.92551536,-31.99585242,19.4398
115.92551728,-31.99585077,19.4414
115.92551920,-31.99584912,19.4430
115.92552112,-31.99584747,19.4446
115.92552304,-31.99584582,19.4462
115.92552501,-31.99584429,19.4580
115.92552704,-31.99584286,19.4798
115.92552906,-31.99584144,19.5018
115.92553109,-31.99584001,19.5237
115.92553311,-31.99583859,19.5455
115.92553514,-31.99583716,19.5675
115.92553716,-31.99583574,19.5894
115.92553919,-31.99583431,19.6112
115.92554121,-31.99583289,19.6332
115.92554324,-31.99583146,19.6550
115.92554526,-31.99583004,19.6769
115.92554729,-31.99582861,19.6989
115.92554931,-31.99582719,19.7207
115.92555134,-31.99582576,19.7426
115.92555336,-31.99582434,19.7646
115.92555539,-31.99582291,19.7865
115.92555741,-31.99582149,19.8083
115.92555944,-31.99582006,19.8302
115.92556146,-31.99581864,19.8522
115.92556349,-31.99581721,19.8741
115.92556551,-31.99581579,19.8959
115.92556754,-31.99581436,19.9179
115.92556956,-31.99581294,19.9398
115.92557159,-31.99581151,19.9616
115.92557361,-31.99581009,19.9836
115.92557564,-31.99580866,20.0055
115.92557766,-31.99580724,20.0273
115.92557969,-31.99580581,20.0493
115.92558171,-31.99580439,20.0711
115.92558374,-31.99580296,20.0930
115.92558576,-31.99580154,20.1150
115.92558779,-31.99580011,20.1369
115.92558981,-31.99579869,20.1587
115.92559184,-31.99579726,20.1807
115.92559386,-31.99579584,20.2026
115.92559589,-31.99579441,20.2245
115.92559791,-31.99579299,20.2464
115.92559994,-31.99579156,20.2683
115.92560196,-31.99579014,20.2902
115.92560399,-31.99578871,20.3120
115.92560595,-31.99578715,20.3193
115.92560785,-31.99578545,20.3119
115.92560975,-31.99578375,20.3044
115.92561165,-31.99578205,20.2970
115.92561355,-31.99578035,20.2896
115.92561545,-31.99577865,20.2822
115.92561735,-31.99577695,20.2747
115.92561925,-31.99577525,20.2673
115.92562115,-31.99577355,20.2599
115.92562305,-31.99577185,20.2525
115.92562495,-31.99577015,20.2450
115.92562685,-31.99576845,20.2376
115.92562875,-31.99576675,20.2302
115.92563065,-31.99576505,20.2228
115.92563255,-31.99576335,20.2153
115.92563445,-31.99576165,20.2079
115.92563635,-31.99575995,20.2005
115.92563825,-31.99575825,20.1931
115.92564015,-31.99575655,20.1856
115.92564205,-31.99575485,20.1782
115.92564395,-31.99575315,20.1708
115.92564585,-31.99575145,20.1634
115.92564775,-31.99574975,20.1559
115.92564965,-31.99574805,20.1485
115.92565155,-31.99574635,20.1411
115.92565345,-31.99574465,20.1337
115.92565535,-31.99574295,20.1262
115.92565725,-31.99574125,20.1188
115.92565915,-31.99573955,20.1114
115.92566105,-31.99573785,20.1040
115.92566295,-31.99573615,20.0965
115.92566485,-31.99573445,20.0891
115.92566675,-31.99573275,20.0817
115.92566865,-31.99573105,20.0743
115.92567055,-31.99572935,20.0668
115.92567245,-31.99572765,20.0594
115.92567435,-31.99572595,20.0520
115.92567625,-31.99572425,20.0446
115.92567815,-31.99572255,20.0371
115.92568005,-31.99572085,20.0297
115.92568194,-31.99571917,20.0217
115.92568382,-31.99571750,20.0132
115.92568570,-31.99571583,20.0046
115.92568758,-31.99571417,19.9961
115.92568946,-31.99571250,19.9875
115.92569135,-31.99571083,19.9790
115.92569323,-31.99570917,19.9704
115.92569511,-31.99570750,19.9619
115.92569699,-31.99570583,19.9533
115.92569887,-31.99570417,19.9448
115.92570075,-31.99570250,19.9363
115.92570263,-31.99570083,19.9277
115.92570451,-31.99569917,19.9192
115.92570639,-31.99569750,19.9106
115.92570827,-31.99569583,19.9021
115.92571015,-31.99569417,19.8935
115.92571204,-31.99569250,19.8850
115.92571392,-31.99569083,19.8764
115.92571580,-31.99568917,19.8679
115.92571768,-31.99568750,19.8593
115.92571956,-31.99568583,19.8508
115.92572144,-31.99568417,19.8422
115.92572332,-31.99568250,19.8337
115.92572520,-31.99568083,19.8251
115.92572708,-31.99567917,19.8166
115.92572896,-31.99567750,19.8080
115.92573085,-31.99567583,19.7995
115.92573273,-31.99567417,19.7909
115.92573461,-31.99567250,19.7824
115.92573649,-31.99567083,19.7738
115.92573837,-31.99566917,19.7653
115.92574025,-31.99566750,19.7568
115.92574213,-31.99566583,19.7482
115.92574401,-31.99566417,19.7397
115.92574589,-31.99566250,19.7311
115.92574777,-31.99566083,19.7226
115.92574965,-31.99565917,19.7140
115.92575154,-31.99565750,19.7055
115.92575342,-31.99565583,19.6969
115.92575530,-31.99565417,19.6884
115.92575718,-31.99565250,19.6798
115.92575906,-31.99565083,19.6713
115.92576094,-31.99564917,19.6645
115.92576283,-31.99564752,19.6595
115.92576471,-31.99564587,19.6545
115.92576659,-31.99564422,19.6495
115.92576848,-31.99564257,19.6445
115.92577036,-31.99564092,19.6395
115.92577224,-31.99563927,19.6345
115.92577413,-31.99563762,19.6295
115.92577601,-31.99563597,19.6245
115.92577790,-31.99563431,19.6195
115.92577978,-31.99563266,19.6145
115.92578166,-31.99563101,19.6095
115.92578355,-31.99562936,19.6045
115.92578543,-31.99562771,19.5995
115.92578731,-31.99562606,19.5945
115.92578920,-31.99562441,19.5895
115.92579108,-31.99562276,19.5845
115.92579297,-31.99562110,19.5795
115.92579485,-31.99561945,19.5745
115.92579673,-31.99561780,19.5695
115.92579862,-31.99561615,19.5645
115.92580050,-31.99561450,19.5595
115.92580238,-31.99561285,19.5545
115.92580427,-31.99561120,19.5495
115.92580615,-31.99560955,19.5445
115.92580803,-31.99560790,19.5395
115.92580992,-31.99560624,19.5345
115.92581180,-31.99560459,19.5295
115.92581369,-31.99560294,19.5245
115.92581557,-31.99560129,19.5195
115.92581745,-31.99559964,19.5145
115.92581934,-31.99559799,19.5095
115.92582122,-31.99559634,19.5045
115.92582310,-31.99559469,19.4995
115.92582499,-31.99559303,19.4945
115.92582687,-31.99559138,19.4895
115.92582876,-31.99558973,19.4845
115.92583064,-31.99558808,19.4795
115.92583252,-31.99558643,19.4745
115.92583441,-31.99558478,19.4695
115.92583629,-31.99558313,19.4645
115.92583817,-31.99558148,19.4595
115.92584006,-31.99557983,19.4545
115.92584195,-31.99557815,19.4509
115.92584386,-31.99557645,19.4488
115.92584577,-31.99557476,19.4467
115.92584767,-31.99557306,19.4446
115.92584958,-31.99557136,19.4425
115.92585149,-31.99556966,19.4404
115.92585340,-31.99556797,19.4382
115.92585530,-31.99556627,19.4361
115.92585721,-31.99556457,19.4340
115.92585912,-31.99556287,19.4319
115.92586102,-31.99556117,19.4298
115.92586293,-31.99555948,19.4277
115.92586484,-31.99555778,19.4255
115.92586674,-31.99555608,19.4234
115.92586865,-31.99555438,19.4213
115.92587056,-31.99555269,19.4192
115.92587247,-31.99555099,19.4171
115.92587437,-31.99554929,19.4150
115.92587628,-31.99554759,19.4128
115.92587819,-31.99554590,19.4107
115.92588009,-31.99554420,19.4086
115.92588200,-31.99554250,19.4065
115.92588391,-31.99554080,19.4044
115.92588581,-31.99553910,19.4023
115.92588772,-31.99553741,19.4002
115.92588963,-31.99553571,19.3980
115.92589153,-31.99553401,19.3959
115.92589344,-31.99553231,19.3938
115.92589535,-31.99553062,19.3917
115.92589726,-31.99552892,19.3896
115.92589916,-31.99552722,19.3875
115.92590107,-31.99552552,19.3853
115.92590298,-31.99552383,19.3832
115.92590488,-31.99552213,19.3811
115.92590679,-31.99552043,19.3790
115.92590870,-31.99551873,19.3769
115.92591060,-31.99551703,19.3748
115.92591251,-31.99551534,19.3726
115.92591442,-31.99551364,19.3705
115.92591633,-31.99551194,19.3684
115.92591823,-31.99551024,19.3663
115.92592014,-31.99550855,19.3642
115.92592205,-31.99550685,19.3621
115.92592386,-31.99550509,19.3581
115.92592559,-31.99550327,19.3523
115.92592732,-31.99550145,19.3465
115.92592905,-31.99549964,19.3406
115.92593077,-31.99549782,19.3348
115.92593250,-31.99549600,19.3290
115.92593423,-31.99549418,19.3232
115.92593595,-31.99549236,19.3174
115.92593768,-31.99549055,19.3115
115.92593941,-31.99548873,19.3057
115.92594114,-31.99548691,19.2999
115.92594286,-31.99548509,19.2941
115.92594459,-31.99548327,19.2883
115.92594632,-31.99548145,19.2825
115.92594805,-31.99547964,19.2766
115.92594977,-31.99547782,19.2708
115.92595150,-31.99547600,19.2650
115.92595323,-31.99547418,19.2592
115.92595495,-31.99547236,19.2534
115.92595668,-31.99547055,19.2475
115.92595841,-31.99546873,19.2417
115.92596014,-31.99546691,19.2359
115.92596186,-31.99546509,19.2301
115.92596359,-31.99546327,19.2243
115.92596532,-31.99546145,19.2185
115.92596705,-31.99545964,19.2126
115.92596877,-31.99545782,19.2068
115.92597050,-31.99545600,19.2010
115.92597223,-31.99545418,19.1952
115.92597395,-31.99545236,19.1894
115.92597568,-31.99545055,19.1835
115.92597741,-31.99544873,19.1777
115.92597914,-31.99544691,19.1719
115.92598086,-31.99544509,19.1661
115.92598259,-31.99544327,19.1603
115.92598432,-31.99544145,19.1545
115.92598605,-31.99543964,19.1486
115.92598777,-31.99543782,19.1428
115.92598950,-31.99543600,19.1370
115.92599123,-31.99543418,19.1312
115.92599295,-31.99543236,19.1254
115.92599468,-31.99543055,19.1195
115.92599641,-31.99542873,19.1137
115.92599814,-31.99542691,19.1079
115.92599991,-31.99542514,19.1038
115.92600173,-31.99542341,19.1015
115.92600355,-31.99542168,19.0991
115.92600536,-31.99541995,19.0967
115.92600718,-31.99541823,19.0944
115.92600900,-31.99541650,19.0920
115.92601082,-31.99541477,19.0896
115.92601264,-31.99541305,19.0873
115.92601445,-31.99541132,19.0849
115.92601627,-31.99540959,19.0825
115.92601809,-31.99540786,19.0802
115.92601991,-31.99540614,19.0778
115.92602173,-31.99540441,19.0755
115.92602355,-31.99540268,19.0731
115.92602536,-31.99540095,19.0707
115.92602718,-31.99539923,19.0684
115.92602900,-31.99539750,19.0660
115.92603082,-31.99539577,19.0636
115.92603264,-31.99539405,19.0613
115.92603445,-31.99539232,19.0589
115.92603627,-31.99539059,19.0565
115.92603809,-31.99538886,19.0542
115.92603991,-31.99538714,19.0518
115.92604173,-31.99538541,19.0495
115.92604355,-31.99538368,19.0471
115.92604536,-31.99538195,19.0447
115.92604718,-31.99538023,19.0424
115.92604900,-31.99537850,19.0400
115.92605082,-31.99537677,19.0376
115.92605264,-31.99537505,19.0353
115.92605445,-31.99537332,19.0329
115.92605627,-31.99537159,19.0305
115.92605809,-31.99536986,19.0282
115.92605991,-31.99536814,19.0258
115.92606173,-31.99536641,19.0235
115.92606355,-31.99536468,19.0211
115.92606536,-31.99536295,19.0187
115.92606718,-31.99536123,19.0164
115.92606900,-31.99535950,19.0140
115.92607082,-31.99535777,19.0116
115.92607264,-31.99535605,19.0093
115.92607445,-31.99535432,19.0069
115.92607627,-31.99535259,19.0045
115.92607809,-31.99535086,19.0022
115.92607988,-31.99534920,19.0007
115.92608164,-31.99534759,19.0001
115.92608340,-31.99534598,18.9995
115.92608516,-31.99534437,18.9989
115.92608692,-31.99534276,18.9983
115.92608868,-31.99534115,18.9977
115.92609045,-31.99533954,18.9970
115.92609221,-31.99533793,18.9964
115.92609397,-31.99533633,18.9958
115.92609573,-31.99533472,18.9952
115.92609749,-31.99533311,18.9946
115.92609925,-31.99533150,18.9940
115.92610101,-31.99532989,18.9934
115.92610277,-31.99532828,18.9928
115.92610453,-31.99532667,18.9922
115.92610629,-31.99532507,18.9916
115.92610805,-31.99532346,18.9910
115.92610982,-31.99532185,18.9903
115.92611158,-31.99532024,18.9897
115.92611334,-31.99531863,18.9891
115.92611510,-31.99531702,18.9885
115.92611686,-31.99531541,18.9879
115.92611862,-31.99531380,18.9873
115.92612038,-31.99531220,18.9867
115.92612214,-31.99531059,18.9861
115.92612390,-31.99530898,18.9855
115.92612566,-31.99530737,18.9849
115.92612742,-31.99530576,18.9843
115.92612918,-31.99530415,18.9837
115.92613095,-31.99530254,18.9830
115.92613271,-31.99530093,18.9824
115.92613447,-31.99529933,18.9818
115.92613623,-31.99529772,18.9812
115.92613799,-31.99529611,18.9806
115.92613975,-31.99529450,18.9800
115.92614151,-31.99529289,18.9794
115.92614327,-31.99529128,18.9788
115.92614503,-31.99528967,18.9782
115.92614679,-31.99528807,18.9776
115.92614855,-31.99528646,18.9770
115.92615032,-31.99528485,18.9763
115.92615208,-31.99528324,18.9757
115.92615384,-31.99528163,18.9751
115.92615560,-31.99528002,18.9745
115.92615736,-31.99527841,18.9739
115.92615912,-31.99527680,18.9733
115.92616089,-31.99527520,18.9733
115.92616266,-31.99527361,18.9738
115.92616443,-31.99527202,18.9744
115.92616620,-31.99527043,18.9749
115.92616798,-31.99526884,18.9755
115.92616975,-31.99526725,18.9760
115.92617152,-31.99526566,18.9765
115.92617330,-31.99526407,18.9771
</coordinates>
</LineString>
<LineString>
<tessellate>1</tessellate>
<coordinates>
115.92617773,-31.99526009,18.9785
115.92617861,-31.99525930,18.9787
115.92618039,-31.99525770,18.9793
</coordinates>
</LineString>
<LineString>
<tessellate>1</tessellate>
<coordinates>
115.92618482,-31.99525373,18.9806
115.92618570,-31.99525293,18.9809
115.92618748,-31.99525134,18.9815
115.92618925,-31.99524975,18.9820
115.92619102,-31.99524816,18.9825
115.92619280,-31.99524657,18.9831
</coordinates>
</LineString>
<LineString>
<tessellate>1</tessellate>
<coordinates>
115.92619723,-31.99524259,18.9845
115.92619811,-31.99524180,18.9847
115.92619989,-31.99524020,18.9853
115.92620166,-31.99523861,18.9858
115.92620343,-31.99523702,18.9864
115.92620520,-31.99523543,18.9869
115.92620698,-31.99523384,18.9875
</coordinates>
</LineString>
<LineString>
<tessellate>1</tessellate>
<coordinates>
115.92621318,-31.99522827,18.9894
115.92621407,-31.99522748,18.9896
115.92621584,-31.99522589,18.9902
115.92621761,-31.99522430,18.9907
115.92621939,-31.99522270,18.9913
115.92622116,-31.99522111,18.9918
115.92622293,-31.99521952,18.9924
115.92622470,-31.99521793,18.9929
115.92622648,-31.99521634,18.9935
115.92622825,-31.99521475,18.9940
115.92623002,-31.99521316,18.9945
115.92623180,-31.99521157,18.9951
115.92623357,-31.99520998,18.9956
115.92623534,-31.99520839,18.9962
115.92623711,-31.99520680,18.9967
115.92623888,-31.99520521,18.9978
115.92624065,-31.99520363,18.9993
115.92624242,-31.99520205,19.0009
115.92624419,-31.99520047,19.0025
115.92624595,-31.99519888,19.0040
115.92624772,-31.99519730,19.0056
115.92624949,-31.99519572,19.0071
115.92625126,-31.99519414,19.0087
115.92625302,-31.99519256,19.0102
115.92625479,-31.99519098,19.0118
115.92625656,-31.99518940,19.0134
115.92625833,-31.99518781,19.0149
115.92626009,-31.99518623,19.0165
115.92626186,-31.99518465,19.0180
115.92626363,-31.99518307,19.0196
115.92626540,-31.99518149,19.0212
115.92626716,-31.99517991,19.0227
115.92626893,-31.99517833,19.0243
115.92627070,-31.99517674,19.0258
115.92627247,-31.99517516,19.0274
115.92627423,-31.99517358,19.0289
115.92627600,-31.99517200,19.0305
115.92627777,-31.99517042,19.0321
115.92627953,-31.99516884,19.0336
115.92628130,-31.99516726,19.0352
115.92628307,-31.99516567,19.0367
115.92628484,-31.99516409,19.0383
115.92628660,-31.99516251,19.0398
115.92628837,-31.99516093,19.0414
115.92629014,-31.99515935,19.0430
115.92629191,-31.99515777,19.0445
115.92629367,-31.99515619,19.0461
115.92629544,-31.99515460,19.0476
115.92629721,-31.99515302,19.0492
115.92629898,-31.99515144,19.0508
115.92630074,-31.99514986,19.0523
115.92630251,-31.99514828,19.0539
115.92630428,-31.99514670,19.0554
115.92630605,-31.99514512,19.0570
115.92630781,-31.99514353,19.0585
115.92630958,-31.99514195,19.0601
115.92631135,-31.99514037,19.0617
115.92631312,-31.99513879,19.0632
115.92631489,-31.99513720,19.0637
115.92631667,-31.99513559,19.0630
115.92631845,-31.99513398,19.0624
115.92632023,-31.99513237,19.0618
115.92632201,-31.99513076,19.0611
115.92632379,-31.99512915,19.0605
115.92632557,-31.99512754,19.0599
115.92632735,-31.99512593,19.0592
115.92632913,-31.99512432,19.0586
115.92633091,-31.99512271,19.0580
115.92633270,-31.99512110,19.0573
115.92633448,-31.99511949,19.0567
115.92633626,-31.99511788,19.0561
115.92633804,-31.99511627,19.0554
115.92633982,-31.99511466,19.0548
115.92634160,-31.99511305,19.0542
115.92634338,-31.99511144,19.0535
115.92634516,-31.99510983,19.0529
115.92634694,-31.99510822,19.0523
115.92634872,-31.99510661,19.0516
115.92635050,-31.99510500,19.0510
115.92635228,-31.99510339,19.0504
115.92635406,-31.99510178,19.0497
115.92635584,-31.99510017,19.0491
115.92635762,-31.99509856,19.0485
115.92635940,-31.99509695,19.0478
115.92636118,-31.99509534,19.0472
115.92636296,-31.99509373,19.0466
115.92636474,-31.99509212,19.0459
115.92636652,-31.99509051,19.0453
115.92636830,-31.99508890,19.0447
115.92637009,-31.99508729,19.0440
115.92637187,-31.99508568,19.0434
115.92637365,-31.99508407,19.0428
115.92637543,-31.99508246,19.0421
115.92637721,-31.99508085,19.0415
115.92637899,-31.99507924,19.0409
115.92638077,-31.99507763,19.0402
115.92638255,-31.99507602,19.0396
115.92638433,-31.99507441,19.0390
115.92638611,-31.99507280,19.0383
115.92638791,-31.99507119,19.0379
115.92638972,-31.99506957,19.0378
115.92639153,-31.99506795,19.0377
115.92639334,-31.99506632,19.0376
115.92639515,-31.99506470,19.0375
115.92639696,-31.99506308,19.0374
115.92639877,-31.99506146,19.0373
115.92640058,-31.99505984,19.0372
115.92640239,-31.99505822,19.0371
115.92640420,-31.99505659,19.0370
115.92640601,-31.99505497,19.0369
115.92640782,-31.99505335,19.0368
115.92640964,-31.99505173,19.0366
115.92641145,-31.99505011,19.0365
115.92641326,-31.99504849,19.0364
115.92641507,-31.99504686,19.0363
115.92641688,-31.99504524,19.0362
115.92641869,-31.99504362,19.0361
115.92642050,-31.99504200,19.0360
115.92642231,-31.99504038,19.0359
115.92642412,-31.99503876,19.0358
115.92642593,-31.99503714,19.0357
</coordinates>
</LineString>
<LineString>
<tessellate>1</tessellate>
<coordinates>
115.92642955,-31.99503389,19.0355
115.92643136,-31.99503227,19.0354
115.92643318,-31.99503065,19.0352
</coordinates>
</LineString>
<LineString>
<tessellate>1</tessellate>
<coordinates>
115.92643499,-31.99502903,19.0351
115.92643680,-31.99502741,19.0350
115.92643861,-31.99502578,19.0349
115.92644042,-31.99502416,19.0348
115.92644223,-31.99502254,19.0347
115.92644404,-31.99502092,19.0346
115.92644585,-31.99501930,19.0345
115.92644766,-31.99501768,19.0344
115.92644947,-31.99501605,19.0343
115.92645128,-31.99501443,19.0342
115.92645309,-31.99501281,19.0341
115.92645489,-31.99501120,19.0342
115.92645667,-31.99500961,19.0345
115.92645845,-31.99500802,19.0348
115.92646023,-31.99500642,19.0351
115.92646202,-31.99500483,19.0354
115.92646380,-31.99500323,19.0357
115.92646558,-31.99500164,19.0360
115.92646736,-31.99500005,19.0363
115.92646914,-31.99499845,19.0367
115.92647092,-31.99499686,19.0370
115.92647270,-31.99499527,19.0373
115.92647448,-31.99499367,19.0376
115.92647627,-31.99499208,19.0379
115.92647805,-31.99499048,19.0382
</coordinates>
</LineString>
<LineString>
<tessellate>1</tessellate>
<coordinates>
115.92649408,-31.99497614,19.0410
115.92649586,-31.99497455,19.0413
115.92649764,-31.99497295,19.0417
115.92649942,-31.99497136,19.0420
115.92650120,-31.99496977,19.0423
115.92650298,-31.99496817,19.0426
115.92650477,-31.99496658,19.0429
115.92650655,-31.99496498,19.0432
115.92650833,-31.99496339,19.0435
115.92651011,-31.99496180,19.0438
115.92651180,-31.99496030,19.0446
115.92651340,-31.99495890,19.0459
115.92651500,-31.99495750,19.0472
115.92651660,-31.99495610,19.0484
115.92651820,-31.99495470,19.0497
115.92651980,-31.99495330,19.0510
115.92652140,-31.99495190,19.0522
115.92652300,-31.99495050,19.0535
115.92652460,-31.99494910,19.0548
115.92652620,-31.99494770,19.0560
115.92652780,-31.99494630,19.0573
115.92652940,-31.99494490,19.0586
115.92653100,-31.99494350,19.0598
115.92653260,-31.99494210,19.0611
115.92653420,-31.99494070,19.0624
115.92653580,-31.99493930,19.0636
115.92653740,-31.99493790,19.0649
115.92653900,-31.99493650,19.0662
115.92654060,-31.99493510,19.0674
115.92654220,-31.99493370,19.0687
115.92654380,-31.99493230,19.0700
115.92654540,-31.99493090,19.0712
115.92654700,-31.99492950,19.0725
115.92654860,-31.99492810,19.0738
115.92655020,-31.99492670,19.0750
115.92655180,-31.99492530,19.0763
115.92655340,-31.99492390,19.0776
115.92655500,-31.99492250,19.0788
115.92655660,-31.99492110,19.0801
115.92655820,-31.99491970,19.0814
115.92655973,-31.99491840,19.0839
115.92656119,-31.99491719,19.0876
115.92656265,-31.99491598,19.0914
115.92656410,-31.99491477,19.0951
115.92656556,-31.99491356,19.0989
</coordinates>
</LineString>
<LineString>
<tessellate>1</tessellate>
<coordinates>
115.92656848,-31.99491115,19.1064
115.92656994,-31.99490994,19.1101
115.92657140,-31.99490873,19.1139
</coordinates>
</LineString>
<LineString>
<tessellate>1</tessellate>
<coordinates>
115.92658598,-31.99489665,19.1514
115.92658744,-31.99489544,19.1551
</coordinates>
</LineString>
<LineString>
<tessellate>1</tessellate>
<coordinates>
115.92659035,-31.99489302,19.1626
115.92659181,-31.99489181,19.1664
</coordinates>
</LineString>
<LineString>
<tessellate>1</tessellate>
<coordinates>
115.92659512,-31.99488931,19.1743
115.92659735,-31.99488792,19.1790
</coordinates>
</LineString>
<LineString>
<tessellate>1</tessellate>
<coordinates>
115.92670100,-31.99488167,16.8370
115.92670233,-31.99488222,16.8082
</coordinates>
</LineString>
<LineString>
<tessellate>1</tessellate>
<coordinates>
115.92670767,-31.99488444,16.6928
</coordinates>
</LineString>
<LineString>
<tessellate>1</tessellate>
<coordinates>
115.92672233,-31.99489500,16.2500
</coordinates>
</LineString>
<LineString>
<tessellate>1</tessellate>
<coordinates>
115.92673567,-31.99490400,15.6797
</coordinates>
</LineString>
<LineString>
<tessellate>1</tessellate>
<coordinates>
115.92673400,-31.99490300,15.7020
</coordinates>
</LineString>
<LineString>
<tessellate>1</tessellate>
<coordinates>
115.92673200,-31.99490300,15.6820
115.92673117,-31.99490267,15.6843
115.92672950,-31.99490200,15.6890
115.92672783,-31.99490133,15.6937
</coordinates>
</LineString>
<LineString>
<tessellate>1</tessellate>
<coordinates>
115.92671520,-31.99489120,15.7032
115.92671440,-31.99489040,15.7034
</coordinates>
</LineString>
<LineString>
<tessellate>1</tessellate>
<coordinates>
115.92670880,-31.99488640,15.5068
</coordinates>
</LineString>
<LineString>
<tessellate>1</tessellate>
<coordinates>
115.92669940,-31.99487940,14.8628
</coordinates>
</LineString>
<LineString>
<tessellate>1</tessellate>
<coordinates>
115.92669700,-31.99487700,14.6980
</coordinates>
</LineString>
<LineString>
<tessellate>1</tessellate>
<coordinates>
115.92669600,-31.99487550,14.6505
115.92669575,-31.99487513,14.6386
115.92669525,-31.99487438,14.6149
115.92669500,-31.99487383,14.5995
115.92669500,-31.99487350,14.5925
115.92669500,-31.99487317,14.5855
115.92669500,-31.99487333,14.5857
115.92669500,-31.99487400,14.5930
115.92669500,-31.99487467,14.6003
115.92669517,-31.99487617,14.6873
115.92669550,-31.99487850,14.8540
115.92669583,-31.99488083,15.0207
115.92669525,-31.99488462,15.0825
115.92669375,-31.99488987,15.0395
115.92669225,-31.99489512,14.9965
115.92669075,-31.99490038,14.9535
115.92668700,-31.99490800,14.9468
115.92668100,-31.99491800,14.9765
115.92667500,-31.99492800,15.0062
115.92667120,-31.99493383,15.0223
115.92666960,-31.99493547,15.0249
115.92666800,-31.99493713,15.0275
115.92666640,-31.99493878,15.0301
115.92666480,-31.99494043,15.0327
115.92666320,-31.99494207,15.0353
115.92666160,-31.99494372,15.0379
115.92666000,-31.99494538,15.0405
115.92665840,-31.99494703,15.0431
115.92665680,-31.99494868,15.0457
115.92665520,-31.99495032,15.0483
115.92665360,-31.99495197,15.0509
115.92665200,-31.99495363,15.0535
115.92665040,-31.99495528,15.0561
115.92664880,-31.99495693,15.0587
115.92664720,-31.99495857,15.0613
115.92664560,-31.99496023,15.0639
115.92664400,-31.99496188,15.0665
115.92664240,-31.99496353,15.0691
115.92664080,-31.99496518,15.0717
115.92663883,-31.99496700,15.0739
115.92663650,-31.99496900,15.0757
115.92663417,-31.99497100,15.0774
115.92663183,-31.99497300,15.0792
115.92662950,-31.99497500,15.0810
115.92662717,-31.99497700,15.0828
115.92662483,-31.99497900,15.0846
115.92662250,-31.99498100,15.0863
115.92662017,-31.99498300,15.0881
115.92661783,-31.99498500,15.0899
115.92661550,-31.99498700,15.0917
115.92661317,-31.99498900,15.0934
115.92661083,-31.99499100,15.0952
115.92660850,-31.99499300,15.0970
115.92660617,-31.99499500,15.0988
115.92660383,-31.99499700,15.1006
115.92660150,-31.99499900,15.1023
115.92659917,-31.99500100,15.1041
115.92659708,-31.99500277,15.1144
</coordinates>
</LineString>
<LineString>
<tessellate>1</tessellate>
<coordinates>
115.92659246,-31.99500662,15.1615
115.92659154,-31.99500738,15.1710
115.92658969,-31.99500892,15.1898
115.92658785,-31.99501046,15.2087
115.92658600,-31.99501200,15.2275
115.92658415,-31.99501354,15.2463
115.92658231,-31.99501508,15.2652
115.92658046,-31.99501662,15.2840
115.92657862,-31.99501815,15.3029
115.92657677,-31.99501969,15.3217
115.92657492,-31.99502123,15.3406
115.92657308,-31.99502277,15.3594
115.92657123,-31.99502431,15.3783
115.92656938,-31.99502585,15.3971
115.92656754,-31.99502738,15.4160
115.92656569,-31.99502892,15.4348
115.92656385,-31.99503046,15.4537
115.92656200,-31.99503200,15.4725
115.92656015,-31.99503354,15.4913
115.92655831,-31.99503508,15.5102
115.92655646,-31.99503662,15.5290
115.92655462,-31.99503815,15.5479
115.92655277,-31.99503969,15.5667
115.92655092,-31.99504123,15.5856
115.92654898,-31.99504282,15.6029
115.92654694,-31.99504446,15.6187
115.92654490,-31.99504610,15.6345
115.92654286,-31.99504774,15.6503
115.92654082,-31.99504938,15.6661
115.92653878,-31.99505102,15.6819
115.92653674,-31.99505266,15.6977
115.92653470,-31.99505430,15.7135
115.92653266,-31.99505594,15.7293
115.92653062,-31.99505758,15.7451
115.92652858,-31.99505922,15.7609
115.92652654,-31.99506086,15.7767
115.92652450,-31.99506250,15.7925
115.92652246,-31.99506414,15.8083
115.92652042,-31.99506578,15.8241
115.92651838,-31.99506742,15.8399
115.92651634,-31.99506906,15.8557
115.92651430,-31.99507070,15.8715
115.92651226,-31.99507234,15.8873
</coordinates>
</LineString>
<LineString>
<tessellate>1</tessellate>
<coordinates>
115.92650716,-31.99507644,15.9268
115.92650614,-31.99507726,15.9347
115.92650410,-31.99507890,15.9505
115.92650206,-31.99508054,15.9663
115.92650002,-31.99508218,15.9821
115.92649802,-31.99508389,15.9833
115.92649605,-31.99508568,15.9700
115.92649409,-31.99508746,15.9566
115.92649213,-31.99508925,15.9433
115.92649016,-31.99509104,15.9299
115.92648820,-31.99509282,15.9165
115.92648623,-31.99509461,15.9032
115.92648427,-31.99509639,15.8898
115.92648230,-31.99509818,15.8765
115.92648034,-31.99509996,15.8631
115.92647838,-31.99510175,15.8498
115.92647641,-31.99510354,15.8364
115.92647445,-31.99510532,15.8230
115.92647248,-31.99510711,15.8097
115.92647052,-31.99510889,15.7963
115.92646855,-31.99511068,15.7830
115.92646659,-31.99511246,15.7696
115.92646463,-31.99511425,15.7563
115.92646266,-31.99511604,15.7429
115.92646070,-31.99511782,15.7295
115.92645873,-31.99511961,15.7162
115.92645677,-31.99512139,15.7028
115.92645480,-31.99512318,15.6895
115.92645284,-31.99512496,15.6761
115.92645088,-31.99512675,15.6627
115.92644891,-31.99512854,15.6494
115.92644695,-31.99513032,15.6360
115.92644498,-31.99513211,15.6227
115.92644308,-31.99513378,15.6128
115.92644123,-31.99513534,15.6064
115.92643939,-31.99513691,15.6001
115.92643755,-31.99513847,15.5937
115.92643570,-31.99514003,15.5873
115.92643386,-31.99514159,15.5809
115.92643202,-31.99514316,15.5746
115.92643017,-31.99514472,15.5682
115.92642833,-31.99514628,15.5618
115.92642648,-31.99514784,15.5554
115.92642464,-31.99514941,15.5491
115.92642280,-31.99515097,15.5427
115.92642095,-31.99515253,15.5363
115.92641911,-31.99515409,15.5299
115.92641727,-31.99515566,15.5236
115.92641542,-31.99515722,15.5172
115.92641358,-31.99515878,15.5108
115.92641173,-31.99516034,15.5044
115.92640989,-31.99516191,15.4981
115.92640805,-31.99516347,15.4917
115.92640620,-31.99516503,15.4853
115.92640436,-31.99516659,15.4789
115.92640252,-31.99516816,15.4726
115.92640067,-31.99516972,15.4662
115.92639883,-31.99517128,15.4598
115.92639698,-31.99517284,15.4534
115.92639514,-31.99517441,15.4471
115.92639330,-31.99517597,15.4407
115.92639145,-31.99517753,15.4343
115.92638961,-31.99517909,15.4279
115.92638777,-31.99518066,15.4216
115.92638592,-31.99518222,15.4152
115.92638400,-31.99518358,15.4231
115.92638200,-31.99518473,15.4452
115.92638000,-31.99518588,15.4673
115.92637800,-31.99518703,15.4894
115.92637600,-31.99518818,15.5115
115.92637400,-31.99518933,15.5337
115.92637200,-31.99519048,15.5558
115.92637000,-31.99519164,15.5779
115.92636800,-31.99519279,15.6000
115.92636600,-31.99519394,15.6222
115.92636400,-31.99519509,15.6443
115.92636200,-31.99519624,15.6664
115.92636000,-31.99519739,15.6885
115.92635800,-31.99519855,15.7106
115.92635600,-31.99519970,15.7328
115.92635400,-31.99520085,15.7549
115.92635200,-31.99520200,15.7770
115.92635000,-31.99520315,15.7991
115.92634800,-31.99520430,15.8212
115.92634600,-31.99520545,15.8434
115.92634400,-31.99520661,15.8655
115.92634200,-31.99520776,15.8876
115.92634000,-31.99520891,15.9097
115.92633800,-31.99521006,15.9318
115.92633600,-31.99521121,15.9540
115.92633400,-31.99521236,15.9761
115.92633200,-31.99521352,15.9982
115.92633000,-31.99521467,16.0203
115.92632800,-31.99521582,16.0425
115.92632600,-31.99521697,16.0646
115.92632400,-31.99521812,16.0867
115.92632200,-31.99521927,16.1088
115.92632000,-31.99522042,16.1309
115.92631795,-31.99522173,16.1468
115.92631586,-31.99522320,16.1565
115.92631377,-31.99522467,16.1662
115.92631167,-31.99522614,16.1759
115.92630958,-31.99522761,16.1856
115.92630748,-31.99522908,16.1953
115.92630539,-31.99523055,16.2050
115.92630330,-31.99523202,16.2147
115.92630120,-31.99523348,16.2243
115.92629911,-31.99523495,16.2340
115.92629702,-31.99523642,16.2437
115.92629492,-31.99523789,16.2534
115.92629283,-31.99523936,16.2631
115.92629073,-31.99524083,16.2728
115.92628864,-31.99524230,16.2825
115.92628655,-31.99524377,16.2922
115.92628445,-31.99524523,16.3018
115.92628236,-31.99524670,16.3115
115.92628027,-31.99524817,16.3212
115.92627817,-31.99524964,16.3309
115.92627608,-31.99525111,16.3406
115.92627398,-31.99525258,16.3503
115.92627189,-31.99525405,16.3600
115.92626980,-31.99525552,16.3697
115.92626770,-31.99525698,16.3793
115.92626561,-31.99525845,16.3890
115.92626352,-31.99525992,16.3987
115.92626142,-31.99526139,16.4084
115.92625933,-31.99526286,16.4181
115.92625723,-31.99526433,16.4278
</coordinates>
</LineString>
<LineString>
<tessellate>1</tessellate>
<coordinates>
115.92625200,-31.99526800,16.4520
115.92625094,-31.99526869,16.4597
115.92624882,-31.99527007,16.4751
115.92624671,-31.99527146,16.4905
115.92624459,-31.99527284,16.5059
115.92624247,-31.99527422,16.5214
115.92624035,-31.99527560,16.5368
115.92623824,-31.99527699,16.5522
115.92623612,-31.99527837,16.5676
115.92623400,-31.99527975,16.5830
115.92623188,-31.99528113,16.5984
115.92622976,-31.99528251,16.6138
115.92622765,-31.99528390,16.6292
115.92622553,-31.99528528,16.6446
115.92622341,-31.99528666,16.6601
115.92622129,-31.99528804,16.6755
115.92621918,-31.99528943,16.6909
115.92621706,-31.99529081,16.7063
115.92621494,-31.99529219,16.7217
115.92621282,-31.99529357,16.7371
115.92621071,-31.99529496,16.7525
115.92620859,-31.99529634,16.7679
115.92620647,-31.99529772,16.7834
115.92620435,-31.99529910,16.7988
</coordinates>
</LineString>
<LineString>
<tessellate>1</tessellate>
<coordinates>
115.92619482,-31.99530532,16.8681
115.92619376,-31.99530601,16.8758
115.92619165,-31.99530740,16.8912
115.92618953,-31.99530878,16.9066
</coordinates>
</LineString>
<LineString>
<tessellate>1</tessellate>
<coordinates>
115.92618424,-31.99531224,16.9452
115.92618318,-31.99531293,16.9529
</coordinates>
</LineString>
<LineString>
<tessellate>1</tessellate>
<coordinates>
115.92617178,-31.99532089,17.0241
</coordinates>
</LineString>
<LineString>
<tessellate>1</tessellate>
<coordinates>
115.92616767,-31.99532383,17.0482
115.92616664,-31.99532457,17.0542
115.92616458,-31.99532604,17.0662
115.92616253,-31.99532751,17.0782
115.92616047,-31.99532899,17.0903
115.92615842,-31.99533046,17.1023
115.92615636,-31.99533193,17.1143
115.92615431,-31.99533340,17.1263
115.92615225,-31.99533488,17.1384
115.92615019,-31.99533635,17.1504
115.92614814,-31.99533782,17.1624
115.92614608,-31.99533929,17.1745
115.92614403,-31.99534076,17.1865
115.92614197,-31.99534224,17.1985
115.92613992,-31.99534371,17.2105
</coordinates>
</LineString>
<LineString>
<tessellate>1</tessellate>
<coordinates>
115.92613478,-31.99534739,17.2406
115.92613375,-31.99534813,17.2466
115.92613169,-31.99534960,17.2587
115.92612964,-31.99535107,17.2707
115.92612758,-31.99535254,17.2827
115.92612553,-31.99535401,17.2947
115.92612347,-31.99535549,17.3068
115.92612142,-31.99535696,17.3188
115.92611936,-31.99535843,17.3308
115.92611731,-31.99535990,17.3428
115.92611525,-31.99536138,17.3549
115.92611319,-31.99536285,17.3669
115.92611114,-31.99536432,17.3789
115.92610908,-31.99536579,17.3910
115.92610703,-31.99536726,17.4030
115.92610509,-31.99536895,17.3992
115.92610327,-31.99537085,17.3795
115.92610145,-31.99537274,17.3599
115.92609963,-31.99537464,17.3403
115.92609781,-31.99537654,17.3206
115.92609599,-31.99537844,17.3010
115.92609417,-31.99538033,17.2813
115.92609235,-31.99538223,17.2617
115.92609053,-31.99538413,17.2421
115.92608871,-31.99538603,17.2224
115.92608688,-31.99538792,17.2028
115.92608506,-31.99538982,17.1831
115.92608324,-31.99539172,17.1635
115.92608142,-31.99539362,17.1438
115.92607960,-31.99539551,17.1242
115.92607778,-31.99539741,17.1046
115.92607596,-31.99539931,17.0849
115.92607414,-31.99540121,17.0653
115.92607232,-31.99540310,17.0456
115.92607050,-31.99540500,17.0260
115.92606868,-31.99540690,17.0064
115.92606686,-31.99540879,16.9867
115.92606504,-31.99541069,16.9671
115.92606322,-31.99541259,16.9474
115.92606140,-31.99541449,16.9278
115.92605958,-31.99541638,16.9082
115.92605776,-31.99541828,16.8885
115.92605594,-31.99542018,16.8689
115.92605412,-31.99542208,16.8492
115.92605229,-31.99542397,16.8296
115.92605047,-31.99542587,16.8099
115.92604865,-31.99542777,16.7903
115.92604683,-31.99542967,16.7707
115.92604501,-31.99543156,16.7510
115.92604319,-31.99543346,16.7314
115.92604137,-31.99543536,16.7117
115.92603955,-31.99543726,16.6921
115.92603773,-31.99543915,16.6725
115.92603591,-31.99544105,16.6528
115.92603402,-31.99544272,16.6477
115.92603207,-31.99544416,16.6570
115.92603012,-31.99544560,16.6664
115.92602817,-31.99544704,16.6758
115.92602622,-31.99544848,16.6851
115.92602427,-31.99544991,16.6945
115.92602232,-31.99545135,16.7039
115.92602037,-31.99545279,16.7132
115.92601841,-31.99545423,16.7226
115.92601646,-31.99545567,16.7320
115.92601451,-31.99545711,16.7413
115.92601256,-31.99545855,16.7507
115.92601061,-31.99545999,16.7601
115.92600866,-31.99546143,16.7694
115.92600671,-31.99546287,16.7788
115.92600476,-31.99546430,16.7882
115.92600280,-31.99546574,16.7975
115.92600085,-31.99546718,16.8069
115.92599890,-31.99546862,16.8163
115.92599695,-31.99547006,16.8256
115.92599500,-31.99547150,16.8350
115.92599305,-31.99547294,16.8444
115.92599110,-31.99547438,16.8537
115.92598915,-31.99547582,16.8631
115.92598720,-31.99547726,16.8725
115.92598524,-31.99547870,16.8818
115.92598329,-31.99548013,16.8912
115.92598134,-31.99548157,16.9006
115.92597939,-31.99548301,16.9099
115.92597744,-31.99548445,16.9193
115.92597549,-31.99548589,16.9287
115.92597354,-31.99548733,16.9380
115.92597159,-31.99548877,16.9474
115.92596963,-31.99549021,16.9568
115.92596768,-31.99549165,16.9661
115.92596573,-31.99549309,16.9755
115.92596378,-31.99549452,16.9849
115.92596183,-31.99549596,16.9942
115.92595988,-31.99549740,17.0036
115.92595793,-31.99549884,17.0130
115.92595598,-31.99550028,17.0223
115.92595405,-31.99550175,17.0299
115.92595214,-31.99550325,17.0357
115.92595024,-31.99550475,17.0415
115.92594833,-31.99550625,17.0473
115.92594643,-31.99550775,17.0531
115.92594452,-31.99550925,17.0590
115.92594262,-31.99551075,17.0648
115.92594071,-31.99551225,17.0706
115.92593881,-31.99551375,17.0764
115.92593690,-31.99551525,17.0822
115.92593500,-31.99551675,17.0880
115.92593310,-31.99551825,17.0938
115.92593119,-31.99551975,17.0996
115.92592929,-31.99552125,17.1054
115.92592738,-31.99552275,17.1112
115.92592548,-31.99552425,17.1170
115.92592357,-31.99552575,17.1229
115.92592167,-31.99552725,17.1287
115.92591976,-31.99552875,17.1345
115.92591786,-31.99553025,17.1403
115.92591595,-31.99553175,17.1461
115.92591405,-31.99553325,17.1519
115.92591214,-31.99553475,17.1577
115.92591024,-31.99553625,17.1635
115.92590833,-31.99553775,17.1693
115.92590643,-31.99553925,17.1751
115.92590452,-31.99554075,17.1810
115.92590262,-31.99554225,17.1868
115.92590071,-31.99554375,17.1926
115.92589881,-31.99554525,17.1984
115.92589690,-31.99554675,17.2042
115.92589500,-31.99554825,17.2100
115.92589310,-31.99554975,17.2158
115.92589119,-31.99555125,17.2216
115.92588929,-31.99555275,17.2274
115.92588738,-31.99555425,17.2332
115.92588548,-31.99555575,17.2390
115.92588357,-31.99555725,17.2449
115.92588167,-31.99555875,17.2507
115.92587976,-31.99556025,17.2565
115.92587786,-31.99556175,17.2623
115.92587595,-31.99556325,17.2681
115.92587407,-31.99556476,17.2723
115.92587221,-31.99556629,17.2750
115.92587036,-31.99556781,17.2776
115.92586850,-31.99556933,17.2803
115.92586664,-31.99557086,17.2829
115.92586479,-31.99557238,17.2855
115.92586293,-31.99557390,17.2882
115.92586107,-31.99557543,17.2908
115.92585921,-31.99557695,17.2935
115.92585736,-31.99557848,17.2961
115.92585550,-31.99558000,17.2988
115.92585364,-31.99558152,17.3014
115.92585179,-31.99558305,17.3040
115.92584993,-31.99558457,17.3067
115.92584807,-31.99558610,17.3093
115.92584621,-31.99558762,17.3120
115.92584436,-31.99558914,17.3146
115.92584250,-31.99559067,17.3173
115.92584064,-31.99559219,17.3199
115.92583879,-31.99559371,17.3225
115.92583693,-31.99559524,17.3252
115.92583507,-31.99559676,17.3278
115.92583321,-31.99559829,17.3305
115.92583136,-31.99559981,17.3331
115.92582950,-31.99560133,17.3357
115.92582764,-31.99560286,17.3384
115.92582579,-31.99560438,17.3410
115.92582393,-31.99560590,17.3437
115.92582207,-31.99560743,17.3463
115.92582021,-31.99560895,17.3490
115.92581836,-31.99561048,17.3516
115.92581650,-31.99561200,17.3543
115.92581464,-31.99561352,17.3569
115.92581279,-31.99561505,17.3595
115.92581093,-31.99561657,17.3622
115.92580907,-31.99561810,17.3648
115.92580721,-31.99561962,17.3675
115.92580536,-31.99562114,17.3701
115.92580350,-31.99562267,17.3728
115.92580164,-31.99562419,17.3754
115.92579979,-31.99562571,17.3780
115.92579793,-31.99562724,17.3807
115.92579612,-31.99562889,17.3743
115.92579437,-31.99563067,17.3589
115.92579261,-31.99563245,17.3435
115.92579085,-31.99563423,17.3280
115.92578910,-31.99563601,17.3126
115.92578734,-31.99563779,17.2972
115.92578559,-31.99563957,17.2818
115.92578383,-31.99564135,17.2664
115.92578207,-31.99564313,17.2510
115.92578032,-31.99564491,17.2356
115.92577856,-31.99564670,17.2201
115.92577680,-31.99564848,17.2047
115.92577505,-31.99565026,17.1893
115.92577329,-31.99565204,17.1739
115.92577154,-31.99565382,17.1585
115.92576978,-31.99565560,17.1431
115.92576802,-31.99565738,17.1277
115.92576627,-31.99565916,17.1122
115.92576451,-31.99566094,17.0968
115.92576276,-31.99566272,17.0814
115.92576100,-31.99566450,17.0660
115.92575924,-31.99566628,17.0506
115.92575749,-31.99566806,17.0352
115.92575573,-31.99566984,17.0198
115.92575398,-31.99567162,17.0043
115.92575222,-31.99567340,16.9889
115.92575046,-31.99567518,16.9735
115.92574871,-31.99567696,16.9581
115.92574695,-31.99567874,16.9427
115.92574520,-31.99568052,16.9273
115.92574344,-31.99568230,16.9119
115.92574168,-31.99568409,16.8964
115.92573993,-31.99568587,16.8810
115.92573817,-31.99568765,16.8656
115.92573641,-31.99568943,16.8502
115.92573466,-31.99569121,16.8348
115.92573290,-31.99569299,16.8194
115.92573115,-31.99569477,16.8040
115.92572939,-31.99569655,16.7885
115.92572763,-31.99569833,16.7731
115.92572588,-31.99570011,16.7577
115.92572408,-31.99570195,16.7379
115.92572224,-31.99570384,16.7136
115.92572039,-31.99570574,16.6894
115.92571855,-31.99570763,16.6652
115.92571671,-31.99570953,16.6409
115.92571487,-31.99571142,16.6167
115.92571303,-31.99571332,16.5925
115.92571118,-31.99571521,16.5682
115.92570934,-31.99571711,16.5440
115.92570750,-31.99571900,16.5198
115.92570566,-31.99572089,16.4955
115.92570382,-31.99572279,16.4713
115.92570197,-31.99572468,16.4470
115.92570013,-31.99572658,16.4228
115.92569829,-31.99572847,16.3986
115.92569645,-31.99573037,16.3743
115.92569461,-31.99573226,16.3501
115.92569276,-31.99573416,16.3259
115.92569092,-31.99573605,16.3016
115.92568908,-31.99573795,16.2774
115.92568724,-31.99573984,16.2531
115.92568539,-31.99574174,16.2289
115.92568355,-31.99574363,16.2047
115.92568171,-31.99574553,16.1804
115.92567987,-31.99574742,16.1562
115.92567803,-31.99574932,16.1320
115.92567618,-31.99575121,16.1077
115.92567434,-31.99575311,16.0835
115.92567250,-31.99575500,16.0592
115.92567066,-31.99575689,16.0350
115.92566882,-31.99575879,16.0108
115.92566697,-31.99576068,15.9865
115.92566513,-31.99576258,15.9623
115.92566329,-31.99576447,15.9381
115.92566145,-31.99576637,15.9138
115.92565961,-31.99576826,15.8896
115.92565776,-31.99577016,15.8654
115.92565592,-31.99577205,15.8411
115.92565413,-31.99577380,15.8404
115.92565239,-31.99577541,15.8632
115.92565066,-31.99577701,15.8860
115.92564892,-31.99577862,15.9089
115.92564718,-31.99578022,15.9317
115.92564545,-31.99578183,15.9545
115.92564371,-31.99578343,15.9773
115.92564197,-31.99578504,16.0001
115.92564024,-31.99578664,16.0229
115.92563850,-31.99578825,16.0458
115.92563676,-31.99578986,16.0686
115.92563503,-31.99579146,16.0914
115.92563329,-31.99579307,16.1142
115.92563155,-31.99579467,16.1370
115.92562982,-31.99579628,16.1598
115.92562808,-31.99579788,16.1826
115.92562634,-31.99579949,16.2055
115.92562461,-31.99580109,16.2283
115.92562287,-31.99580270,16.2511
115.92562113,-31.99580430,16.2739
115.92561939,-31.99580591,16.2967
115.92561766,-31.99580751,16.3195
115.92561592,-31.99580912,16.3424
115.92561418,-31.99581072,16.3652
115.92561245,-31.99581233,16.3880
115.92561071,-31.99581393,16.4108
115.92560897,-31.99581554,16.4336
115.92560724,-31.99581714,16.4564
115.92560550,-31.99581875,16.4793
115.92560376,-31.99582036,16.5021
115.92560203,-31.99582196,16.5249
115.92560029,-31.99582357,16.5477
115.92559855,-31.99582517,16.5705
115.92559682,-31.99582678,16.5933
115.92559508,-31.99582838,16.6161
115.92559334,-31.99582999,16.6390
115.92559161,-31.99583159,16.6618
115.92558987,-31.99583320,16.6846
115.92558811,-31.99583479,16.7048
115.92558633,-31.99583637,16.7225
115.92558456,-31.99583796,16.7401
115.92558278,-31.99583954,16.7577
115.92558100,-31.99584112,16.7754
115.92557922,-31.99584271,16.7930
115.92557744,-31.99584429,16.8107
115.92557567,-31.99584588,16.8283
115.92557389,-31.99584746,16.8459
115.92557211,-31.99584904,16.8636
115.92557033,-31.99585062,16.8812
115.92556856,-31.99585221,16.8988
115.92556678,-31.99585379,16.9165
115.92556500,-31.99585538,16.9341
115.92556322,-31.99585696,16.9518
115.92556144,-31.99585854,16.9694
115.92555967,-31.99586013,16.9870
115.92555789,-31.99586171,17.0047
115.92555611,-31.99586329,17.0223
115.92555433,-31.99586487,17.0400
115.92555256,-31.99586646,17.0576
115.92555078,-31.99586804,17.0752
115.92554900,-31.99586962,17.0929
115.92554722,-31.99587121,17.1105
115.92554544,-31.99587279,17.1282
115.92554367,-31.99587438,17.1458
115.92554189,-31.99587596,17.1634
115.92554011,-31.99587754,17.1811
115.92553833,-31.99587913,17.1987
115.92553656,-31.99588071,17.2163
115.92553478,-31.99588229,17.2340
115.92553300,-31.99588387,17.2516
115.92553122,-31.99588546,17.2693
115.92552944,-31.99588704,17.2869
115.92552767,-31.99588862,17.3045
115.92552589,-31.99589021,17.3222
115.92552414,-31.99589176,17.3367
115.92552243,-31.99589327,17.3481
115.92552071,-31.99589479,17.3596
115.92551900,-31.99589630,17.3710
115.92551729,-31.99589781,17.3824
115.92551557,-31.99589933,17.3939
115.92551386,-31.99590084,17.4053
115.92551214,-31.99590236,17.4167
115.92551043,-31.99590387,17.4281
115.92550871,-31.99590539,17.4396
115.92550700,-31.99590690,17.4510
115.92550529,-31.99590841,17.4624
115.92550357,-31.99590993,17.4739
115.92550186,-31.99591144,17.4853
115.92550014,-31.99591296,17.4967
115.92549843,-31.99591447,17.5081
115.92549671,-31.99591599,17.5196
115.92549500,-31.99591750,17.5310
115.92549329,-31.99591901,17.5424
115.92549157,-31.99592053,17.5539
115.92548986,-31.99592204,17.5653
115.92548814,-31.99592356,17.5767
115.92548643,-31.99592507,17.5881
115.92548471,-31.99592659,17.5996
115.92548300,-31.99592810,17.6110
115.92548129,-31.99592961,17.6224
115.92547957,-31.99593113,17.6339
115.92547786,-31.99593264,17.6453
115.92547614,-31.99593416,17.6567
115.92547443,-31.99593567,17.6681
115.92547271,-31.99593719,17.6796
115.92547100,-31.99593870,17.6910
115.92546929,-31.99594021,17.7024
115.92546757,-31.99594173,17.7139
115.92546586,-31.99594324,17.7253
115.92546418,-31.99594471,17.7386
115.92546255,-31.99594614,17.7537
115.92546091,-31.99594756,17.7689
115.92545927,-31.99594898,17.7840
115.92545764,-31.99595041,17.7992
115.92545600,-31.99595183,17.8143
115.92545436,-31.99595326,17.8295
115.92545273,-31.99595468,17.8446
115.92545109,-31.99595611,17.8598
115.92544945,-31.99595753,17.8749
115.92544782,-31.99595895,17.8901
115.92544618,-31.99596038,17.9052
115.92544455,-31.99596180,17.9204
115.92544291,-31.99596323,17.9355
115.92544127,-31.99596465,17.9507
115.92543964,-31.99596608,17.9658
115.92543800,-31.99596750,17.9810
115.92543636,-31.99596892,17.9962
115.92543473,-31.99597035,18.0113
115.92543309,-31.99597177,18.0265
115.92543145,-31.99597320,18.0416
115.92542982,-31.99597462,18.0568
115.92542818,-31.99597605,18.0719
115.92542655,-31.99597747,18.0871
115.92542491,-31.99597889,18.1022
115.92542327,-31.99598032,18.1174
115.92542164,-31.99598174,18.1325
115.92542000,-31.99598317,18.1477
115.92541836,-31.99598459,18.1628
115.92541673,-31.99598602,18.1780
115.92541509,-31.99598744,18.1931
115.92541345,-31.99598886,18.2083
115.92541182,-31.99599029,18.2234
115.92541013,-31.99599172,18.2324
115.92540839,-31.99599317,18.2353
115.92540665,-31.99599461,18.2382
115.92540491,-31.99599606,18.2411
115.92540317,-31.99599750,18.2440
115.92540143,-31.99599894,18.2469
115.92539969,-31.99600039,18.2498
115.92539794,-31.99600183,18.2527
</coordinates>
</LineString>
<LineString>
<tessellate>1</tessellate>
<coordinates>
115.92539359,-31.99600544,18.2599
115.92539272,-31.99600617,18.2613
115.92539098,-31.99600761,18.2642
115.92538924,-31.99600906,18.2671
115.92538750,-31.99601050,18.2700
115.92538576,-31.99601194,18.2729
115.92538402,-31.99601339,18.2758
115.92538228,-31.99601483,18.2787
115.92538054,-31.99601628,18.2816
115.92537880,-31.99601772,18.2844
115.92537706,-31.99601917,18.2873
115.92537531,-31.99602061,18.2902
115.92537357,-31.99602206,18.2931
115.92537183,-31.99602350,18.2960
115.92537009,-31.99602494,18.2989
115.92536835,-31.99602639,18.3018
115.92536661,-31.99602783,18.3047
115.92536487,-31.99602928,18.3076
115.92536303,-31.99603098,18.2687
115.92536108,-31.99603293,18.1880
115.92535913,-31.99603487,18.1074
115.92535718,-31.99603683,18.0267
115.92535523,-31.99603878,17.9461
115.92535327,-31.99604073,17.8654
115.92535133,-31.99604267,17.7848
115.92534938,-31.99604462,17.7041
115.92534743,-31.99604658,17.6235
115.92534548,-31.99604852,17.5428
115.92534352,-31.99605047,17.4622
115.92534158,-31.99605242,17.3815
115.92533962,-31.99605438,17.3009
</coordinates>
</LineString>
<LineString>
<tessellate>1</tessellate>
<coordinates>
115.92533280,-31.99606120,17.0186
115.92533183,-31.99606217,16.9783
115.92532987,-31.99606413,16.8976
115.92532793,-31.99606608,16.8170
115.92532597,-31.99606803,16.7363
115.92532440,-31.99606955,16.7100
</coordinates>
</LineString>
<LineString>
<tessellate>1</tessellate>
<coordinates>
115.92532080,-31.99607285,16.7940
115.92531960,-31.99607395,16.8220
115.92531840,-31.99607505,16.8500
</coordinates>
</LineString>
<LineString>
<tessellate>1</tessellate>
<coordinates>
115.92531540,-31.99607780,16.9200
115.92531480,-31.99607835,16.9340
115.92531360,-31.99607945,16.9620
115.92531240,-31.99608055,16.9900
115.92531120,-31.99608165,17.0180
115.92531000,-31.99608275,17.0460
115.92530880,-31.99608385,17.0740
</coordinates>
</LineString>
<LineString>
<tessellate>1</tessellate>
<coordinates>
115.92530580,-31.99608660,17.1440
115.92530520,-31.99608715,17.1580
115.92530400,-31.99608825,17.1860
</coordinates>
</LineString>
<LineString>
<tessellate>1</tessellate>
<coordinates>
115.92530100,-31.99609100,17.2560
</coordinates>
</LineString>
<LineString>
<tessellate>1</tessellate>
<coordinates>
115.92529620,-31.99609580,17.3811
115.92529540,-31.99609660,17.4019
115.92529380,-31.99609820,17.4436
</coordinates>
</LineString>
<LineString>
<tessellate>1</tessellate>
<coordinates>
115.92528820,-31.99610380,17.5896
115.92528740,-31.99610460,17.6105
115.92528580,-31.99610620,17.6521
115.92528443,-31.99610786,17.6910
115.92528329,-31.99610957,17.7270
115.92528214,-31.99611129,17.7630
115.92528100,-31.99611300,17.7990
</coordinates>
</LineString>
<LineString>
<tessellate>1</tessellate>
<coordinates>
115.92527757,-31.99611814,17.9070
115.92527644,-31.99612000,17.8356
</coordinates>
</LineString>
<LineString>
<tessellate>1</tessellate>
<coordinates>
115.92527363,-31.99612500,17.3888
115.92527306,-31.99612600,17.2994
</coordinates>
</LineString>
<LineString>
<tessellate>1</tessellate>
<coordinates>
115.92527025,-31.99613100,16.8525
115.92526969,-31.99613200,16.7631
</coordinates>
</LineString>
<LineString>
<tessellate>1</tessellate>
<coordinates>
115.92526856,-31.99613400,16.5844
</coordinates>
</LineString>
<LineString>
<tessellate>1</tessellate>
<coordinates>
115.92526667,-31.99613900,16.8039
</coordinates>
</LineString>
<LineString>
<tessellate>1</tessellate>
<coordinates>
115.92526533,-31.99614300,17.1128
115.92526517,-31.99614350,17.1514
115.92526450,-31.99614581,17.1157
115.92526350,-31.99614944,16.9671
115.92526250,-31.99615306,16.8184
115.92526150,-31.99615669,16.6698
115.92526050,-31.99616031,16.5212
115.92525950,-31.99616394,16.3726
115.92525850,-31.99616756,16.2239
115.92525750,-31.99617119,16.0753
115.92525727,-31.99617438,15.9545
115.92525781,-31.99617715,15.8616
115.92525835,-31.99617992,15.7687
115.92525888,-31.99618269,15.6758
</coordinates>
</LineString>
<LineString>
<tessellate>1</tessellate>
<coordinates>
115.92526077,-31.99619238,15.3505
</coordinates>
</LineString>
<LineString>
<tessellate>1</tessellate>
<coordinates>
115.92526238,-31.99620069,15.0718
</coordinates>
</LineString>
<LineString>
<tessellate>1</tessellate>
<coordinates>
115.92526400,-31.99620900,14.7930
115.92526478,-31.99621019,14.7685
115.92526634,-31.99621256,14.7196
115.92526791,-31.99621494,14.6707
115.92526947,-31.99621731,14.6217
115.92527103,-31.99621969,14.5728
115.92527259,-31.99622206,14.5238
115.92527416,-31.99622444,14.4749
115.92527572,-31.99622681,14.4260
115.92527728,-31.99622919,14.3770
115.92527884,-31.99623156,14.3281
115.92528041,-31.99623394,14.2792
115.92528197,-31.99623631,14.2302
115.92528353,-31.99623869,14.1813
115.92528509,-31.99624106,14.1323
115.92528666,-31.99624344,14.0834
115.92528822,-31.99624581,14.0345
115.92528989,-31.99624789,13.9967
115.92529166,-31.99624966,13.9701
</coordinates>
</LineString>
<LineString>
<tessellate>1</tessellate>
<coordinates>
115.92529609,-31.99625409,13.9036
115.92529698,-31.99625498,13.8903
115.92529875,-31.99625675,13.8638
115.92530052,-31.99625852,13.8372
115.92530230,-31.99626030,13.8106
115.92530407,-31.99626207,13.7840
115.92530584,-31.99626384,13.7574
</coordinates>
</LineString>
<LineString>
<tessellate>1</tessellate>
<coordinates>
115.92531027,-31.99626827,13.6909
</coordinates>
</LineString>
<LineString>
<tessellate>1</tessellate>
<coordinates>
115.92531382,-31.99627182,13.6377
115.92531470,-31.99627270,13.6244
115.92531648,-31.99627448,13.5978
</coordinates>
</LineString>
<LineString>
<tessellate>1</tessellate>
<coordinates>
115.92531825,-31.99627625,13.5712
115.92532002,-31.99627802,13.5447
115.92532180,-31.99627980,13.5181
115.92532357,-31.99628157,13.4915
115.92532534,-31.99628334,13.4649
115.92532711,-31.99628511,13.4383
115.92532900,-31.99628690,13.4169
115.92533100,-31.99628869,13.4008
</coordinates>
</LineString>
<LineString>
<tessellate>1</tessellate>
<coordinates>
115.92533300,-31.99629048,13.3847
115.92533500,-31.99629227,13.3686
115.92533700,-31.99629406,13.3524
115.92533900,-31.99629585,13.3363
115.92534100,-31.99629765,13.3202
115.92534300,-31.99629944,13.3041
115.92534500,-31.99630123,13.2879
115.92534700,-31.99630302,13.2718
115.92534900,-31.99630481,13.2557
115.92535100,-31.99630660,13.2396
115.92535300,-31.99630840,13.2234
115.92535500,-31.99631019,13.2073
115.92535700,-31.99631198,13.1912
115.92535900,-31.99631377,13.1751
115.92536100,-31.99631556,13.1589
115.92536300,-31.99631735,13.1428
115.92536500,-31.99631915,13.1267
115.92536700,-31.99632094,13.1106
115.92536900,-31.99632273,13.0944
115.92537100,-31.99632452,13.0783
115.92537300,-31.99632631,13.0622
115.92537500,-31.99632810,13.0461
115.92537712,-31.99632988,13.0451
115.92537936,-31.99633164,13.0594
115.92538160,-31.99633340,13.0736
115.92538384,-31.99633516,13.0878
</coordinates>
</LineString>
<LineString>
<tessellate>1</tessellate>
<coordinates>
115.92538944,-31.99633956,13.1234
115.92539056,-31.99634044,13.1306
115.92539280,-31.99634220,13.1448
115.92539504,-31.99634396,13.1590
115.92539728,-31.99634572,13.1733
115.92539952,-31.99634748,13.1875
</coordinates>
</LineString>
<LineString>
<tessellate>1</tessellate>
<coordinates>
115.92540512,-31.99635188,13.2231
115.92540624,-31.99635276,13.2302
115.92540848,-31.99635452,13.2445
115.92541072,-31.99635628,13.2587
115.92541296,-31.99635804,13.2730
115.92541520,-31.99635980,13.2872
115.92541744,-31.99636156,13.3014
115.92541968,-31.99636332,13.3157
115.92542192,-31.99636508,13.3299
115.92542416,-31.99636684,13.3442
115.92542640,-31.99636860,13.3584
115.92542864,-31.99637036,13.3726
</coordinates>
</LineString>
<LineString>
<tessellate>1</tessellate>
<coordinates>
115.92543391,-31.99637445,13.3994
115.92543486,-31.99637518,13.4021
115.92543677,-31.99637664,13.4075
</coordinates>
</LineString>
<LineString>
<tessellate>1</tessellate>
<coordinates>
115.92544155,-31.99638027,13.4210
</coordinates>
</LineString>
<LineString>
<tessellate>1</tessellate>
<coordinates>
115.92544536,-31.99638318,13.4318
115.92544632,-31.99638391,13.4345
115.92544823,-31.99638536,13.4398
115.92545014,-31.99638682,13.4452
115.92545205,-31.99638827,13.4506
115.92545395,-31.99638973,13.4560
115.92545586,-31.99639118,13.4614
115.92545777,-31.99639264,13.4668
115.92545968,-31.99639409,13.4722
115.92546159,-31.99639555,13.4776
115.92546350,-31.99639700,13.4830
115.92546541,-31.99639845,13.4884
115.92546732,-31.99639991,13.4938
115.92546923,-31.99640136,13.4992
</coordinates>
</LineString>
<LineString>
<tessellate>1</tessellate>
<coordinates>
115.92547400,-31.99640500,13.5127
115.92547495,-31.99640573,13.5154
115.92547686,-31.99640718,13.5208
115.92547877,-31.99640864,13.5262
115.92548068,-31.99641009,13.5315
115.92548259,-31.99641155,13.5369
115.92548450,-31.99641300,13.5423
115.92548641,-31.99641445,13.5477
</coordinates>
</LineString>
<LineString>
<tessellate>1</tessellate>
<coordinates>
115.92549118,-31.99641809,13.5612
115.92549214,-31.99641882,13.5639
115.92549405,-31.99642027,13.5693
115.92549603,-31.99642172,13.5878
115.92549809,-31.99642316,13.6192
115.92550015,-31.99642460,13.6507
115.92550221,-31.99642604,13.6823
</coordinates>
</LineString>
<LineString>
<tessellate>1</tessellate>
<coordinates>
115.92550735,-31.99642965,13.7610
115.92550838,-31.99643037,13.7768
115.92551044,-31.99643181,13.8082
115.92551250,-31.99643325,13.8397
115.92551456,-31.99643469,13.8713
115.92551662,-31.99643613,13.9028
115.92551868,-31.99643757,13.9343
115.92552074,-31.99643901,13.9658
</coordinates>
</LineString>
<LineString>
<tessellate>1</tessellate>
<coordinates>
115.92552279,-31.99644046,13.9973
115.92552485,-31.99644190,14.0287
115.92552691,-31.99644334,14.0603
</coordinates>
</LineString>
<LineString>
<tessellate>1</tessellate>
<coordinates>
115.92552897,-31.99644478,14.0918
115.92553103,-31.99644622,14.1232
115.92553309,-31.99644766,14.1548
115.92553515,-31.99644910,14.1863
115.92553721,-31.99645054,14.2178
115.92553926,-31.99645199,14.2493
115.92554132,-31.99645343,14.2808
115.92554338,-31.99645487,14.3122
115.92554544,-31.99645631,14.3438
115.92554750,-31.99645775,14.3753
115.92554956,-31.99645919,14.4068
115.92555162,-31.99646063,14.4383
</coordinates>
</LineString>
<LineString>
<tessellate>1</tessellate>
<coordinates>
115.92555676,-31.99646424,14.5170
115.92555779,-31.99646496,14.5328
</coordinates>
</LineString>
<LineString>
<tessellate>1</tessellate>
<coordinates>
115.92555985,-31.99646640,14.5643
115.92556191,-31.99646784,14.5958
115.92556397,-31.99646928,14.6273
115.92556597,-31.99647076,14.6358
</coordinates>
</LineString>
<LineString>
<tessellate>1</tessellate>
<coordinates>
115.92556791,-31.99647227,14.6213
115.92556986,-31.99647379,14.6069
115.92557180,-31.99647530,14.5924
115.92557374,-31.99647681,14.5779
115.92557569,-31.99647833,14.5635
115.92557763,-31.99647984,14.5490
115.92557957,-31.99648136,14.5346
</coordinates>
</LineString>
<LineString>
<tessellate>1</tessellate>
<coordinates>
115.92558151,-31.99648287,14.5201
115.92558346,-31.99648439,14.5057
115.92558540,-31.99648590,14.4912
115.92558734,-31.99648741,14.4767
115.92558929,-31.99648893,14.4623
115.92559123,-31.99649044,14.4478
115.92559317,-31.99649196,14.4334
115.92559511,-31.99649347,14.4189
115.92559706,-31.99649499,14.4045
115.92559900,-31.99649650,14.3900
115.92560094,-31.99649801,14.3755
115.92560289,-31.99649953,14.3611
115.92560483,-31.99650104,14.3466
</coordinates>
</LineString>
<LineString>
<tessellate>1</tessellate>
<coordinates>
115.92560969,-31.99650483,14.3105
115.92561066,-31.99650559,14.3033
115.92561260,-31.99650710,14.2888
115.92561454,-31.99650861,14.2743
115.92561649,-31.99651013,14.2599
115.92561843,-31.99651164,14.2454
115.92562037,-31.99651316,14.2310
115.92562231,-31.99651467,14.2165
115.92562426,-31.99651619,14.2021
115.92562620,-31.99651770,14.1876
115.92562814,-31.99651921,14.1731
115.92563009,-31.99652073,14.1587
115.92563203,-31.99652224,14.1442
115.92563401,-31.99652376,14.1584
115.92563604,-31.99652529,14.2013
115.92563807,-31.99652682,14.2442
115.92564010,-31.99652835,14.2871
115.92564213,-31.99652988,14.3300
115.92564416,-31.99653141,14.3729
115.92564619,-31.99653294,14.4157
115.92564822,-31.99653447,14.4586
115.92565025,-31.99653600,14.5015
115.92565228,-31.99653753,14.5444
115.92565431,-31.99653906,14.5873
115.92565634,-31.99654059,14.6301
115.92565837,-31.99654212,14.6730
115.92566040,-31.99654365,14.7159
115.92566243,-31.99654518,14.7588
115.92566446,-31.99654671,14.8017
115.92566649,-31.99654824,14.8446
115.92566851,-31.99654976,14.8874
115.92567054,-31.99655129,14.9303
115.92567257,-31.99655282,14.9732
115.92567460,-31.99655435,15.0161
115.92567663,-31.99655588,15.0590
115.92567866,-31.99655741,15.1019
115.92568069,-31.99655894,15.1447
115.92568272,-31.99656047,15.1876
115.92568475,-31.99656200,15.2305
115.92568678,-31.99656353,15.2734
115.92568881,-31.99656506,15.3163
115.92569084,-31.99656659,15.3591
115.92569287,-31.99656812,15.4020
115.92569490,-31.99656965,15.4449
115.92569693,-31.99657118,15.4878
115.92569896,-31.99657271,15.5307
115.92570099,-31.99657424,15.5736
115.92570299,-31.99657575,15.6084
115.92570496,-31.99657725,15.6352
115.92570693,-31.99657875,15.6621
115.92570890,-31.99658025,15.6889
115.92571087,-31.99658175,15.7157
115.92571284,-31.99658325,15.7425
115.92571481,-31.99658475,15.7694
115.92571678,-31.99658625,15.7962
115.92571875,-31.99658775,15.8230
115.92572072,-31.99658925,15.8498
115.92572269,-31.99659075,15.8766
115.92572466,-31.99659225,15.9035
115.92572663,-31.99659375,15.9303
115.92572860,-31.99659525,15.9571
115.92573057,-31.99659675,15.9839
115.92573254,-31.99659825,16.0108
115.92573451,-31.99659975,16.0376
115.92573649,-31.99660125,16.0644
115.92573846,-31.99660275,16.0912
115.92574043,-31.99660425,16.1181
115.92574240,-31.99660575,16.1449
115.92574437,-31.99660725,16.1717
115.92574634,-31.99660875,16.1985
115.92574831,-31.99661025,16.2254
115.92575028,-31.99661175,16.2522
115.92575225,-31.99661325,16.2790
115.92575422,-31.99661475,16.3058
115.92575619,-31.99661625,16.3326
</coordinates>
</LineString>
<LineString>
<tessellate>1</tessellate>
<coordinates>
115.92575816,-31.99661775,16.3595
115.92576013,-31.99661925,16.3863
115.92576210,-31.99662075,16.4131
115.92576407,-31.99662225,16.4399
115.92576604,-31.99662375,16.4668
115.92576801,-31.99662525,16.4936
115.92577006,-31.99662677,16.5033
115.92577219,-31.99662830,16.4959
115.92577431,-31.99662983,16.4885
115.92577644,-31.99663136,16.4811
115.92577856,-31.99663289,16.4737
115.92578069,-31.99663442,16.4663
115.92578281,-31.99663595,16.4589
115.92578494,-31.99663748,16.4515
115.92578706,-31.99663902,16.4440
115.92578919,-31.99664055,16.4366
115.92579131,-31.99664208,16.4292
115.92579344,-31.99664361,16.4218
115.92579556,-31.99664514,16.4144
115.92579769,-31.99664667,16.4070
115.92579981,-31.99664820,16.3996
115.92580194,-31.99664973,16.3922
115.92580406,-31.99665127,16.3848
115.92580619,-31.99665280,16.3774
115.92580831,-31.99665433,16.3700
115.92581044,-31.99665586,16.3626
115.92581256,-31.99665739,16.3552
115.92581469,-31.99665892,16.3478
115.92581681,-31.99666045,16.3404
115.92581894,-31.99666198,16.3330
</coordinates>
</LineString>
<LineString>
<tessellate>1</tessellate>
<coordinates>
115.92582106,-31.99666352,16.3255
115.92582319,-31.99666505,16.3181
115.92582531,-31.99666658,16.3107
115.92582744,-31.99666811,16.3033
115.92582956,-31.99666964,16.2959
</coordinates>
</LineString>
<LineString>
<tessellate>1</tessellate>
<coordinates>
115.92583488,-31.99667347,16.2774
115.92583594,-31.99667423,16.2737
115.92583791,-31.99667575,16.2600
115.92583974,-31.99667725,16.2399
115.92584156,-31.99667875,16.2199
115.92584338,-31.99668025,16.1998
115.92584521,-31.99668175,16.1797
115.92584703,-31.99668325,16.1597
115.92584885,-31.99668475,16.1396
115.92585068,-31.99668625,16.1196
115.92585250,-31.99668775,16.0995
115.92585432,-31.99668925,16.0794
115.92585615,-31.99669075,16.0594
115.92585797,-31.99669225,16.0393
115.92585979,-31.99669375,16.0193
115.92586162,-31.99669525,15.9992
115.92586344,-31.99669675,15.9791
115.92586526,-31.99669825,15.9591
115.92586709,-31.99669975,15.9390
115.92586891,-31.99670125,15.9190
</coordinates>
</LineString>
<LineString>
<tessellate>1</tessellate>
<coordinates>
115.92587529,-31.99670650,15.8488
115.92587621,-31.99670725,15.8387
115.92587803,-31.99670875,15.8187
115.92587985,-31.99671025,15.7986
115.92588168,-31.99671175,15.7786
115.92588350,-31.99671325,15.7585
115.92588532,-31.99671475,15.7384
115.92588715,-31.99671625,15.7184
115.92588897,-31.99671775,15.6983
115.92589079,-31.99671925,15.6783
115.92589262,-31.99672075,15.6582
115.92589444,-31.99672225,15.6381
115.92589626,-31.99672375,15.6181
115.92589809,-31.99672525,15.5980
115.92589993,-31.99672671,15.5947
115.92590178,-31.99672812,15.6080
115.92590363,-31.99672953,15.6213
115.92590549,-31.99673094,15.6346
115.92590734,-31.99673235,15.6480
115.92590919,-31.99673376,15.6613
115.92591104,-31.99673518,15.6746
115.92591290,-31.99673659,15.6879
115.92591475,-31.99673800,15.7013
115.92591660,-31.99673941,15.7146
115.92591846,-31.99674082,15.7279
115.92592031,-31.99674224,15.7412
115.92592216,-31.99674365,15.7545
115.92592401,-31.99674506,15.7679
115.92592587,-31.99674647,15.7812
115.92592772,-31.99674788,15.7945
115.92592957,-31.99674929,15.8078
115.92593143,-31.99675071,15.8212
115.92593328,-31.99675212,15.8345
115.92593513,-31.99675353,15.8478
115.92593699,-31.99675494,15.8611
115.92593884,-31.99675635,15.8745
115.92594069,-31.99675776,15.8878
115.92594254,-31.99675918,15.9011
115.92594440,-31.99676059,15.9144
115.92594625,-31.99676200,15.9278
115.92594810,-31.99676341,15.9411
115.92594996,-31.99676482,15.9544
115.92595181,-31.99676624,15.9677
</coordinates>
</LineString>
<LineString>
<tessellate>1</tessellate>
<coordinates>
115.92595644,-31.99676976,16.0010
115.92595737,-31.99677047,16.0077
115.92595922,-31.99677188,16.0210
115.92596107,-31.99677329,16.0343
</coordinates>
</LineString>
<LineString>
<tessellate>1</tessellate>
<coordinates>
115.92596935,-31.99677968,16.0876
115.92597027,-31.99678039,16.0934
115.92597211,-31.99678181,16.1050
115.92597395,-31.99678323,16.1167
115.92597579,-31.99678465,16.1283
115.92597763,-31.99678606,16.1400
115.92597947,-31.99678748,16.1516
</coordinates>
</LineString>
<LineString>
<tessellate>1</tessellate>
<coordinates>
115.92598958,-31.99679529,16.2157
115.92599050,-31.99679600,16.2215
115.92599234,-31.99679742,16.2331
115.92599418,-31.99679884,16.2448
</coordinates>
</LineString>
<LineString>
<tessellate>1</tessellate>
<coordinates>
115.92599877,-31.99680239,16.2739
</coordinates>
</LineString>
<LineString>
<tessellate>1</tessellate>
<coordinates>
115.92600245,-31.99680523,16.2972
115.92600337,-31.99680594,16.3030
115.92600521,-31.99680735,16.3147
115.92600705,-31.99680877,16.3263
</coordinates>
</LineString>
<LineString>
<tessellate>1</tessellate>
<coordinates>
115.92601073,-31.99681161,16.3496
115.92601256,-31.99681303,16.3612
115.92601440,-31.99681445,16.3729
115.92601624,-31.99681587,16.3845
115.92601808,-31.99681729,16.3962
115.92602004,-31.99681883,16.4077
115.92602213,-31.99682048,16.4192
</coordinates>
</LineString>
<LineString>
<tessellate>1</tessellate>
<coordinates>
115.92602422,-31.99682213,16.4306
115.92602630,-31.99682378,16.4420
115.92602839,-31.99682543,16.4535
115.92603048,-31.99682709,16.4649
115.92603257,-31.99682874,16.4763
115.92603465,-31.99683039,16.4878
115.92603674,-31.99683204,16.4992
115.92603883,-31.99683370,16.5106
115.92604091,-31.99683535,16.5221
115.92604300,-31.99683700,16.5335
115.92604509,-31.99683865,16.5449
115.92604717,-31.99684030,16.5564
115.92604926,-31.99684196,16.5678
115.92605135,-31.99684361,16.5792
115.92605343,-31.99684526,16.5907
115.92605552,-31.99684691,16.6021
115.92605761,-31.99684857,16.6135
115.92605970,-31.99685022,16.6250
115.92606178,-31.99685187,16.6364
115.92606387,-31.99685352,16.6478
115.92606596,-31.99685517,16.6593
</coordinates>
</LineString>
<LineString>
<tessellate>1</tessellate>
<coordinates>
115.92607017,-31.99685875,16.6052
115.92607096,-31.99685944,16.5902
</coordinates>
</LineString>
<LineString>
<tessellate>1</tessellate>
<coordinates>
115.92607492,-31.99686287,16.5154
115.92607571,-31.99686356,16.5005
</coordinates>
</LineString>
<LineString>
<tessellate>1</tessellate>
<coordinates>
115.92607967,-31.99686700,16.4257
115.92608046,-31.99686769,16.4107
</coordinates>
</LineString>
<LineString>
<tessellate>1</tessellate>
<coordinates>
115.92608442,-31.99687113,16.3359
115.92608521,-31.99687181,16.3210
115.92608679,-31.99687319,16.2910
115.92608838,-31.99687456,16.2611
115.92608996,-31.99687594,16.2312
115.92609154,-31.99687731,16.2013
115.92609313,-31.99687869,16.1714
</coordinates>
</LineString>
<LineString>
<tessellate>1</tessellate>
<coordinates>
115.92609471,-31.99688006,16.1415
115.92609629,-31.99688144,16.1115
115.92609788,-31.99688281,16.0816
115.92609946,-31.99688419,16.0517
115.92610104,-31.99688556,16.0218
115.92610263,-31.99688694,15.9919
115.92610421,-31.99688831,15.9620
115.92610606,-31.99688962,15.9276
</coordinates>
</LineString>
<LineString>
<tessellate>1</tessellate>
<coordinates>
115.92611135,-31.99689271,15.8305
115.92611241,-31.99689332,15.8111
115.92611453,-31.99689456,15.7723
115.92611665,-31.99689579,15.7335
115.92611876,-31.99689703,15.6946
115.92612088,-31.99689826,15.6558
</coordinates>
</LineString>
<LineString>
<tessellate>1</tessellate>
<coordinates>
115.92612618,-31.99690135,15.5588
115.92612724,-31.99690197,15.5394
115.92612935,-31.99690321,15.5005
115.92613147,-31.99690444,15.4617
115.92613359,-31.99690568,15.4229
115.92613571,-31.99690691,15.3841
115.92613782,-31.99690815,15.3452
115.92613994,-31.99690938,15.3064
115.92614189,-31.99691032,15.2769
115.92614368,-31.99691095,15.2566
115.92614547,-31.99691158,15.2363
115.92614726,-31.99691221,15.2161
</coordinates>
</LineString>
<LineString>
<tessellate>1</tessellate>
<coordinates>
115.92615174,-31.99691379,15.1654
115.92615263,-31.99691411,15.1553
115.92615442,-31.99691474,15.1350
115.92615621,-31.99691537,15.1148
115.92615800,-31.99691600,15.0945
115.92615979,-31.99691663,15.0742
</coordinates>
</LineString>
<LineString>
<tessellate>1</tessellate>
<coordinates>
115.92616426,-31.99691821,15.0236
115.92616516,-31.99691853,15.0134
115.92616695,-31.99691916,14.9932
</coordinates>
</LineString>
<LineString>
<tessellate>1</tessellate>
<coordinates>
115.92617142,-31.99692074,14.9425
115.92617232,-31.99692105,14.9324
115.92617411,-31.99692168,14.9121
115.92617655,-31.99692214,14.8765
115.92617964,-31.99692241,14.8254
115.92618273,-31.99692268,14.7743
115.92618582,-31.99692295,14.7232
115.92618891,-31.99692323,14.6721
</coordinates>
</LineString>
<LineString>
<tessellate>1</tessellate>
<coordinates>
115.92619664,-31.99692391,14.5444
</coordinates>
</LineString>
<LineString>
<tessellate>1</tessellate>
<coordinates>
115.92620282,-31.99692445,14.4422
</coordinates>
</LineString>
<LineString>
<tessellate>1</tessellate>
<coordinates>
115.92621115,-31.99692469,14.3197
115.92621223,-31.99692454,14.3095
115.92621438,-31.99692423,14.2892
115.92621654,-31.99692392,14.2689
</coordinates>
</LineString>
<LineString>
<tessellate>1</tessellate>
<coordinates>
115.92622192,-31.99692315,14.2182
115.92622300,-31.99692300,14.2080
115.92622515,-31.99692269,14.1877
115.92622731,-31.99692238,14.1674
115.92622946,-31.99692208,14.1471
</coordinates>
</LineString>
<LineString>
<tessellate>1</tessellate>
<coordinates>
115.92624069,-31.99691992,14.0569
</coordinates>
</LineString>
<LineString>
<tessellate>1</tessellate>
<coordinates>
115.92624623,-31.99691831,14.0283
115.92624715,-31.99691804,14.0235
115.92624900,-31.99691750,14.0140
115.92625085,-31.99691696,14.0045
</coordinates>
</LineString>
<LineString>
<tessellate>1</tessellate>
<coordinates>
115.92625269,-31.99691642,13.9949
</coordinates>
</LineString>
<LineString>
<tessellate>1</tessellate>
<coordinates>
115.92625731,-31.99691508,13.9711
115.92625823,-31.99691481,13.9663
</coordinates>
</LineString>
<LineString>
<tessellate>1</tessellate>
<coordinates>
115.92626400,-31.99691300,13.9379
115.92626550,-31.99691250,13.9308
</coordinates>
</LineString>
<LineString>
<tessellate>1</tessellate>
<coordinates>
115.92627300,-31.99691000,13.8955
</coordinates>
</LineString>
<LineString>
<tessellate>1</tessellate>
<coordinates>
115.92628200,-31.99690700,13.8531
115.92628350,-31.99690650,13.8461
</coordinates>
</LineString>
<LineString>
<tessellate>1</tessellate>
<coordinates>
115.92630000,-31.99690100,14.8021
115.92630150,-31.99690050,14.8984
</coordinates>
</LineString>
<LineString>
<tessellate>1</tessellate>
<coordinates>
115.92631130,-31.99689710,15.4853
</coordinates>
</LineString>
<LineString>
<tessellate>1</tessellate>
<coordinates>
115.92631820,-31.99689440,15.8012
115.92631935,-31.99689395,15.8539
115.92632165,-31.99689305,15.9592
115.92632395,-31.99689215,16.0645
115.92632625,-31.99689125,16.1698
115.92632855,-31.99689035,16.2751
115.92633085,-31.99688945,16.3804
</coordinates>
</LineString>
<LineString>
<tessellate>1</tessellate>
<coordinates>
115.92633292,-31.99688850,16.4636
115.92633475,-31.99688750,16.5249
115.92633658,-31.99688650,16.5861
</coordinates>
</LineString>
<LineString>
<tessellate>1</tessellate>
<coordinates>
115.92634208,-31.99688350,16.7699
115.92634392,-31.99688250,16.8311
115.92634575,-31.99688150,16.8924
</coordinates>
</LineString>
<LineString>
<tessellate>1</tessellate>
<coordinates>
115.92635033,-31.99687900,17.0455
115.92635125,-31.99687850,17.0761
115.92635308,-31.99687750,17.1374
115.92635519,-31.99687625,17.1989
115.92635756,-31.99687475,17.2608
115.92635994,-31.99687325,17.3227
115.92636231,-31.99687175,17.3846
115.92636469,-31.99687025,17.4464
115.92636706,-31.99686875,17.5083
115.92636944,-31.99686725,17.5702
</coordinates>
</LineString>
<LineString>
<tessellate>1</tessellate>
<coordinates>
115.92637533,-31.99686317,17.7218
115.92637650,-31.99686225,17.7513
115.92637883,-31.99686042,17.8101
</coordinates>
</LineString>
<LineString>
<tessellate>1</tessellate>
<coordinates>
115.92638467,-31.99685583,17.9572
115.92638583,-31.99685492,17.9866
</coordinates>
</LineString>
<LineString>
<tessellate>1</tessellate>
<coordinates>
115.92639329,-31.99684829,18.1760
</coordinates>
</LineString>
<LineString>
<tessellate>1</tessellate>
<coordinates>
115.92639643,-31.99684543,18.2560
</coordinates>
</LineString>
<LineString>
<tessellate>1</tessellate>
<coordinates>
115.92639971,-31.99684257,18.3289
</coordinates>
</LineString>
<LineString>
<tessellate>1</tessellate>
<coordinates>
115.92641000,-31.99683400,18.5260
</coordinates>
</LineString>
<LineString>
<tessellate>1</tessellate>
<coordinates>
115.92641086,-31.99682943,18.5726
</coordinates>
</LineString>
<LineString>
<tessellate>1</tessellate>
<coordinates>
115.92641171,-31.99682486,18.6191
</coordinates>
</LineString>
<LineString>
<tessellate>1</tessellate>
<coordinates>
115.92641257,-31.99682029,18.6657
115.92641279,-31.99681914,18.6774
</coordinates>
</LineString>
<LineString>
<tessellate>1</tessellate>
<coordinates>
115.92641487,-31.99681363,18.7278
</coordinates>
</LineString>
<LineString>
<tessellate>1</tessellate>
<coordinates>
115.92641750,-31.99680750,18.7820
115.92641788,-31.99680663,18.7897
115.92641863,-31.99680488,18.8053
115.92641964,-31.99680293,18.8159
</coordinates>
</LineString>
<LineString>
<tessellate>1</tessellate>
<coordinates>
115.92642671,-31.99679114,18.8481
</coordinates>
</LineString>
<LineString>
<tessellate>1</tessellate>
<coordinates>
115.92643371,-31.99677471,18.8633
115.92643429,-31.99677329,18.8642
115.92643543,-31.99677043,18.8661
115.92643669,-31.99676756,18.8767
</coordinates>
</LineString>
<LineString>
<tessellate>1</tessellate>
<coordinates>
115.92644013,-31.99676038,18.9251
115.92644081,-31.99675894,18.9348
115.92644219,-31.99675606,18.9542
115.92644356,-31.99675319,18.9736
115.92644494,-31.99675031,18.9929
115.92644631,-31.99674744,19.0123
115.92644744,-31.99674513,19.0258
115.92644831,-31.99674338,19.0335
115.92644919,-31.99674163,19.0412
115.92645006,-31.99673988,19.0489
115.92645094,-31.99673813,19.0566
115.92645181,-31.99673637,19.0643
115.92645269,-31.99673463,19.0720
115.92645356,-31.99673288,19.0797
115.92645444,-31.99673113,19.0873
115.92645531,-31.99672938,19.0950
</coordinates>
</LineString>
<LineString>
<tessellate>1</tessellate>
<coordinates>
115.92645750,-31.99672500,19.1142
115.92645794,-31.99672413,19.1181
115.92645881,-31.99672238,19.1258
115.92645969,-31.99672063,19.1335
115.92646056,-31.99671888,19.1412
115.92646169,-31.99671685,19.1478
115.92646308,-31.99671454,19.1535
115.92646446,-31.99671223,19.1592
115.92646585,-31.99670992,19.1649
115.92646723,-31.99670762,19.1706
115.92646862,-31.99670531,19.1763
115.92647000,-31.99670300,19.1820
</coordinates>
</LineString>
<LineString>
<tessellate>1</tessellate>
<coordinates>
115.92647346,-31.99669723,19.1962
115.92647415,-31.99669608,19.1991
115.92647554,-31.99669377,19.2048
115.92647692,-31.99669146,19.2105
115.92647831,-31.99668915,19.2162
115.92648011,-31.99668707,19.2166
115.92648232,-31.99668521,19.2118
115.92648454,-31.99668336,19.2070
115.92648675,-31.99668150,19.2022
115.92648896,-31.99667964,19.1975
115.92649118,-31.99667779,19.1927
115.92649339,-31.99667593,19.1879
</coordinates>
</LineString>
<LineString>
<tessellate>1</tessellate>
<coordinates>
115.92650114,-31.99666943,19.1711
</coordinates>
</LineString>
<LineString>
<tessellate>1</tessellate>
<coordinates>
115.92650557,-31.99666571,19.1616
115.92650668,-31.99666479,19.1592
</coordinates>
</LineString>
<LineString>
<tessellate>1</tessellate>
<coordinates>
115.92651278,-31.99665878,19.1759
</coordinates>
</LineString>
<LineString>
<tessellate>1</tessellate>
<coordinates>
115.92651556,-31.99665556,19.1998
115.92651625,-31.99665475,19.2058
115.92651764,-31.99665314,19.2177
115.92651903,-31.99665153,19.2296
</coordinates>
</LineString>
<LineString>
<tessellate>1</tessellate>
<coordinates>
115.92652250,-31.99664750,19.2595
115.92652319,-31.99664669,19.2655
115.92652458,-31.99664508,19.2774
</coordinates>
</LineString>
<LineString>
<tessellate>1</tessellate>
<coordinates>
115.92652806,-31.99664106,19.3073
</coordinates>
</LineString>
<LineString>
<tessellate>1</tessellate>
<coordinates>
115.92653083,-31.99663783,19.3312
</coordinates>
</LineString>
<LineString>
<tessellate>1</tessellate>
<coordinates>
115.92653361,-31.99663461,19.3551
115.92653431,-31.99663381,19.3610
115.92653635,-31.99663212,19.3632
</coordinates>
</LineString>
<LineString>
<tessellate>1</tessellate>
<coordinates>
115.92654308,-31.99662769,19.3444
115.92654442,-31.99662681,19.3406
115.92654712,-31.99662504,19.3331
115.92654981,-31.99662327,19.3255
115.92655250,-31.99662150,19.3180
</coordinates>
</LineString>
<LineString>
<tessellate>1</tessellate>
<coordinates>
115.92655923,-31.99661708,19.2992
</coordinates>
</LineString>
<LineString>
<tessellate>1</tessellate>
<coordinates>
115.92656462,-31.99661354,19.2841
115.92656596,-31.99661265,19.2803
115.92656865,-31.99661088,19.2728
115.92657086,-31.99660933,19.2737
115.92657258,-31.99660800,19.2830
115.92657431,-31.99660667,19.2923
115.92657603,-31.99660533,19.3017
115.92657775,-31.99660400,19.3110
115.92657947,-31.99660267,19.3203
115.92658119,-31.99660133,19.3297
115.92658292,-31.99660000,19.3390
115.92658464,-31.99659867,19.3483
115.92658636,-31.99659733,19.3577
115.92658808,-31.99659600,19.3670
115.92658981,-31.99659467,19.3763
115.92659153,-31.99659333,19.3857
115.92659325,-31.99659200,19.3950
115.92659497,-31.99659067,19.4043
115.92659669,-31.99658933,19.4137
115.92659842,-31.99658800,19.4230
115.92660014,-31.99658667,19.4323
</coordinates>
</LineString>
<LineString>
<tessellate>1</tessellate>
<coordinates>
115.92660513,-31.99658267,19.4258
115.92660617,-31.99658183,19.4230
115.92660823,-31.99658017,19.4174
115.92661030,-31.99657850,19.4118
115.92661237,-31.99657683,19.4062
115.92661443,-31.99657517,19.4006
115.92661650,-31.99657350,19.3950
115.92661857,-31.99657183,19.3894
115.92662063,-31.99657017,19.3838
</coordinates>
</LineString>
<LineString>
<tessellate>1</tessellate>
<coordinates>
115.92662580,-31.99656600,19.3698
115.92662683,-31.99656517,19.3670
</coordinates>
</LineString>
<LineString>
<tessellate>1</tessellate>
<coordinates>
115.92663400,-31.99655933,19.3516
115.92663500,-31.99655850,19.3509
</coordinates>
</LineString>
<LineString>
<tessellate>1</tessellate>
<coordinates>
115.92664000,-31.99655433,19.3474
115.92664100,-31.99655350,19.3467
115.92664300,-31.99655183,19.3453
115.92664500,-31.99655017,19.3439
115.92664700,-31.99654850,19.3425
115.92664900,-31.99654683,19.3411
115.92665100,-31.99654517,19.3397
115.92665300,-31.99654350,19.3383
</coordinates>
</LineString>
<LineString>
<tessellate>1</tessellate>
<coordinates>
115.92666000,-31.99653767,19.3334
115.92666100,-31.99653683,19.3327
115.92666275,-31.99653528,19.3399
115.92666425,-31.99653383,19.3558
115.92666575,-31.99653239,19.3716
</coordinates>
</LineString>
<LineString>
<tessellate>1</tessellate>
<coordinates>
115.92667100,-31.99652733,19.4270
</coordinates>
</LineString>
<LineString>
<tessellate>1</tessellate>
<coordinates>
115.92667850,-31.99652011,19.5062
115.92667925,-31.99651939,19.5141
115.92668075,-31.99651794,19.5299
115.92668225,-31.99651650,19.5458
115.92668375,-31.99651506,19.5616
115.92668525,-31.99651361,19.5774
115.92668675,-31.99651217,19.5933
115.92668825,-31.99651072,19.6091
115.92669000,-31.99650892,19.6162
115.92669200,-31.99650677,19.6146
115.92669400,-31.99650462,19.6130
115.92669600,-31.99650246,19.6113
</coordinates>
</LineString>
<LineString>
<tessellate>1</tessellate>
<coordinates>
115.92670100,-31.99649708,19.6073
115.92670200,-31.99649600,19.6065
</coordinates>
</LineString>
<LineString>
<tessellate>1</tessellate>
<coordinates>
115.92670700,-31.99649062,19.6025
115.92670800,-31.99648954,19.6017
115.92671000,-31.99648738,19.6000
115.92671200,-31.99648523,19.5984
115.92671400,-31.99648308,19.5968
115.92671564,-31.99648117,19.5960
115.92671692,-31.99647950,19.5959
115.92671819,-31.99647783,19.5959
</coordinates>
</LineString>
<LineString>
<tessellate>1</tessellate>
<coordinates>
115.92672394,-31.99647033,19.5956
</coordinates>
</LineString>
<LineString>
<tessellate>1</tessellate>
<coordinates>
115.92672650,-31.99646700,19.5955
115.92672714,-31.99646617,19.5955
115.92672842,-31.99646450,19.5954
115.92672969,-31.99646283,19.5954
115.92673097,-31.99646117,19.5953
115.92673225,-31.99645950,19.5953
115.92673353,-31.99645783,19.5952
</coordinates>
</LineString>
<LineString>
<tessellate>1</tessellate>
<coordinates>
115.92673672,-31.99645367,19.5951
</coordinates>
</LineString>
<LineString>
<tessellate>1</tessellate>
<coordinates>
115.92673920,-31.99644993,19.5964
</coordinates>
</LineString>
<LineString>
<tessellate>1</tessellate>
<coordinates>
115.92674160,-31.99644580,19.5992
</coordinates>
</LineString>
<LineString>
<tessellate>1</tessellate>
<coordinates>
115.92674400,-31.99644167,19.6020
115.92674460,-31.99644063,19.6027
</coordinates>
</LineString>
<LineString>
<tessellate>1</tessellate>
<coordinates>
115.92674880,-31.99643340,19.6076
115.92674940,-31.99643237,19.6083
</coordinates>
</LineString>
<LineString>
<tessellate>1</tessellate>
<coordinates>
115.92675240,-31.99642720,19.6118
</coordinates>
</LineString>
<LineString>
<tessellate>1</tessellate>
<coordinates>
115.92675600,-31.99642100,19.6160
115.92675635,-31.99641977,19.6150
115.92675704,-31.99641731,19.6130
115.92675773,-31.99641485,19.6110
115.92675842,-31.99641238,19.6090
</coordinates>
</LineString>
<LineString>
<tessellate>1</tessellate>
<coordinates>
115.92675912,-31.99640992,19.6070
115.92675981,-31.99640746,19.6050
</coordinates>
</LineString>
<LineString>
<tessellate>1</tessellate>
<coordinates>
115.92676154,-31.99640131,19.6000
115.92676188,-31.99640008,19.5990
115.92676258,-31.99639762,19.5970
115.92676327,-31.99639515,19.5950
115.92676396,-31.99639269,19.5930
115.92676465,-31.99639023,19.5910
115.92676500,-31.99638813,19.5963
115.92676500,-31.99638639,19.6089
115.92676500,-31.99638466,19.6216
115.92676500,-31.99638292,19.6342
115.92676500,-31.99638118,19.6468
115.92676500,-31.99637945,19.6595
115.92676500,-31.99637771,19.6721
</coordinates>
</LineString>
<LineString>
<tessellate>1</tessellate>
<coordinates>
115.92676500,-31.99637337,19.7037
115.92676500,-31.99637250,19.7100
115.92676500,-31.99637076,19.7226
</coordinates>
</LineString>
<LineString>
<tessellate>1</tessellate>
<coordinates>
115.92676500,-31.99636468,19.7668
115.92676500,-31.99636382,19.7732
115.92676500,-31.99636208,19.7858
115.92676500,-31.99636034,19.7984
115.92676500,-31.99635861,19.8111
115.92676500,-31.99635687,19.8237
115.92676475,-31.99635446,19.8080
115.92676425,-31.99635138,19.7640
</coordinates>
</LineString>
<LineString>
<tessellate>1</tessellate>
<coordinates>
115.92676375,-31.99634829,19.7200
115.92676325,-31.99634521,19.6760
</coordinates>
</LineString>
<LineString>
<tessellate>1</tessellate>
<coordinates>
115.92676200,-31.99633750,19.5660
115.92676175,-31.99633596,19.5440
115.92676125,-31.99633288,19.5000
115.92676075,-31.99632979,19.4560
</coordinates>
</LineString>
<LineString>
<tessellate>1</tessellate>
<coordinates>
115.92675950,-31.99632208,19.3460
</coordinates>
</LineString>
<LineString>
<tessellate>1</tessellate>
<coordinates>
115.92675793,-31.99631680,19.2781
115.92675740,-31.99631570,19.2661
115.92675633,-31.99631350,19.2422
115.92675527,-31.99631130,19.2182
115.92675420,-31.99630910,19.1943
</coordinates>
</LineString>
<LineString>
<tessellate>1</tessellate>
<coordinates>
115.92675153,-31.99630360,19.1345
115.92675100,-31.99630250,19.1225
115.92674993,-31.99630030,19.0986
115.92674887,-31.99629810,19.0746
115.92674780,-31.99629590,19.0507
115.92674673,-31.99629370,19.0268
115.92674567,-31.99629150,19.0028
115.92674460,-31.99628930,18.9789
115.92674353,-31.99628710,18.9550
</coordinates>
</LineString>
<LineString>
<tessellate>1</tessellate>
<coordinates>
115.92674041,-31.99628247,18.9122
115.92673976,-31.99628159,18.9045
115.92673847,-31.99627982,18.8891
115.92673718,-31.99627806,18.8736
115.92673588,-31.99627629,18.8582
115.92673459,-31.99627453,18.8428
115.92673329,-31.99627276,18.8274
</coordinates>
</LineString>
<LineString>
<tessellate>1</tessellate>
<coordinates>
115.92673006,-31.99626835,18.7889
115.92672941,-31.99626747,18.7812
115.92672812,-31.99626571,18.7658
115.92672682,-31.99626394,18.7504
115.92672553,-31.99626218,18.7349
115.92672424,-31.99626041,18.7195
115.92672294,-31.99625865,18.7041
</coordinates>
</LineString>
<LineString>
<tessellate>1</tessellate>
<coordinates>
115.92671300,-31.99624769,18.6121
115.92671200,-31.99624665,18.6035
115.92671000,-31.99624458,18.5862
115.92670800,-31.99624250,18.5690
115.92670600,-31.99624042,18.5518
115.92670400,-31.99623835,18.5345
</coordinates>
</LineString>
<LineString>
<tessellate>1</tessellate>
<coordinates>
115.92669900,-31.99623315,18.4915
</coordinates>
</LineString>
<LineString>
<tessellate>1</tessellate>
<coordinates>
115.92669500,-31.99622900,18.4570
115.92669418,-31.99622832,18.4519
</coordinates>
</LineString>
<LineString>
<tessellate>1</tessellate>
<coordinates>
115.92668841,-31.99622359,18.4158
115.92668759,-31.99622291,18.4107
115.92668594,-31.99622156,18.4004
115.92668429,-31.99622021,18.3901
115.92668265,-31.99621885,18.3798
115.92668100,-31.99621750,18.3695
115.92667935,-31.99621615,18.3592
115.92667771,-31.99621479,18.3489
</coordinates>
</LineString>
<LineString>
<tessellate>1</tessellate>
<coordinates>
115.92667194,-31.99621006,18.3129
115.92667112,-31.99620938,18.3077
115.92666947,-31.99620803,18.2974
115.92666782,-31.99620668,18.2871
115.92666593,-31.99620543,18.3000
</coordinates>
</LineString>
<LineString>
<tessellate>1</tessellate>
<coordinates>
115.92663358,-31.99618833,18.8361
115.92663075,-31.99618700,18.8642
</coordinates>
</LineString>
<LineString>
<tessellate>1</tessellate>
<coordinates>
115.92662792,-31.99618567,18.8924
115.92662508,-31.99618433,18.9206
</coordinates>
</LineString>
<LineString>
<tessellate>1</tessellate>
<coordinates>
115.92661658,-31.99618033,19.0051
115.92661375,-31.99617900,19.0333
</coordinates>
</LineString>
<LineString>
<tessellate>1</tessellate>
<coordinates>
115.92656794,-31.99616072,19.3678
</coordinates>
</LineString>
<LineString>
<tessellate>1</tessellate>
<coordinates>
115.92655492,-31.99615785,19.3345
115.92655354,-31.99615758,19.3288
115.92655077,-31.99615704,19.3174
115.92654800,-31.99615650,19.3060
115.92654523,-31.99615596,19.2946
115.92654246,-31.99615542,19.2832
115.92653969,-31.99615488,19.2718
115.92653692,-31.99615435,19.2605
115.92653415,-31.99615381,19.2491
115.92653138,-31.99615327,19.2377
115.92652861,-31.99615296,19.2325
115.92652582,-31.99615289,19.2336
115.92652304,-31.99615282,19.2347
115.92652025,-31.99615275,19.2357
</coordinates>
</LineString>
<LineString>
<tessellate>1</tessellate>
<coordinates>
115.92650771,-31.99615243,19.2406
115.92650632,-31.99615239,19.2411
115.92650354,-31.99615232,19.2422
</coordinates>
</LineString>
<LineString>
<tessellate>1</tessellate>
<coordinates>
115.92646276,-31.99615694,18.3795
115.92646159,-31.99615715,18.3433
115.92645924,-31.99615756,18.2710
115.92645688,-31.99615797,18.1987
115.92645453,-31.99615838,18.1264
115.92645218,-31.99615879,18.0541
115.92644958,-31.99615950,18.0140
115.92644673,-31.99616050,18.0060
115.92644388,-31.99616150,17.9980
115.92644104,-31.99616250,17.9900
115.92643819,-31.99616350,17.9820
115.92643535,-31.99616450,17.9740
115.92643250,-31.99616550,17.9660
115.92642965,-31.99616650,17.9580
115.92642681,-31.99616750,17.9500
</coordinates>
</LineString>
<LineString>
<tessellate>1</tessellate>
<coordinates>
115.92638661,-31.99618650,18.3119
</coordinates>
</LineString>
<LineString>
<tessellate>1</tessellate>
<coordinates>
115.92638189,-31.99618900,18.3806
115.92638094,-31.99618950,18.3943
115.92637894,-31.99619066,18.4138
115.92637681,-31.99619197,18.4252
115.92637469,-31.99619328,18.4368
115.92637256,-31.99619459,18.4483
115.92637044,-31.99619591,18.4598
</coordinates>
</LineString>
<LineString>
<tessellate>1</tessellate>
<coordinates>
115.92627138,-31.99626900,17.2472
115.92627031,-31.99627000,17.2364
115.92626815,-31.99627200,17.2150
115.92626600,-31.99627400,17.1935
115.92626385,-31.99627600,17.1720
115.92626169,-31.99627800,17.1506
115.92625954,-31.99628000,17.1291
115.92625738,-31.99628200,17.1077
115.92625523,-31.99628400,17.0862
115.92625308,-31.99628600,17.0647
</coordinates>
</LineString>
<LineString>
<tessellate>1</tessellate>
<coordinates>
115.92624659,-31.99629288,16.9829
115.92624591,-31.99629362,16.9741
115.92624456,-31.99629509,16.9563
115.92624321,-31.99629656,16.9385
</coordinates>
</LineString>
<LineString>
<tessellate>1</tessellate>
<coordinates>
115.92624050,-31.99629950,16.9030
115.92623915,-31.99630097,16.8852
</coordinates>
</LineString>
<LineString>
<tessellate>1</tessellate>
<coordinates>
115.92623238,-31.99630832,16.7964
115.92623103,-31.99630979,16.7786
115.92622968,-31.99631126,16.7609
115.92622812,-31.99631285,16.7445
115.92622635,-31.99631454,16.7295
</coordinates>
</LineString>
<LineString>
<tessellate>1</tessellate>
<coordinates>
115.92622015,-31.99632046,16.6770
115.92621927,-31.99632131,16.6695
115.92621750,-31.99632300,16.6545
115.92621573,-31.99632469,16.6395
</coordinates>
</LineString>
<LineString>
<tessellate>1</tessellate>
<coordinates>
115.92621396,-31.99632638,16.6245
115.92621219,-31.99632808,16.6095
</coordinates>
</LineString>
<LineString>
<tessellate>1</tessellate>
<coordinates>
115.92619800,-31.99634164,16.5606
115.92619700,-31.99634259,16.5611
115.92619500,-31.99634450,16.5620
</coordinates>
</LineString>
<LineString>
<tessellate>1</tessellate>
<coordinates>
115.92619000,-31.99634927,16.5643
115.92618900,-31.99635023,16.5647
</coordinates>
</LineString>
<LineString>
<tessellate>1</tessellate>
<coordinates>
115.92618025,-31.99635857,16.5838
115.92617875,-31.99636000,16.5905
</coordinates>
</LineString>
<LineString>
<tessellate>1</tessellate>
<coordinates>
115.92617725,-31.99636143,16.5972
115.92617575,-31.99636286,16.6039
</coordinates>
</LineString>
<LineString>
<tessellate>1</tessellate>
<coordinates>
115.92617425,-31.99636429,16.6106
115.92617275,-31.99636571,16.6174
115.92617125,-31.99636714,16.6241
115.92616975,-31.99636857,16.6308
</coordinates>
</LineString>
<LineString>
<tessellate>1</tessellate>
<coordinates>
115.92615967,-31.99637800,16.6807
115.92615883,-31.99637875,16.6856
115.92615717,-31.99638025,16.6954
</coordinates>
</LineString>
<LineString>
<tessellate>1</tessellate>
<coordinates>
115.92614467,-31.99639150,16.7692
115.92614383,-31.99639225,16.7741
</coordinates>
</LineString>
<LineString>
<tessellate>1</tessellate>
<coordinates>
115.92612725,-31.99640700,16.8201
115.92612613,-31.99640800,16.8231
</coordinates>
</LineString>
<LineString>
<tessellate>1</tessellate>
<coordinates>
115.92611281,-31.99641794,16.7732
115.92611094,-31.99641931,16.7651
</coordinates>
</LineString>
</MultiGeometry>
</Placemark>
<Placemark>
<name>0.05 - 0.08 m</name>
<Style>
<LineStyle>
<color>ff00ffff</color>
<width>5</width>
</LineStyle>
</Style>
<MultiGeometry>
<LineString>
<tessellate>1</tessellate>
<coordinates>
115.92656234,-31.99723075,17.2135
115.92656439,-31.99723225,17.2185
</coordinates>
</LineString>
<LineString>
<tessellate>1</tessellate>
<coordinates>
115.92657363,-31.99723900,17.2410
</coordinates>
</LineString>
<LineString>
<tessellate>1</tessellate>
<coordinates>
115.92658389,-31.99724650,17.2660
</coordinates>
</LineString>
<LineString>
<tessellate>1</tessellate>
<coordinates>
115.92659005,-31.99725100,17.2810
</coordinates>
</LineString>
<LineString>
<tessellate>1</tessellate>
<coordinates>
115.92659621,-31.99725550,17.2960
</coordinates>
</LineString>
<LineString>
<tessellate>1</tessellate>
<coordinates>
115.92660237,-31.99726000,17.3110
</coordinates>
</LineString>
<LineString>
<tessellate>1</tessellate>
<coordinates>
115.92661263,-31.99726750,17.3360
</coordinates>
</LineString>
<LineString>
<tessellate>1</tessellate>
<coordinates>
115.92662495,-31.99727650,17.3660
115.92662597,-31.99727725,17.3685
</coordinates>
</LineString>
<LineString>
<tessellate>1</tessellate>
<coordinates>
115.92662989,-31.99728036,17.3969
115.92663181,-31.99728194,17.4142
</coordinates>
</LineString>
<LineString>
<tessellate>1</tessellate>
<coordinates>
115.92736861,-31.99785572,18.6205
115.92736963,-31.99785651,18.6179
</coordinates>
</LineString>
<LineString>
<tessellate>1</tessellate>
<coordinates>
115.92740316,-31.99788241,18.4628
115.92740417,-31.99788318,18.4559
</coordinates>
</LineString>
<LineString>
<tessellate>1</tessellate>
<coordinates>
115.92769972,-31.99811161,17.2396
115.92770071,-31.99811238,17.2395
</coordinates>
</LineString>
<LineString>
<tessellate>1</tessellate>
<coordinates>
115.92772345,-31.99813017,17.2369
</coordinates>
</LineString>
<LineString>
<tessellate>1</tessellate>
<coordinates>
115.93253708,-32.00193842,11.5856
115.93253503,-32.00193681,11.5785
</coordinates>
</LineString>
<LineString>
<tessellate>1</tessellate>
<coordinates>
115.93250593,-32.00191397,11.5583
115.93250386,-32.00191234,11.5571
</coordinates>
</LineString>
<LineString>
<tessellate>1</tessellate>
<coordinates>
115.92625085,-31.99691696,14.0045
115.92625269,-31.99691642,13.9949
</coordinates>
</LineString>
<LineString>
<tessellate>1</tessellate>
<coordinates>
115.92633085,-31.99688945,16.3804
115.92633292,-31.99688850,16.4636
</coordinates>
</LineString>
<LineString>
<tessellate>1</tessellate>
<coordinates>
115.92633658,-31.99688650,16.5861
</coordinates>
</LineString>
<LineString>
<tessellate>1</tessellate>
<coordinates>
115.92634117,-31.99688400,16.7392
115.92634208,-31.99688350,16.7699
</coordinates>
</LineString>
<LineString>
<tessellate>1</tessellate>
<coordinates>
115.92675842,-31.99641238,19.6090
115.92675912,-31.99640992,19.6070
</coordinates>
</LineString>
<LineString>
<tessellate>1</tessellate>
<coordinates>
115.92676425,-31.99635138,19.7640
115.92676375,-31.99634829,19.7200
</coordinates>
</LineString>
</MultiGeometry>
</Placemark>
<Placemark>
<name>0.08 - 0.10 m</name>
<Style>
<LineStyle>
<color>ff00ff00</color>
<width>5</width>
</LineStyle>
</Style>
<MultiGeometry>
</MultiGeometry>
</Placemark>
<Placemark>
<name> Greater than 0.10 m</name>
<Style>
<LineStyle>
<color>ffff0000</color>
<width>5</width>
</LineStyle>
</Style>
<MultiGeometry>
<LineString>
<tessellate>1</tessellate>
<coordinates>
115.92631653,-31.99623093,17.9663
</coordinates>
</LineString>
<LineString>
<tessellate>1</tessellate>
<coordinates>
115.92631200,-31.99623400,17.8700
</coordinates>
</LineString>
<LineString>
<tessellate>1</tessellate>
<coordinates>
115.92630526,-31.99623968,17.7569
</coordinates>
</LineString>
<LineString>
<tessellate>1</tessellate>
<coordinates>
115.92630189,-31.99624253,17.7004
</coordinates>
</LineString>
</MultiGeometry>
</Placemark>
</Document>
</kml>
