IGPR              : 500 MHz

Sektion         Subbase  Accuracy  Culvert  Accuracy  Terrace  Accuracy  Culvert  Accuracy  Terrace  Accuracy
 148365          0.0000       0     0.0000       0     0.7144     102     0.0000       0     0.0000       0
 148370          0.0000       0     0.0000       0     0.6993       2     0.0000       0     0.0000       0
 148375          0.0000       0     0.0000       0     0.6392       2     0.0000       0     0.0000       0
 148380          0.0000       0     0.0000       0     0.7595       2     0.0000       0     0.0000       0
 148385          0.0000       0     0.0000       0     0.7896       2     0.0000       0     0.0000       0
 148390          0.0000       0     0.0000       0     0.7294       2     0.0000       0     0.0000       0
 148395          0.0000       0     0.0000       0     0.7444       2     0.0000       0     0.0000       0
 148400          0.0000       0     0.0000       0     0.7444       2     0.0000       0     0.0000       0
 148405          0.0000       0     0.0000       0     0.7745       2     0.0000       0     0.0000       0
 148410          0.0000       0     0.0000       0     0.7144       2     0.0000       0     0.0000       0
 148415          0.0000       0     0.0000       0     0.8347       2     0.0000       0     0.0000       0
 148420          0.0000       0     0.0000       0     0.7144       2     0.0000       0     0.0000       0
 148425          0.0000       0     0.0000       0     0.5940       2     0.0000       0     0.0000       0
 148430          0.0000       0     0.0000       0     0.4286       2     0.0000       0     0.0000       0
 148435          0.0000       0     0.0000       0     0.6692       2     0.0000       0     0.0000       0
 148440          0.0000       0     0.0000       0     0.7144       2     0.0000       0     0.0000       0
 148445          0.0000       0     0.0000       0     0.7444       2     0.0000       0     0.0000       0
 148450          0.0000       0     0.0000       0     0.7294       2     0.0000       0     0.0000       0
 148455          0.0000       0     0.0000       0     0.7444       2     0.0000       0     0.0000       0
 148460          0.0000       0     0.0000       0     0.8648       2     0.0000       0     0.0000       0
 148465          0.0000       0     0.0000       0     0.8948       2     0.0000       0     0.0000       0
 148470          0.0000       0     0.0000       0     0.8046       2     0.0000       0     0.0000       0
 148475          0.0000       0     0.0000       0     0.6993       2     0.0000       0     0.0000       0
 148480          0.0000       0     0.0000       0     0.6542       2     0.0000       0     0.0000       0
 148485          0.0000       0     0.0000       0     0.5790       3     0.0000       0     0.0000       0
 148490          0.0000       0     0.0000       0     0.7294       3     0.0000       0     0.0000       0
 148495          0.0000       0     0.0000       0     0.7896       3     0.0000       0     0.0000       0
 148500          0.0000       0     0.0000       0     0.7595       3     0.0000       0     0.0000       0
 148505          0.0000       0     0.0000       0     0.8196       3     0.0000       0     0.0000       0
 148510          0.0000       0     0.0000       0     0.8046       3     0.0000       0     0.0000       0
 148515          0.0000       0     0.0000       0     0.8948       3     0.0000       0     0.0000       0
 148520          0.0000       0     0.0000       0     0.8798       3     0.0000       0     0.0000       0
 148525          0.0000       0     0.0000       0     0.7595       3     0.0000       0     0.0000       0
 148530          0.0000       0     0.0000       0     0.7896       3     0.0000       0     0.0000       0
 148535          0.0000       0     0.0000       0     0.8648       3     0.0000       0     0.0000       0
 148540          0.0000       0     0.0000       0     0.8046       3     0.0000       0     0.0000       0
 148545          0.0000       0     0.0000       0     0.7745       3     0.0000       0     0.0000       0
 148550          0.0000       0     0.0000       0     0.8046       3     0.0000       0     0.0000       0
 148555          0.0000       0     0.0000       0     0.7745       3     0.0000       0     0.0000       0
 148560          0.0000       0     0.0000       0     0.8196       3     0.0000       0     0.0000       0
 148565          0.0000       0     0.0000       0     0.7745       3     0.0000       0     0.0000       0
 148570          0.0000       0     0.0000       0     0.7896       3     0.0000       0     0.0000       0
 148575          0.0000       0     0.0000       0     0.8196       3     0.0000       0     0.0000       0
 148580          0.0000       0     0.0000       0     0.7745       3     0.0000       0     0.0000       0
 148585          0.0000       0     0.0000       0     0.7294       3     0.0000       0     0.0000       0
 148590          0.0000       0     0.0000       0     0.6843       3     0.0000       0     0.0000       0
 148595          0.0000       0     0.0000       0     0.6993       3     0.0000       0     0.0000       0
 148600          0.0000       0     0.0000       0     0.7745       3     0.0000       0     0.0000       0
 148605          0.0000       0     0.0000       0     0.8948       3     0.0000       0     0.0000       0
 148610          0.0000       0     0.0000       0     0.7896       3     0.0000       0     0.0000       0
 148615          0.0000       0     0.0000       0     0.6692       3     0.0000       0     0.0000       0
 148620          0.0000       0     0.0000       0     0.6993       3     0.0000       0     0.0000       0
 148625          0.0000       0     0.0000       0     0.7595       3     0.0000       0     0.0000       0
 148630          0.0000       0     0.0000       0     0.7595       3     0.0000       0     0.0000       0
 148635          0.0000       0     0.0000       0     0.7896       3     0.0000       0     0.0000       0
 148640          0.0000       0     0.0000       0     0.9099       3     0.0000       0     0.0000       0
 148645          0.0000       0     0.0000       0     0.7896       3     0.0000       0     0.0000       0
 148650          0.0000       0     0.0000       0     0.7595       3     0.0000       0     0.0000       0
 148655          0.0000       0     0.0000       0     0.7745       3     0.0000       0     0.0000       0
 148660          0.0000       0     0.0000       0     0.7896       3     0.0000       0     0.0000       0
 148665          0.0000       0     0.0000       0     0.8046       3     0.0000       0     0.0000       0
 148670          0.0000       0     0.0000       0     0.8196       3     0.0000       0     0.0000       0
 148675          0.0000       0     0.0000       0     0.7444       3     0.0000       0     0.0000       0
 148680          0.0000       0     0.0000       0     0.7595       3     0.0000       0     0.0000       0
 148685          0.0000       0     0.0000       0     0.6241       3     0.0000       0     0.0000       0
 148690          0.0000       0     0.0000       0     0.5489       3     0.0000       0     0.0000       0
 148695          0.0000       0     0.0000       0     0.5489       3     0.0000       0     0.0000       0
 148700          0.0000       0     0.0000       0     0.6542       3     0.0000       0     0.0000       0
 148705          0.0000       0     0.0000       0     0.6542       3     0.0000       0     0.0000       0
 148710          0.0000       0     0.0000       0     0.4136       3     0.0000       0     0.0000       0
 148715          0.0000       0     0.0000       0     0.4286       3     0.0000       0     0.0000       0
 148720          0.0000       0     0.0000       0     0.5038       3     0.0000       0     0.0000       0
 148725          0.0000       0     0.0000       0     0.5339       3     0.0000       0     0.0000       0
 148730          0.0000       0     0.0000       0     0.5790       3     0.0000       0     0.0000       0
 148735          0.0000       0     0.0000       0     0.6843       3     0.0000       0     0.0000       0
 148740          0.0000       0     0.0000       0     1.0452       3     0.0000       0     0.0000       0
 148745          0.0000       0     0.0000       0     1.0452       3     0.0000       0     0.0000       0
 148750          0.0000       0     0.0000       0     0.7745       3     0.0000       0     0.0000       0
 148755          0.0000       0     0.0000       0     0.8497       3     0.0000       0     0.0000       0
 148760          0.0000       0     0.0000       0     0.7595       3     0.0000       0     0.0000       0
 148765          0.0000       0     0.0000       0     0.8497       3     0.0000       0     0.0000       0
 148770          0.0000       0     0.0000       0     0.9249       3     0.0000       0     0.0000       0
 148775          0.0000       0     0.0000       0     0.8648       2     0.0000       0     0.0000       0
 148780          0.0000       0     0.0000       0     0.7444       2     0.0000       0     0.0000       0
 148785          0.0000       0     0.0000       0     0.7144       2     0.0000       0     0.0000       0
 148790          0.0000       0     0.0000       0     0.7144       2     0.0000       0     0.0000       0
 148795          0.0000       0     0.0000       0     0.7294       2     0.0000       0     0.0000       0
 148800          0.0000       0     0.0000       0     0.7444       2     0.0000       0     0.0000       0
 148805          0.0000       0     0.0000       0     0.7294       2     0.0000       0     0.0000       0
 148810          0.0000       0     0.0000       0     0.6843       2     0.0000       0     0.0000       0
 148815          0.0000       0     0.0000       0     0.6692       2     0.0000       0     0.0000       0
 148820          0.0000       0     0.0000       0     0.6392       2     0.0000       0     0.0000       0
 148825          0.0000       0     0.0000       0     0.6542       2     0.0000       0     0.0000       0
 148830          0.0000       0     0.0000       0     0.6692       2     0.0000       0     0.0000       0
 148835          0.0000       0     0.0000       0     0.6993       2     0.0000       0     0.0000       0
 148840          0.0000       0     0.0000       0     0.6392       2     0.0000       0     0.0000       0
 148845          0.0000       0     0.0000       0     0.6692       2     0.0000       0     0.0000       0
 148850          0.0000       0     0.0000       0     0.6241       2     0.0000       0     0.0000       0
 148855          0.0000       0     0.0000       0     0.5940       2     0.0000       0     0.0000       0
 148860          0.0000       0     0.0000       0     0.6692       2     0.0000       0     0.0000       0
 148865          0.0000       0     0.0000       0     0.6542       2     0.0000       0     0.0000       0
 148870          0.0000       0     0.0000       0     0.7144       2     0.0000       0     0.0000       0
 148875          0.0000       0     0.0000       0     0.7444       2     0.0000       0     0.0000       0
 148880          0.0000       0     0.0000       0     0.7595       2     0.0000       0     0.0000       0
 148885          0.0000       0     0.0000       0     0.7294     202     0.0000       0     0.0000       0
 148905          0.0000       0     0.0000       0     0.7595     103     0.0000       0     0.0000       0
 148910          0.0000       0     0.0000       0     0.6692       3     0.0000       0     0.0000       0
 148915          0.0000       0     0.0000       0     0.7896       3     0.0000       0     0.0000       0
 148920          0.0000       0     0.0000       0     0.6692       3     0.0000       0     0.0000       0
 148925          0.0000       0     0.0000       0     0.6241       3     0.0000       0     0.0000       0
 148930          0.0000       0     0.0000       0     0.6542       3     0.0000       0     0.0000       0
 148935          0.0000       0     0.0000       0     0.6692       3     0.0000       0     0.0000       0
 148940          0.0000       0     0.0000       0     0.6392       3     0.0000       0     0.0000       0
 148945          0.0000       0     0.0000       0     0.6241       3     0.0000       0     0.0000       0
 148950          0.0000       0     0.0000       0     0.6392       3     0.0000       0     0.0000       0
 148955          0.0000       0     0.0000       0     0.6392       3     0.0000       0     0.0000       0
 148960          0.0000       0     0.0000       0     0.5940       3     0.0000       0     0.0000       0
 148965          0.0000       0     0.0000       0     0.5339       3     0.0000       0     0.0000       0
 148970          0.0000       0     0.0000       0     0.5189       3     0.0000       0     0.0000       0
 148975          0.0000       0     0.0000       0     0.5038       3     0.0000       0     0.0000       0
 148980          0.0000       0     0.0000       0     0.5489       3     0.0000       0     0.0000       0
 148985          0.0000       0     0.0000       0     0.6241       3     0.0000       0     0.0000       0
 148990          0.0000       0     0.0000       0     0.6241       3     0.0000       0     0.0000       0
 148995          0.0000       0     0.0000       0     0.6241     203     0.0000       0     0.0000       0
 149015          0.0000       0     0.0000       0     0.6091     103     0.0000       0     0.0000       0
 149020          0.0000       0     0.0000       0     0.6392       3     0.0000       0     0.0000       0
 149025          0.0000       0     0.0000       0     0.6392       3     0.0000       0     0.0000       0
 149030          0.0000       0     0.0000       0     0.6993       3     0.0000       0     0.0000       0
 149035          0.0000       0     0.0000       0     0.6091       3     0.0000       0     0.0000       0
 149040          0.0000       0     0.0000       0     0.5940       3     0.0000       0     0.0000       0
 149045          0.0000       0     0.0000       0     0.6241       3     0.0000       0     0.0000       0
 149050          0.0000       0     0.0000       0     0.5940       3     0.0000       0     0.0000       0
 149055          0.0000       0     0.0000       0     0.6091       3     0.0000       0     0.0000       0
 149060          0.0000       0     0.0000       0     0.5564       2     0.0000       0     0.0000       0
 149065          0.0000       0     0.0000       0     0.5714       2     0.0000       0     0.0000       0
 149070          0.0000       0     0.0000       0     0.5263       2     0.0000       0     0.0000       0
 149075          0.0000       0     0.0000       0     0.4361       2     0.0000       0     0.0000       0
 149080          0.0000       0     0.0000       0     0.5263       2     0.0000       0     0.0000       0
 149085          0.0000       0     0.0000       0     0.6466       2     0.0000       0     0.0000       0
 149090          0.0000       0     0.0000       0     0.7218       2     0.0000       0     0.0000       0
 149095          0.0000       0     0.0000       0     0.8722       2     0.0000       0     0.0000       0
 149100          0.0000       0     0.0000       0     0.9624       2     0.0000       0     0.0000       0
 149105          0.0000       0     0.0000       0     1.0827       2     0.0000       0     0.0000       0
 149110          0.0000       0     0.0000       0     1.0225       2     0.0000       0     0.0000       0
 149115          0.0000       0     0.0000       0     0.9925       2     0.0000       0     0.0000       0
 149120          0.0000       0     0.0000       0     0.9473       2     0.0000       0     0.0000       0
 149125          0.0000       0     0.0000       0     0.8421       2     0.0000       0     0.0000       0
 149130          0.0000       0     0.0000       0     0.7218       2     0.0000       0     0.0000       0
 149135          0.0000       0     0.0000       0     0.8120       2     0.0000       0     0.0000       0
 149140          0.0000       0     0.0000       0     0.7970       2     0.0000       0     0.0000       0
 149145          0.0000       0     0.0000       0     0.6917       2     0.0000       0     0.0000       0
 149150          0.0000       0     0.0000       0     0.7519       2     0.0000       0     0.0000       0
 149155          0.0000       0     0.0000       0     0.7368       2     0.0000       0     0.0000       0
 149160          0.0000       0     0.0000       0     0.7218       2     0.0000       0     0.0000       0
 149165          0.0000       0     0.0000       0     0.6015       2     0.0000       0     0.0000       0
 149170          0.0000       0     0.0000       0     0.5189       2     0.0000       0     0.0000       0
 149175          0.0000       0     0.0000       0     0.5790       2     0.0000       0     0.0000       0
 149180          0.0000       0     0.0000       0     0.5790       2     0.0000       0     0.0000       0
 149185          0.0000       0     0.0000       0     0.5489       2     0.0000       0     0.0000       0
 149190          0.0000       0     0.0000       0     0.5038       2     0.0000       0     0.0000       0
 149195          0.0000       0     0.0000       0     0.5038       2     0.0000       0     0.0000       0
 149200          0.0000       0     0.0000       0     0.4888       2     0.0000       0     0.0000       0
 149205          0.0000       0     0.0000       0     0.4888       2     0.0000       0     0.0000       0
 149210          0.0000       0     0.0000       0     0.4737       2     0.0000       0     0.0000       0
 149215          0.0000       0     0.0000       0     0.4587       2     0.0000       0     0.0000       0
 149220          0.2632     102     0.0000       0     0.4750       2     0.0000       0     0.0000       0
 149225          0.2637       2     0.0000       0     0.5477       2     0.0000       0     0.0000       0
 149230          0.2943       2     0.0000       0     0.6671       2     0.0000       0     0.0000       0
 149235          0.3524       2     0.0000       0     0.5940       2     0.0000       0     0.0000       0
 149240          0.3830       2     0.0000       0     0.5928       2     0.0000       0     0.0000       0
 149245          0.3384       2     0.0000       0     0.5189       2     0.0000       0     0.0000       0
 149250          0.2632       2     0.0000       0     0.4286       2     0.0000       0     0.0000       0
 149255          0.2331       2     0.0000       0     0.5489       2     0.0000       0     0.0000       0
 149260          0.2331       2     0.0000       0     0.5489       2     0.0000       0     0.0000       0
 149265          0.2481       2     0.0000       0     0.5640       2     0.0000       0     0.0000       0
 149270          0.2632       2     0.0000       0     0.5790       2     0.0000       0     0.0000       0
 149275          0.3083       2     0.0000       0     0.5640       2     0.0000       0     0.0000       0
 149280          0.3233       2     0.0000       0     0.5790       2     0.0000       0     0.0000       0
 149285          0.2782       2     0.0000       0     0.5640       2     0.0000       0     0.0000       0
 149290          0.2481       2     0.0000       0     0.5339       2     0.0000       0     0.0000       0
 149295          0.2481       2     0.0000       0     0.5489       2     0.0000       0     0.0000       0
 149300          0.2632       2     0.0000       0     0.5189       2     0.0000       0     0.0000       0
 149305          0.2632       2     0.0000       0     0.5038       2     0.0000       0     0.0000       0
 149310          0.2933       2     0.0000       0     0.5038       2     0.0000       0     0.0000       0
 149315          0.2933       2     0.0000       0     0.4888       2     0.0000       0     0.0000       0
 149320          0.2782       2     0.0000       0     0.4737       2     0.0000       0     0.0000       0
 149325          0.2481       2     0.0000       0     0.5038       2     0.0000       0     0.0000       0
 149330          0.2632       2     0.0000       0     0.4888       2     0.0000       0     0.0000       0
 149335          0.3083       2     0.0000       0     0.5038       2     0.0000       0     0.0000       0
 149340          0.3083       2     0.0000       0     0.5339       2     0.0000       0     0.0000       0
 149345          0.2933       2     0.0000       0     0.5489       2     0.0000       0     0.0000       0
 149350          0.2782       2     0.0000       0     0.5640       2     0.0000       0     0.0000       0
 149355          0.3384       2     0.0000       0     0.5640       2     0.0000       0     0.0000       0
 149360          0.3685       2     0.0000       0     0.5489       2     0.0000       0     0.0000       0
 149365          0.3685       2     0.0000       0     0.6241       2     0.0000       0     0.0000       0
 149370          0.3534       2     0.0000       0     0.5790       2     0.0000       0     0.0000       0
 149375          0.3083       2     0.0000       0     0.5038       2     0.0000       0     0.0000       0
 149380          0.2782       2     0.0000       0     0.4888       2     0.0000       0     0.0000       0
 149385          0.2632       2     0.0000       0     0.5038       2     0.0000       0     0.0000       0
 149390          0.2782       2     0.0000       0     0.4737       2     0.0000       0     0.0000       0
 149395          0.2481       2     0.0000       0     0.4888       2     0.0000       0     0.0000       0
 149400          0.2030       2     0.0000       0     0.5038       2     0.0000       0     0.0000       0
 149405          0.2481       2     0.0000       0     0.5038       2     0.0000       0     0.0000       0
 149410          0.2933       2     0.0000       0     0.4587       2     0.0000       0     0.0000       0
 149415          0.2481     202     0.0000       0     0.4437       2     0.0000       0     0.0000       0
 149420          0.0000       0     0.0000       0     0.4286       2     0.0000       0     0.0000       0
 149425          0.0000       0     0.0000       0     0.4437       2     0.0000       0     0.0000       0
 149430          0.0000       0     0.0000       0     0.5339       2     0.0000       0     0.0000       0
 149435          0.0000       0     0.0000       0     0.6241       2     0.0000       0     0.0000       0
 149440          0.0000       0     0.0000       0     0.6843       2     0.0000       0     0.0000       0
 149445          0.0000       0     0.0000       0     0.7444       2     0.0000       0     0.0000       0
 149450          0.0000       0     0.0000       0     0.8196     202     0.0000       0     0.0000       0
 149545          0.0000       0     0.0000       0     0.6993     102     0.0000       0     0.0000       0
 149550          0.0000       0     0.0000       0     0.6542       2     0.0000       0     0.0000       0
 149555          0.0000       0     0.0000       0     0.6241       2     0.0000       0     0.0000       0
 149560          0.0000       0     0.0000       0     0.5640       2     0.0000       0     0.0000       0
 149565          0.0000       0     0.0000       0     0.5640       2     0.0000       0     0.0000       0
 149570          0.0000       0     0.0000       0     0.5940       2     0.0000       0     0.0000       0
 149575          0.0000       0     0.0000       0     0.6091       2     0.0000       0     0.0000       0
 149580          0.0000       0     0.0000       0     0.5940       2     0.0000       0     0.0000       0
 149585          0.0000       0     0.0000       0     0.5790       2     0.0000       0     0.0000       0
 149590          0.0000       0     0.0000       0     0.5489       2     0.0000       0     0.0000       0
 149595          0.0000       0     0.0000       0     0.5640       2     0.0000       0     0.0000       0
 149600          0.0000       0     0.0000       0     0.5640       2     0.0000       0     0.0000       0
 149605          0.0000       0     0.0000       0     0.5339       2     0.0000       0     0.0000       0
 149610          0.0000       0     0.0000       0     0.5640       2     0.0000       0     0.0000       0
 149615          0.0000       0     0.0000       0     0.5489       2     0.0000       0     0.0000       0
 149620          0.0000       0     0.0000       0     0.5489       2     0.0000       0     0.0000       0
 149625          0.0000       0     0.0000       0     0.6091       2     0.0000       0     0.0000       0
 149630          0.0000       0     0.0000       0     0.6692       2     0.0000       0     0.0000       0
 149635          0.0000       0     0.0000       0     0.6993       2     0.0000       0     0.0000       0
 149640          0.1880     102     0.0000       0     0.7144       2     0.0000       0     0.0000       0
 149645          0.2030       2     0.0000       0     0.6692       2     0.0000       0     0.0000       0
 149650          0.2030       2     0.0000       0     0.6542       2     0.0000       0     0.0000       0
 149655          0.2181       2     0.0000       0     0.6993       2     0.0000       0     0.0000       0
 149660          0.2331       2     0.0000       0     0.6993       2     0.0000       0     0.0000       0
 149665          0.2181       2     0.0000       0     0.6392       2     0.0000       0     0.0000       0
 149670          0.1880       2     0.0000       0     0.6091       2     0.0000       0     0.0000       0
 149675          0.2181       2     0.0000       0     0.5940       2     0.0000       0     0.0000       0
 149680          0.2481       2     0.0000       0     0.6392       2     0.0000       0     0.0000       0
 149685          0.2481       2     0.0000       0     0.6993       2     0.0000       0     0.0000       0
 149690          0.2933       2     0.0000       0     0.6843       2     0.0000       0     0.0000       0
 149695          0.3835       2     0.0000       0     0.7745       2     0.0000       0     0.0000       0
 149700          0.4888       2     0.0000       0     0.8196       2     0.0000       0     0.0000       0
 149705          0.5189       2     0.0000       0     0.8347       2     0.0000       0     0.0000       0
 149710          0.4286       2     0.0000       0     0.7896       2     0.0000       0     0.0000       0
 149715          0.4136       2     0.0000       0     0.7896       2     0.0000       0     0.0000       0
 149720          0.3835       2     0.0000       0     0.7144       2     0.0000       0     0.0000       0
 149725          0.4136       2     0.0000       0     0.6843       2     0.0000       0     0.0000       0
 149730          0.3985       2     0.0000       0     0.8046       2     0.0000       0     0.0000       0
 149735          0.3985       2     0.0000       0     0.6993       2     0.0000       0     0.0000       0
 149740          0.3384       2     0.0000       0     0.6542       2     0.0000       0     0.0000       0
 149745          0.3384       2     0.0000       0     0.6993       2     0.0000       0     0.0000       0
 149750          0.3233       2     0.0000       0     0.6843       2     0.0000       0     0.0000       0
 149755          0.3534       2     0.0000       0     0.6993       2     0.0000       0     0.0000       0
 149760          0.3835       2     0.0000       0     0.7144       2     0.0000       0     0.0000       0
 149765          0.4136       2     0.0000       0     0.7444       2     0.0000       0     0.0000       0
 149770          0.3985       2     0.0000       0     0.7444       2     0.0000       0     0.0000       0
 149775          0.3685       2     0.0000       0     0.7444       2     0.0000       0     0.0000       0
 149780          0.3835       2     0.0000       0     0.7294       2     0.0000       0     0.0000       0
 149785          0.3835       2     0.0000       0     0.7144       2     0.0000       0     0.0000       0
 149790          0.3985       2     0.0000       0     0.6843       2     0.0000       0     0.0000       0
 149795          0.3835       2     0.0000       0     0.6843       2     0.0000       0     0.0000       0
 149800          0.3384       2     0.0000       0     0.6241       2     0.0000       0     0.0000       0
 149805          0.3384       2     0.0000       0     0.6392       2     0.0000       0     0.0000       0
 149810          0.3534       2     0.0000       0     0.6843       2     0.0000       0     0.0000       0
 149815          0.3988       2     0.0000       0     0.6547       2     0.0000       0     0.0000       0
 149820          0.4143       2     0.0000       0     0.6985       2     0.0000       0     0.0000       0
 149825          0.4579       2     0.0000       0     0.7447       2     0.0000       0     0.0000       0
 149830          0.4439       2     0.0000       0     0.7592       2     0.0000       0     0.0000       0
 149835          0.3837       2     0.0000       0     0.7447       2     0.0000       0     0.0000       0
 149840          0.3983       2     0.0000       0     0.7428       2     0.0000       0     0.0000       0
 149845          0.3395       2     0.0000       0     0.6530       2     0.0000       0     0.0000       0
 149850          0.3672       2     0.0000       0     0.5803       2     0.0000       0     0.0000       0
 149855          0.2945       2     0.0000       0     0.6094       2     0.0000       0     0.0000       0
 149860          0.2490       2     0.0000       0     0.6246       2     0.0000       0     0.0000       0
 149865          0.2334       2     0.0000       0     0.6537       2     0.0000       0     0.0000       0
 149870          0.2481       2     0.0000       0     0.6985       2     0.0000       0     0.0000       0
 149875          0.2481       2     0.0000       0     0.7141       2     0.0000       0     0.0000       0
 149880          0.2790       2     0.0000       0     0.6996       2     0.0000       0     0.0000       0
 149885          0.3231       2     0.0000       0     0.7732       2     0.0000       0     0.0000       0
 149890          0.3086       2     0.0000       0     0.8183       2     0.0000       0     0.0000       0
 149895          0.3231       2     0.0000       0     0.7439       2     0.0000       0     0.0000       0
 149900          0.3083       2     0.0000       0     0.7149       2     0.0000       0     0.0000       0
 149905          0.3083       2     0.0000       0     0.7130       2     0.0000       0     0.0000       0
 149910          0.2492       2     0.0000       0     0.6384       2     0.0000       0     0.0000       0
 149915          0.2181       2     0.0000       0     0.5948       2     0.0000       0     0.0000       0
 149920          0.2181       2     0.0000       0     0.6088       2     0.0000       0     0.0000       0
 149925          0.2181       2     0.0000       0     0.5795       2     0.0000       0     0.0000       0
 149930          0.2331       2     0.0000       0     0.6086       2     0.0000       0     0.0000       0
 149935          0.3220       2     0.0000       0     0.6071       2     0.0000       0     0.0000       0
 149940          0.3532       2     0.0000       0     0.4908       2     0.0000       0     0.0000       0
 149945          0.3381       2     0.0000       0     0.4888       2     0.0000       0     0.0000       0
 149950          0.3236       2     0.0000       0     0.4918       2     0.0000       0     0.0000       0
 149955          0.2785       2     0.0000       0     0.6662       2     0.0000       0     0.0000       0
 149960          0.2940       2     0.0000       0     0.6692       2     0.0000       0     0.0000       0
 149965          0.3376       2     0.0000       0     0.6687       2     0.0000       0     0.0000       0
 149970          0.3679       2     0.0000       0     0.6412       2     0.0000       0     0.0000       0
 149975          0.3680       2     0.0000       0     0.7575       2     0.0000       0     0.0000       0
 149980          0.3389       2     0.0000       0     0.8194       2     0.0000       0     0.0000       0
 149985          0.3384       2     0.0000       0     0.8043       2     0.0000       0     0.0000       0
 149990          0.2930       2     0.0000       0     0.7898       2     0.0000       0     0.0000       0
 149995          0.2787       2     0.0000       0     0.7305       2     0.0000       0     0.0000       0
 150000          0.3078       2     0.0000       0     0.6983       2     0.0000       0     0.0000       0
 150005          0.2935       2     0.0000       0     0.6402       2     0.0000       0     0.0000       0
 150010          0.3078       2     0.0000       0     0.6539       2     0.0000       0     0.0000       0
 150015          0.2787       2     0.0000       0     0.6255       2     0.0000       0     0.0000       0
 150020          0.2487       2     0.0000       0     0.6983       2     0.0000       0     0.0000       0
 150025          0.3081       2     0.0000       0     0.6402       2     0.0000       0     0.0000       0
 150030          0.2935       2     0.0000       0     0.6542       2     0.0000       0     0.0000       0
 150035          0.2933       2     0.0000       0     0.6545       2     0.0000       0     0.0000       0
 150040          0.2790       2     0.0000       0     0.6690       2     0.0000       0     0.0000       0
 150045          0.3236       2     0.0000       0     0.6545       2     0.0000       0     0.0000       0
 150050          0.3539       2     0.0000       0     0.6392       2     0.0000       0     0.0000       0
 150055          0.3830       2     0.0000       0     0.6692       2     0.0000       0     0.0000       0
 150060          0.4144       2     0.0000       0     0.6692       2     0.0000       0     0.0000       0
 150065          0.4587       2     0.0000       0     0.6840       2     0.0000       0     0.0000       0
 150070          0.4587       2     0.0000       0     0.7144       2     0.0000       0     0.0000       0
 150075          0.4439       2     0.0000       0     0.7146       2     0.0000       0     0.0000       0
 150080          0.4437       2     0.0000       0     0.7291       2     0.0000       0     0.0000       0
 150085          0.4437       2     0.0000       0     0.7127       2     0.0000       0     0.0000       0
 150090          0.4289       2     0.0000       0     0.6241     202     0.0000       0     0.0000       0
 150095          0.3083       2     0.0000       0     0.0000       0     0.0000       0     0.0000       0
 150100          0.3233       2     0.0000       0     0.0000       0     0.0000       0     0.0000       0
 150105          0.3835       2     0.0000       0     0.5940     102     0.0000       0     0.0000       0
 150110          0.3985       2     0.0000       0     0.8948       2     0.0000       0     0.0000       0
 150115          0.3985       2     0.0000       0     0.8497       2     0.0000       0     0.0000       0
 150120          0.3985       2     0.0000       0     0.7896       2     0.0000       0     0.0000       0
 150125          0.3835       2     0.0000       0     0.7896       2     0.0000       0     0.0000       0
 150130          0.3685       2     0.0000       0     0.7444       2     0.0000       0     0.0000       0
 150135          0.3685       2     0.0000       0     0.7896       2     0.0000       0     0.0000       0
 150140          0.3384       2     0.0000       0     0.8196       2     0.0000       0     0.0000       0
 150145          0.3233       2     0.0000       0     0.8497       2     0.0000       0     0.0000       0
 150150          0.3384       2     0.0000       0     0.8497       2     0.0000       0     0.0000       0
 150155          0.3534       2     0.0000       0     0.8798       2     0.0000       0     0.0000       0
 150160          0.3534       2     0.0000       0     0.9399       2     0.0000       0     0.0000       0
 150165          0.3534       2     0.0000       0     0.8798       2     0.0000       0     0.0000       0
 150170          0.3384       2     0.0000       0     0.7745       2     0.0000       0     0.0000       0
 150175          0.3233       2     0.0000       0     0.7745       2     0.0000       0     0.0000       0
 150180          0.3233       2     0.0000       0     0.8046       2     0.0000       0     0.0000       0
 150185          0.3397       2     0.0000       0     0.8046       2     0.0000       0     0.0000       0
 150190          0.4143       2     0.0000       0     0.8194       2     0.0000       0     0.0000       0
 150195          0.4579       2     0.0000       0     0.8487       2     0.0000       0     0.0000       0
 150200          0.4576       2     0.0000       0     0.7906       2     0.0000       0     0.0000       0
 150205          0.3975       2     0.0000       0     0.7600       2     0.0000       0     0.0000       0
 150210          0.3394       2     0.0000       0     0.7436       2     0.0000       0     0.0000       0
 150215          0.2350     202     0.0000       0     0.6976       2     0.0000       0     0.0000       0
 150220          0.0000       0     0.0000       0     0.5940       2     0.0000       0     0.0000       0
 150225          0.0000       0     0.0000       0     0.6843       2     0.0000       0     0.0000       0
 150230          0.0000       0     0.0000       0     0.6993       2     0.0000       0     0.0000       0
 150235          0.0000       0     0.0000       0     0.7144       2     0.0000       0     0.0000       0
 150240          0.0000       0     0.0000       0     0.6843       2     0.0000       0     0.0000       0
 150245          0.0000       0     0.0000       0     0.6843       2     0.0000       0     0.0000       0
 150250          0.0000       0     0.0000       0     0.6241       2     0.0000       0     0.0000       0
 150255          0.0000       0     0.0000       0     0.6091       2     0.0000       0     0.0000       0
 150260          0.0000       0     0.0000       0     0.5790       2     0.0000       0     0.0000       0
 150265          0.0000       0     0.0000       0     0.6993     202     0.0000       0     0.0000       0
 150300          0.0000       0     0.0000       0     1.2257     103     0.0000       0     0.0000       0
 150305          0.0000       0     0.0000       0     1.3460       3     0.0000       0     0.0000       0
 150310          0.0000       0     0.0000       0     1.3009       3     0.0000       0     0.0000       0
 150315          0.0000       0     0.0000       0     1.2708       3     0.0000       0     0.0000       0
 150320          0.0000       0     0.0000       0     1.1956       3     0.0000       0     0.0000       0
 150325          0.0000       0     0.0000       0     1.1806       3     0.0000       0     0.0000       0
 150330          0.0000       0     0.0000       0     1.1956       3     0.0000       0     0.0000       0
 150335          0.3685     102     0.0000       0     1.2257       3     0.0000       0     0.0000       0
 150340          0.4286       2     0.0000       0     1.2107       3     0.0000       0     0.0000       0
 150345          0.4888       2     0.0000       0     1.1505       3     0.0000       0     0.0000       0
 150350          0.6241       2     0.0000       0     1.0151       3     0.0000       0     0.0000       0
 150355          0.4737       2     0.0000       0     1.1505       3     0.0000       0     0.0000       0
 150360          0.4437       2     0.0000       0     1.1655       3     0.0000       0     0.0000       0
 150365          0.4587       2     0.0000       0     1.1956       3     0.0000       0     0.0000       0
 150370          0.4737       2     0.0000       0     1.2257       3     0.0000       0     0.0000       0
 150375          0.4888       2     0.0000       0     1.2257       3     0.0000       0     0.0000       0
 150380          0.4888       2     0.0000       0     1.1054       3     0.0000       0     0.0000       0
 150385          0.4737       2     0.0000       0     1.0603       3     0.0000       0     0.0000       0
 150390          0.4888       2     0.0000       0     1.2257       3     0.0000       0     0.0000       0
 150395          0.4437       2     0.0000       0     1.2407       3     0.0000       0     0.0000       0
 150400          0.3985       2     0.0000       0     1.3761       3     0.0000       0     0.0000       0
 150405          0.4136       2     0.0000       0     1.1355       3     0.0000       0     0.0000       0
 150410          0.4437       2     0.0000       0     1.1054       3     0.0000       0     0.0000       0
 150415          0.4587       2     0.0000       0     1.1505       3     0.0000       0     0.0000       0
 150420          0.4286       2     0.0000       0     1.3009       3     0.0000       0     0.0000       0
 150425          0.3985       2     0.0000       0     1.3460       3     0.0000       0     0.0000       0
 150430          0.4587       2     0.0000       0     1.2107       3     0.0000       0     0.0000       0
 150435          0.4437       2     0.0000       0     1.1806       3     0.0000       0     0.0000       0
 150440          0.4286       2     0.0000       0     1.0603       3     0.0000       0     0.0000       0
 150445          0.4437       2     0.0000       0     0.9700       3     0.0000       0     0.0000       0
 150450          0.4437       2     0.0000       0     1.1204       3     0.0000       0     0.0000       0
 150455          0.4587       2     0.0000       0     1.0302       3     0.0000       0     0.0000       0
 150460          0.4587       2     0.0000       0     0.9099       3     0.0000       0     0.0000       0
 150465          0.4437       2     0.0000       0     1.0302       3     0.0000       0     0.0000       0
 150470          0.4437       2     0.0000       0     1.1655       3     0.0000       0     0.0000       0
 150475          0.4286       2     0.0000       0     0.9550       3     0.0000       0     0.0000       0
 150480          0.4737       2     0.0000       0     0.9399       3     0.0000       0     0.0000       0
 150485          0.3835       2     0.0000       0     0.8948       3     0.0000       0     0.0000       0
 150490          0.4587       2     0.0000       0     0.9550       3     0.0000       0     0.0000       0
 150495          0.3534     202     0.0000       0     0.8497       3     0.0000       0     0.0000       0
 150500          0.0000       0     0.0000       0     0.8648       3     0.0000       0     0.0000       0
 150505          0.0000       0     0.0000       0     0.7896       2     0.0000       0     0.0000       0
 150510          0.0000       0     0.0000       0     0.8347       2     0.0000       0     0.0000       0
 150515          0.0000       0     0.0000       0     0.8798       2     0.0000       0     0.0000       0
 150520          0.0000       0     0.0000       0     0.9851       2     0.0000       0     0.0000       0
 150525          0.0000       0     0.0000       0     1.0302       2     0.0000       0     0.0000       0
 150530          0.0000       0     0.0000       0     1.0302       2     0.0000       0     0.0000       0
 150535          0.0000       0     0.0000       0     1.0151       2     0.0000       0     0.0000       0
 150540          0.0000       0     0.0000       0     1.0302       2     0.0000       0     0.0000       0
 150545          0.0000       0     0.0000       0     1.0302       2     0.0000       0     0.0000       0
 150550          0.0000       0     0.0000       0     1.0151       2     0.0000       0     0.0000       0
 150555          0.0000       0     0.0000       0     0.8948       2     0.0000       0     0.0000       0
 150560          0.0000       0     0.0000       0     1.0001       2     0.0000       0     0.0000       0
 150565          0.0000       0     0.0000       0     0.9550       2     0.0000       0     0.0000       0
 150570          0.0000       0     0.0000       0     0.8798       2     0.0000       0     0.0000       0
 150575          0.0000       0     0.0000       0     0.8196       2     0.0000       0     0.0000       0
 150580          0.0000       0     0.0000       0     0.8648       2     0.0000       0     0.0000       0
 150585          0.0000       0     0.0000       0     0.8648       2     0.0000       0     0.0000       0
 150590          0.0000       0     0.0000       0     0.7444       2     0.0000       0     0.0000       0
 150595          0.0000       0     0.0000       0     0.7745       2     0.0000       0     0.0000       0
 150600          0.0000       0     0.0000       0     0.7745       2     0.0000       0     0.0000       0
 150605          0.0000       0     0.0000       0     0.8648       2     0.0000       0     0.0000       0
 150610          0.0000       0     0.0000       0     0.8046       2     0.0000       0     0.0000       0
 150615          0.0000       0     0.0000       0     0.8347       2     0.0000       0     0.0000       0
 150620          0.0000       0     0.0000       0     0.7444       2     0.0000       0     0.0000       0
 150625          0.0000       0     0.0000       0     0.7444       2     0.0000       0     0.0000       0
 150630          0.0000       0     0.0000       0     0.7444       2     0.0000       0     0.0000       0
 150635          0.0000       0     0.0000       0     0.7896       2     0.0000       0     0.0000       0
 150640          0.0000       0     0.0000       0     0.8196       2     0.0000       0     0.0000       0
 150645          0.0000       0     0.0000       0     0.8497       2     0.0000       0     0.0000       0
 150650          0.0000       0     0.0000       0     0.8798       2     0.0000       0     0.0000       0
 150655          0.0000       0     0.0000       0     0.8948       2     0.0000       0     0.0000       0
 150660          0.0000       0     0.0000       0     0.8497       2     0.0000       0     0.0000       0
 150665          0.0000       0     0.0000       0     0.7896       2     0.0000       0     0.0000       0
 150670          0.0000       0     0.0000       0     0.8497       2     0.0000       0     0.0000       0
 150675          0.0000       0     0.0000       0     0.8948       2     0.0000       0     0.0000       0
 150680          0.0000       0     0.0000       0     0.7745       2     0.0000       0     0.0000       0
 150685          0.0000       0     0.0000       0     0.7745       2     0.0000       0     0.0000       0
 150690          0.0000       0     0.0000       0     0.8046       2     0.0000       0     0.0000       0
 150695          0.0000       0     0.0000       0     0.8347       2     0.0000       0     0.0000       0
 150700          0.0000       0     0.0000       0     0.8798       2     0.0000       0     0.0000       0
 150705          0.0000       0     0.0000       0     0.8350       2     0.0000       0     0.0000       0
 150710          0.0000       0     0.0000       0     0.8500       2     0.0000       0     0.0000       0
 150715          0.0000       0     0.0000       0     0.8801       2     0.0000       0     0.0000       0
 150720          0.0000       0     0.0000       0     0.8650       2     0.0000       0     0.0000       0
 150725          0.0000       0     0.0000       0     0.8801       2     0.0000       0     0.0000       0
 150730          0.0000       0     0.0000       0     0.8500       2     0.0000       0     0.0000       0
 150735          0.0000       0     0.0000       0     0.8650       2     0.0000       0     0.0000       0
 150740          0.0000       0     0.0000       0     0.9102       2     0.0000       0     0.0000       0
 150745          0.0000       0     0.0000       0     0.8951       2     0.0000       0     0.0000       0
 150750          0.0000       0     0.0000       0     0.8500       2     0.0000       0     0.0000       0
 150755          0.0000       0     0.0000       0     0.8500       2     0.0000       0     0.0000       0
 150760          0.0000       0     0.0000       0     0.8801       2     0.0000       0     0.0000       0
 150765          0.0000       0     0.0000       0     0.8801       2     0.0000       0     0.0000       0
 150770          0.0000       0     0.0000       0     0.9102       2     0.0000       0     0.0000       0
 150775          0.0000       0     0.0000       0     0.8650       2     0.0000       0     0.0000       0
 150780          0.0000       0     0.0000       0     0.8500       2     0.0000       0     0.0000       0
 150785          0.0000       0     0.0000       0     0.8500       2     0.0000       0     0.0000       0
 150790          0.0000       0     0.0000       0     0.8650       2     0.0000       0     0.0000       0
 150795          0.0000       0     0.0000       0     0.8650       2     0.0000       0     0.0000       0
 150800          0.0000       0     0.0000       0     0.8801       2     0.0000       0     0.0000       0
 150805          0.0000       0     0.0000       0     0.9102       2     0.0000       0     0.0000       0
 150810          0.0000       0     0.0000       0     0.9102       2     0.0000       0     0.0000       0
 150815          0.0000       0     0.0000       0     0.8801       2     0.0000       0     0.0000       0
 150820          0.0000       0     0.0000       0     0.8650       2     0.0000       0     0.0000       0
 150825          0.0000       0     0.0000       0     0.8199       2     0.0000       0     0.0000       0
 150830          0.0000       0     0.0000       0     0.8049       2     0.0000       0     0.0000       0
 150835          0.0000       0     0.0000       0     0.8049       2     0.0000       0     0.0000       0
 150840          0.0000       0     0.0000       0     0.8650       2     0.0000       0     0.0000       0
 150845          0.0000       0     0.0000       0     0.8650       2     0.0000       0     0.0000       0
 150850          0.0000       0     0.0000       0     0.7447       2     0.0000       0     0.0000       0
 150855          0.0000       0     0.0000       0     0.7748     202     0.0000       0     0.0000       0
 150885          0.0000       0     0.0000       0     0.7597     102     0.0000       0     0.0000       0
 150890          0.0000       0     0.0000       0     0.7296       2     0.0000       0     0.0000       0
 150895          0.0000       0     0.0000       0     0.7597       2     0.0000       0     0.0000       0
 150900          0.0000       0     0.0000       0     0.7597       2     0.0000       0     0.0000       0
 150905          0.0000       0     0.0000       0     0.7447       2     0.0000       0     0.0000       0
 150910          0.0000       0     0.0000       0     0.7898       2     0.0000       0     0.0000       0
 150915          0.0000       0     0.0000       0     0.8199       2     0.0000       0     0.0000       0
 150920          0.0000       0     0.0000       0     0.8049       2     0.0000       0     0.0000       0
 150925          0.0000       0     0.0000       0     0.8350       2     0.0000       0     0.0000       0
 150930          0.0000       0     0.0000       0     0.8199       2     0.0000       0     0.0000       0
 150935          0.0000       0     0.0000       0     0.7597       2     0.0000       0     0.0000       0
 150940          0.0000       0     0.0000       0     0.6845       2     0.0000       0     0.0000       0
 150945          0.0000       0     0.0000       0     0.7296       2     0.0000       0     0.0000       0
 150950          0.0000       0     0.0000       0     0.6996       2     0.0000       0     0.0000       0
 150955          0.0000       0     0.0000       0     0.8199       2     0.0000       0     0.0000       0
 150960          0.0000       0     0.0000       0     0.7898       2     0.0000       0     0.0000       0
 150965          0.0000       0     0.0000       0     0.7597       2     0.0000       0     0.0000       0
 150970          0.0000       0     0.0000       0     0.8199       2     0.0000       0     0.0000       0
 150975          0.0000       0     0.0000       0     0.6845       2     0.0000       0     0.0000       0
 150980          0.0000       0     0.0000       0     0.6845       2     0.0000       0     0.0000       0
 150985          0.0000       0     0.0000       0     0.6845       2     0.0000       0     0.0000       0
 150990          0.0000       0     0.0000       0     0.6845       2     0.0000       0     0.0000       0
 150995          0.0000       0     0.0000       0     0.6996       2     0.0000       0     0.0000       0
 151000          0.0000       0     0.0000       0     0.6845       2     0.0000       0     0.0000       0
 151005          0.0000       0     0.0000       0     0.6695       2     0.0000       0     0.0000       0
 151010          0.0000       0     0.0000       0     0.6243       2     0.0000       0     0.0000       0
 151015          0.0000       0     0.0000       0     0.6544       2     0.0000       0     0.0000       0
 151020          0.0000       0     0.0000       0     0.6845       2     0.0000       0     0.0000       0
 151025          0.0000       0     0.0000       0     0.7447       2     0.0000       0     0.0000       0
 151030          0.0000       0     0.0000       0     0.8951       2     0.0000       0     0.0000       0
 151035          0.0000       0     0.0000       0     0.5942       2     0.0000       0     0.0000       0
 151040          0.0000       0     0.0000       0     0.5792       2     0.0000       0     0.0000       0
 151045          0.0000       0     0.0000       0     0.6093       2     0.0000       0     0.0000       0
 151050          0.0000       0     0.0000       0     0.6243       2     0.0000       0     0.0000       0
 151055          0.0000       0     0.0000       0     0.6093       2     0.0000       0     0.0000       0
 151060          0.0000       0     0.0000       0     0.7146       2     0.0000       0     0.0000       0
 151065          0.0000       0     0.0000       0     0.7898       2     0.0000       0     0.0000       0
 151070          0.0000       0     0.0000       0     0.7748       2     0.0000       0     0.0000       0
 151075          0.0000       0     0.0000       0     0.8500       2     0.0000       0     0.0000       0
 151080          0.0000       0     0.0000       0     0.9704       2     0.0000       0     0.0000       0
 151085          0.0000       0     0.0000       0     0.8350       2     0.0000       0     0.0000       0
 151090          0.0000       0     0.0000       0     0.7597       2     0.0000       0     0.0000       0
 151095          0.0000       0     0.0000       0     0.7898       2     0.0000       0     0.0000       0
 151100          0.0000       0     0.0000       0     0.7898       2     0.0000       0     0.0000       0
 151105          0.0000       0     0.0000       0     0.7597       2     0.0000       0     0.0000       0
 151110          0.0000       0     0.0000       0     0.7748       2     0.0000       0     0.0000       0
 151115          0.0000       0     0.0000       0     0.7447       2     0.0000       0     0.0000       0
 151120          0.0000       0     0.0000       0     0.7146       2     0.0000       0     0.0000       0
 151125          0.0000       0     0.0000       0     0.7597       2     0.0000       0     0.0000       0
 151130          0.0000       0     0.0000       0     0.8049       2     0.0000       0     0.0000       0
 151135          0.0000       0     0.0000       0     0.7296       2     0.0000       0     0.0000       0
 151140          0.0000       0     0.0000       0     0.6845       2     0.0000       0     0.0000       0
 151145          0.0000       0     0.0000       0     0.6544       2     0.0000       0     0.0000       0
 151150          0.0000       0     0.0000       0     0.4588       2     0.0000       0     0.0000       0
 151155          0.0000       0     0.0000       0     0.5792       2     0.0000       0     0.0000       0
 151160          0.0000       0     0.0000       0     0.5642       2     0.0000       0     0.0000       0
 151165          0.0000       0     0.0000       0     0.5642       2     0.0000       0     0.0000       0
 151170          0.0000       0     0.0000       0     0.5642       2     0.0000       0     0.0000       0
 151175          0.0000       0     0.0000       0     0.5642       2     0.0000       0     0.0000       0
 151180          0.0000       0     0.0000       0     0.5642       2     0.0000       0     0.0000       0
 151185          0.0000       0     0.0000       0     0.5792       2     0.0000       0     0.0000       0
 151190          0.0000       0     0.0000       0     0.5792       2     0.0000       0     0.0000       0
 151195          0.0000       0     0.0000       0     0.5942       2     0.0000       0     0.0000       0
 151200          0.0000       0     0.0000       0     0.5942       2     0.0000       0     0.0000       0
 151205          0.0000       0     0.0000       0     0.5642       2     0.0000       0     0.0000       0
 151210          0.0000       0     0.0000       0     0.5792       2     0.0000       0     0.0000       0
 151215          0.0000       0     0.0000       0     0.5942       2     0.0000       0     0.0000       0
 151220          0.0000       0     0.0000       0     0.5942       2     0.0000       0     0.0000       0
 151225          0.0000       0     0.0000       0     0.6394       2     0.0000       0     0.0000       0
 151230          0.0000       0     0.0000       0     0.6243       2     0.0000       0     0.0000       0
 151235          0.0000       0     0.0000       0     0.6243       2     0.0000       0     0.0000       0
 151240          0.0000       0     0.0000       0     0.5942       2     0.0000       0     0.0000       0
 151245          0.0000       0     0.0000       0     0.5792       2     0.0000       0     0.0000       0
 151250          0.0000       0     0.0000       0     0.6093       2     0.0000       0     0.0000       0
 151255          0.0000       0     0.0000       0     0.6243       2     0.0000       0     0.0000       0
 151260          0.0000       0     0.0000       0     0.6695       2     0.0000       0     0.0000       0
 151265          0.0000       0     0.0000       0     0.5642       2     0.0000       0     0.0000       0
 151270          0.0000       0     0.0000       0     0.6845       2     0.0000       0     0.0000       0
 151275          0.0000       0     0.0000       0     0.6845       2     0.0000       0     0.0000       0
 151280          0.0000       0     0.0000       0     0.6845       2     0.0000       0     0.0000       0
 151285          0.0000       0     0.0000       0     0.6695       2     0.0000       0     0.0000       0
 151290          0.0000       0     0.0000       0     0.6845       2     0.0000       0     0.0000       0
 151295          0.0000       0     0.0000       0     0.6695       2     0.0000       0     0.0000       0
 151300          0.0000       0     0.0000       0     0.6695       2     0.0000       0     0.0000       0
 151305          0.0000       0     0.0000       0     0.6394       2     0.0000       0     0.0000       0
 151310          0.0000       0     0.0000       0     0.6243       2     0.0000       0     0.0000       0
 151313          0.0000       0     0.0000       0     0.6002       2     0.8348     104     0.0000       0
 151315          0.0000       0     0.0000       0     0.5792       2     0.0000       0     0.0000       0
 151320          0.0000       0     0.0000       0     0.6394       2     0.0000       0     0.0000       0
 151325          0.0000       0     0.0000       0     0.7146       2     0.0000       0     0.0000       0
 151330          0.0000       0     0.0000       0     0.7146       2     0.0000       0     0.0000       0
 151335          0.0000       0     0.0000       0     0.7748       2     0.0000       0     0.0000       0
 151340          0.0000       0     0.0000       0     0.6996       2     0.0000       0     0.0000       0
 151345          0.0000       0     0.0000       0     0.6996       2     0.0000       0     0.0000       0
 151350          0.0000       0     0.0000       0     0.6845       2     0.0000       0     0.0000       0
 151355          0.0000       0     0.0000       0     0.6845       2     0.0000       0     0.0000       0
 151360          0.0000       0     0.0000       0     0.6695       2     0.0000       0     0.0000       0
 151365          0.0000       0     0.0000       0     0.6544       2     0.0000       0     0.0000       0
 151370          0.0000       0     0.0000       0     0.6845       2     0.0000       0     0.0000       0
 151375          0.0000       0     0.0000       0     0.6695       2     0.0000       0     0.0000       0
 151380          0.0000       0     0.0000       0     0.6845       2     0.0000       0     0.0000       0
 151385          0.0000       0     0.0000       0     0.7146       2     0.0000       0     0.0000       0
 151390          0.0000       0     0.0000       0     0.7146       2     0.0000       0     0.0000       0
 151395          0.0000       0     0.0000       0     0.8500       2     0.0000       0     0.0000       0
 151400          0.0000       0     0.0000       0     0.9704       2     0.0000       0     0.0000       0
 151405          0.0000       0     0.0000       0     1.0907       2     0.0000       0     0.0000       0
 151410          0.0000       0     0.0000       0     1.2111       2     0.0000       0     0.0000       0
 151415          0.0000       0     0.0000       0     0.9252       2     0.0000       0     0.0000       0
 151420          0.0000       0     0.0000       0     0.6845       2     0.0000       0     0.0000       0
 151425          0.0000       0     0.0000       0     0.7898       2     0.0000       0     0.0000       0
 151430          0.0000       0     0.0000       0     0.6695     202     0.0000       0     0.0000       0
 151520          0.0000       0     0.0000       0     0.6394     103     0.0000       0     0.0000       0
 151525          0.0000       0     0.0000       0     0.7597       3     0.0000       0     0.0000       0
 151530          0.0000       0     0.0000       0     0.6394       3     0.0000       0     0.0000       0
 151535          0.0000       0     0.0000       0     0.5942       3     0.0000       0     0.0000       0
 151540          0.0000       0     0.0000       0     0.5190       3     0.0000       0     0.0000       0
 151545          0.0000       0     0.0000       0     0.5491       3     0.0000       0     0.0000       0
 151550          0.0000       0     0.0000       0     0.5642       3     0.0000       0     0.0000       0
 151555          0.0000       0     0.0000       0     0.5642       3     0.0000       0     0.0000       0
 151560          0.0000       0     0.0000       0     0.6093       3     0.0000       0     0.0000       0
 151565          0.0000       0     0.0000       0     0.5942       3     0.0000       0     0.0000       0
 151570          0.0000       0     0.0000       0     0.5341       3     0.0000       0     0.0000       0
 151575          0.0000       0     0.0000       0     0.4288       3     0.0000       0     0.0000       0
 151580          0.0000       0     0.0000       0     0.4588       3     0.0000       0     0.0000       0
 151585          0.0000       0     0.0000       0     0.4588       3     0.0000       0     0.0000       0
 151590          0.0000       0     0.0000       0     0.4739       3     0.0000       0     0.0000       0
 151595          0.0000       0     0.0000       0     0.4889       3     0.0000       0     0.0000       0
 151600          0.0000       0     0.0000       0     0.5642       3     0.0000       0     0.0000       0
 151605          0.0000       0     0.0000       0     0.6394       3     0.0000       0     0.0000       0
 151610          0.0000       0     0.0000       0     0.7597       3     0.0000       0     0.0000       0
 151615          0.0000       0     0.0000       0     0.8199       3     0.0000       0     0.0000       0
 151620          0.0000       0     0.0000       0     0.6996       3     0.0000       0     0.0000       0
 151625          0.0000       0     0.0000       0     0.7447       3     0.0000       0     0.0000       0
 151630          0.0000       0     0.0000       0     0.7296       3     0.0000       0     0.0000       0
 151635          0.0000       0     0.0000       0     0.8500       3     0.0000       0     0.0000       0
 151640          0.0000       0     0.0000       0     0.9403       3     0.0000       0     0.0000       0
 151645          0.0000       0     0.0000       0     0.9252       3     0.0000       0     0.0000       0
 151650          0.0000       0     0.0000       0     0.7748       3     0.0000       0     0.0000       0
 151655          0.0000       0     0.0000       0     0.7748       3     0.0000       0     0.0000       0
 151660          0.0000       0     0.0000       0     0.8199       2     0.0000       0     0.0000       0
 151665          0.0000       0     0.0000       0     0.8500       2     0.0000       0     0.0000       0
 151670          0.0000       0     0.0000       0     0.9403       2     0.0000       0     0.0000       0
 151675          0.0000       0     0.8798     104     0.9819       2     0.0000       0     0.0000       0
 151680          0.0000       0     0.0000       0     0.8951       2     0.0000       0     0.0000       0
 151685          0.0000       0     0.0000       0     0.7597       2     0.0000       0     0.0000       0
 151690          0.0000       0     0.0000       0     0.6394       2     0.0000       0     0.0000       0
 151695          0.0000       0     0.0000       0     0.6243       2     0.0000       0     0.0000       0
 151700          0.0000       0     0.0000       0     0.6394       2     0.0000       0     0.0000       0
 151705          0.0000       0     0.0000       0     0.7146       2     0.0000       0     0.0000       0
 151710          0.0000       0     0.0000       0     0.7146       2     0.0000       0     0.0000       0
 151715          0.0000       0     0.0000       0     0.6996       2     0.0000       0     0.0000       0
 151720          0.0000       0     0.0000       0     0.7447       2     0.0000       0     0.0000       0
 151725          0.0000       0     0.0000       0     0.7898       2     0.0000       0     0.0000       0
 151730          0.0000       0     0.0000       0     0.8650       2     0.0000       0     0.0000       0
 151735          0.0000       0     0.0000       0     0.9102       2     0.0000       0     0.0000       0
 151740          0.0000       0     0.0000       0     0.9553       2     0.0000       0     0.0000       0
 151745          0.0000       0     0.0000       0     0.9854       2     0.0000       0     0.0000       0
 151750          0.0000       0     0.0000       0     0.9553       2     0.0000       0     0.0000       0
 151755          0.0000       0     0.0000       0     0.9102       2     0.0000       0     0.0000       0
 151760          0.0000       0     0.0000       0     0.9553       2     0.0000       0     0.0000       0
 151765          0.0000       0     0.0000       0     0.9704       2     0.0000       0     0.0000       0
 151770          0.0000       0     0.0000       0     0.9102       2     0.0000       0     0.0000       0
 151775          0.0000       0     0.0000       0     0.8951       2     0.0000       0     0.0000       0
 151780          0.0000       0     0.0000       0     0.9553       2     0.0000       0     0.0000       0
 151785          0.0000       0     0.0000       0     0.8650       2     0.0000       0     0.0000       0
 151790          0.0000       0     0.0000       0     0.7748       2     0.0000       0     0.0000       0
 151795          0.0000       0     0.0000       0     0.6845       2     0.0000       0     0.0000       0
 151800          0.0000       0     0.0000       0     0.7748       2     0.0000       0     0.0000       0
 151805          0.0000       0     0.0000       0     0.7748       2     0.0000       0     0.0000       0
 151810          0.0000       0     0.0000       0     0.8801       2     0.0000       0     0.0000       0
 151815          0.0000       0     0.0000       0     0.8650       2     0.0000       0     0.0000       0
 151820          0.0000       0     0.0000       0     0.8049       2     0.0000       0     0.0000       0
 151825          0.0000       0     0.0000       0     0.7748       2     0.0000       0     0.0000       0
 151830          0.0000       0     0.0000       0     0.8199       2     0.0000       0     0.0000       0
 151835          0.0000       0     0.0000       0     0.8350       2     0.0000       0     0.0000       0
 151840          0.0000       0     0.0000       0     0.8801       2     0.0000       0     0.0000       0
 151845          0.0000       0     0.0000       0     0.8199     202     0.0000       0     0.0000       0
 151850          0.0000       0     0.0000       0     0.0000       0     0.0000       0     0.8947     102
 151855          0.0000       0     0.0000       0     0.0000       0     0.0000       0     1.1052       2
 151860          0.0000       0     0.0000       0     0.0000       0     0.0000       0     1.2255       2
 151865          0.0000       0     0.0000       0     0.0000       0     0.0000       0     1.3007       2
 151870          0.0000       0     0.0000       0     0.0000       0     0.0000       0     1.3909       2
 151875          0.0000       0     0.0000       0     0.0000       0     0.0000       0     1.4962       2
 151880          0.0000       0     0.0000       0     0.0000       0     0.0000       0     1.5263       2
 151885          0.0000       0     0.0000       0     0.0000       0     0.0000       0     1.6315       2
 151888          0.0000       0     0.0000       0     0.0000       0     0.9398     104     1.6407       2
 151890          0.0000       0     0.0000       0     0.0000       0     0.0000       0     1.6466       2
 151895          0.0000       0     0.0000       0     0.0000       0     0.0000       0     1.6466       2
 151900          0.0000       0     0.0000       0     0.0000       0     0.0000       0     1.6315       2
 151905          0.0000       0     0.0000       0     0.0000       0     0.0000       0     1.5263       2
 151910          0.0000       0     0.0000       0     0.0000       0     0.0000       0     1.2706       2
 151915          0.0000       0     0.0000       0     0.0000       0     0.0000       0     1.0601       2
 151920          0.0000       0     0.0000       0     0.0000       0     0.0000       0     0.9398       2
 151925          0.0000       0     0.0000       0     0.0000       0     0.0000       0     0.9248       2
 151930          0.0000       0     0.0000       0     0.0000       0     0.0000       0     0.7744     202
 152023          0.0000       0     0.0000       0     0.0000       0     0.9398     104     0.0000       0
 152230          0.0000       0     0.0000       0     0.7594     102     0.0000       0     0.0000       0
 152235          0.0000       0     0.0000       0     0.6391       2     0.0000       0     0.0000       0
 152240          0.0000       0     0.0000       0     0.5639       2     0.0000       0     0.0000       0
 152245          0.0000       0     0.0000       0     0.5037       2     0.0000       0     0.0000       0
 152250          0.0000       0     0.0000       0     0.5037       2     0.0000       0     0.0000       0
 152255          0.0000       0     0.0000       0     0.5338       2     0.0000       0     0.0000       0
 152260          0.0000       0     0.0000       0     0.5789       2     0.0000       0     0.0000       0
 152265          0.0000       0     0.0000       0     0.5639       2     0.0000       0     0.0000       0
 152270          0.0000       0     0.0000       0     0.5489       2     0.0000       0     0.0000       0
 152275          0.0000       0     0.0000       0     0.5188       2     0.0000       0     0.0000       0
 152280          0.0000       0     0.0000       0     0.5639       2     0.0000       0     0.0000       0
 152285          0.0000       0     0.0000       0     0.5940       2     0.0000       0     0.0000       0
 152290          0.0000       0     0.0000       0     0.5789       2     0.0000       0     0.0000       0
 152295          0.0000       0     0.0000       0     0.5639       2     0.0000       0     0.0000       0
 152300          0.0000       0     0.0000       0     0.5639       2     0.0000       0     0.0000       0
 152305          0.0000       0     0.0000       0     0.5489       2     0.0000       0     0.0000       0
 152310          0.0000       0     0.0000       0     0.4436       2     0.0000       0     0.0000       0
 152315          0.0000       0     0.0000       0     0.4135       2     0.0000       0     0.0000       0
 152320          0.0000       0     0.0000       0     0.3985       2     0.0000       0     0.0000       0
 152325          0.0000       0     0.0000       0     0.4286       2     0.0000       0     0.0000       0
 152330          0.0000       0     0.0000       0     0.4286       2     0.0000       0     0.0000       0
 152335          0.0000       0     0.0000       0     0.3985       2     0.0000       0     0.0000       0
 152340          0.0000       0     0.0000       0     0.4135       2     0.0000       0     0.0000       0
 152345          0.0000       0     0.0000       0     0.4737       2     0.0000       0     0.0000       0
 152350          0.0000       0     0.0000       0     0.5338       2     0.0000       0     0.0000       0
 152355          0.0000       0     0.0000       0     0.6240       2     0.0000       0     0.0000       0
 152360          0.0000       0     0.0000       0     0.6842       2     0.0000       0     0.0000       0
 152365          0.0000       0     0.0000       0     0.7293       2     0.0000       0     0.0000       0
 152370          0.0000       0     0.0000       0     0.8496       2     0.0000       0     0.0000       0
 152375          0.0000       0     0.0000       0     0.9398       2     0.0000       0     0.0000       0
 152380          0.0000       0     0.0000       0     0.9398       2     0.0000       0     0.0000       0
 152385          0.0000       0     0.0000       0     0.9699       2     0.0000       0     0.0000       0
 152390          0.0000       0     0.0000       0     0.9699       2     0.0000       0     0.0000       0
 152395          0.0000       0     0.0000       0     0.9549       2     0.0000       0     0.0000       0
 152400          0.0000       0     0.0000       0     0.9398       2     0.0000       0     0.0000       0
 152405          0.0000       0     0.0000       0     0.9248       2     0.0000       0     0.0000       0
 152410          0.0000       0     0.0000       0     0.9398       2     0.0000       0     0.0000       0
 152415          0.0000       0     0.0000       0     0.9849       2     0.0000       0     0.0000       0
 152420          0.0000       0     0.0000       0     1.0451       2     0.0000       0     0.0000       0
 152425          0.0000       0     0.0000       0     1.1052       2     0.0000       0     0.0000       0
 152430          0.0000       0     0.0000       0     1.1203       2     0.0000       0     0.0000       0
 152435          0.0000       0     0.0000       0     1.0902       2     0.0000       0     0.0000       0
 152440          0.0000       0     0.0000       0     1.1052       2     0.0000       0     0.0000       0
 152445          0.0000       0     0.0000       0     1.0601       2     0.0000       0     0.0000       0
 152450          0.0000       0     0.0000       0     1.0902       2     0.0000       0     0.0000       0
 152455          0.0000       0     0.0000       0     1.0902       2     0.0000       0     0.0000       0
 152460          0.0000       0     0.0000       0     1.0752       2     0.0000       0     0.0000       0
 152465          0.0000       0     0.0000       0     1.0451       2     0.0000       0     0.0000       0
 152470          0.0000       0     0.0000       0     1.0451       2     0.0000       0     0.0000       0
 152475          0.0000       0     0.0000       0     1.0451       2     0.0000       0     0.0000       0
 152480          0.0000       0     0.0000       0     1.0601       2     0.0000       0     0.0000       0
 152485          0.0000       0     0.0000       0     1.0601       2     0.0000       0     0.0000       0
 152490          0.0000       0     0.0000       0     0.9549       2     0.0000       0     0.0000       0
 152495          0.0000       0     0.0000       0     0.9699       2     0.0000       0     0.0000       0
 152500          0.0000       0     0.0000       0     0.8045       2     0.0000       0     0.0000       0
 152505          0.0000       0     0.0000       0     0.4436       3     0.0000       0     0.0000       0
 152510          0.0000       0     0.0000       0     0.5338       3     0.0000       0     0.0000       0
 152515          0.0000       0     0.0000       0     0.5338       3     0.0000       0     0.0000       0
 152520          0.0000       0     0.0000       0     0.5338       3     0.0000       0     0.0000       0
 152525          0.0000       0     0.0000       0     0.5338       3     0.0000       0     0.0000       0
 152530          0.0000       0     0.0000       0     0.5489       3     0.0000       0     0.0000       0
 152535          0.0000       0     0.0000       0     0.5338       3     0.0000       0     0.0000       0
 152540          0.0000       0     0.0000       0     0.5489       3     0.0000       0     0.0000       0
 152545          0.0000       0     0.0000       0     0.5639       3     0.0000       0     0.0000       0
 152550          0.0000       0     0.0000       0     0.5338       3     0.0000       0     0.0000       0
 152555          0.0000       0     0.0000       0     0.8045       3     0.0000       0     0.0000       0
 152560          0.0000       0     0.0000       0     0.8045       3     0.0000       0     0.0000       0
 152565          0.0000       0     0.0000       0     0.7894       3     0.0000       0     0.0000       0
 152570          0.0000       0     0.0000       0     0.6391       3     0.0000       0     0.0000       0
 152575          0.0000       0     0.0000       0     0.6541       3     0.0000       0     0.0000       0
 152580          0.0000       0     0.0000       0     0.6992       3     0.0000       0     0.0000       0
 152585          0.0000       0     0.0000       0     0.6845       2     0.0000       0     0.0000       0
 152590          0.0000       0     0.0000       0     0.6093       2     0.0000       0     0.0000       0
 152595          0.0000       0     0.0000       0     0.6093       2     0.0000       0     0.0000       0
 152600          0.0000       0     0.0000       0     0.6093       2     0.0000       0     0.0000       0
 152605          0.0000       0     0.0000       0     0.5792       2     0.0000       0     0.0000       0
 152610          0.0000       0     0.0000       0     0.5792       2     0.0000       0     0.0000       0
 152615          0.0000       0     0.0000       0     0.6093       2     0.0000       0     0.0000       0
 152620          0.0000       0     0.0000       0     0.5792       2     0.0000       0     0.0000       0
 152625          0.0000       0     0.0000       0     0.5792       2     0.0000       0     0.0000       0
 152630          0.0000       0     0.0000       0     0.6093       2     0.0000       0     0.0000       0
 152635          0.0000       0     0.0000       0     0.5942       2     0.0000       0     0.0000       0
 152640          0.0000       0     0.0000       0     0.6243       2     0.0000       0     0.0000       0
 152645          0.0000       0     0.0000       0     0.6093       2     0.0000       0     0.0000       0
 152650          0.0000       0     0.0000       0     0.6243       2     0.0000       0     0.0000       0
 152655          0.0000       0     0.0000       0     0.5942       2     0.0000       0     0.0000       0
 152660          0.0000       0     0.0000       0     0.6093       2     0.0000       0     0.0000       0
 152665          0.0000       0     0.0000       0     0.5642       2     0.0000       0     0.0000       0
 152670          0.0000       0     0.0000       0     0.5491       2     0.0000       0     0.0000       0
 152675          0.0000       0     0.0000       0     0.5491       2     0.0000       0     0.0000       0
 152680          0.0000       0     0.0000       0     0.5491       2     0.0000       0     0.0000       0
 152685          0.0000       0     0.0000       0     0.6093       2     0.0000       0     0.0000       0
 152690          0.0000       0     0.0000       0     0.6243       2     0.0000       0     0.0000       0
 152695          0.0000       0     0.0000       0     0.6243       2     0.0000       0     0.0000       0
 152700          0.0000       0     0.0000       0     0.6093       2     0.0000       0     0.0000       0
 152705          0.0000       0     0.0000       0     0.5942       2     0.0000       0     0.0000       0
 152710          0.0000       0     0.0000       0     0.6243       2     0.0000       0     0.0000       0
 152715          0.0000       0     0.0000       0     0.6093       2     0.0000       0     0.0000       0
 152720          0.0000       0     0.0000       0     0.6845       2     0.0000       0     0.0000       0
 152725          0.0000       0     0.0000       0     0.5792       2     0.0000       0     0.0000       0
 152730          0.0000       0     0.0000       0     0.5190       2     0.0000       0     0.0000       0
 152735          0.0000       0     0.0000       0     0.5792       2     0.0000       0     0.0000       0
 152740          0.0000       0     0.0000       0     0.5491       2     0.0000       0     0.0000       0
 152745          0.0000       0     0.0000       0     0.5642       2     0.0000       0     0.0000       0
 152750          0.0000       0     0.0000       0     0.5491       2     0.0000       0     0.0000       0
 152755          0.0000       0     0.0000       0     0.5190       2     0.0000       0     0.0000       0
 152760          0.0000       0     0.0000       0     0.5491       2     0.0000       0     0.0000       0
 152765          0.0000       0     0.0000       0     0.5642       2     0.0000       0     0.0000       0
 152770          0.0000       0     0.0000       0     0.5491       2     0.0000       0     0.0000       0
 152775          0.0000       0     0.0000       0     0.5341       2     0.0000       0     0.0000       0
 152780          0.0000       0     0.0000       0     0.5491       2     0.0000       0     0.0000       0
 152785          0.0000       0     0.0000       0     0.5491       2     0.0000       0     0.0000       0
 152790          0.0000       0     0.0000       0     0.5491       2     0.0000       0     0.0000       0
 152795          0.0000       0     0.0000       0     0.5642       2     0.0000       0     0.0000       0
 152800          0.0000       0     0.0000       0     0.5792       2     0.0000       0     0.0000       0
 152805          0.0000       0     0.0000       0     0.5942       2     0.0000       0     0.0000       0
 152810          0.0000       0     0.0000       0     0.5792       3     0.0000       0     0.0000       0
 152815          0.0000       0     0.0000       0     0.5642       3     0.0000       0     0.0000       0
 152820          0.0000       0     0.0000       0     0.5792       3     0.0000       0     0.0000       0
 152825          0.0000       0     0.0000       0     0.4739       3     0.0000       0     0.0000       0
 152830          0.0000       0     0.0000       0     0.5942       3     0.0000       0     0.0000       0
 152835          0.0000       0     0.0000       0     0.5040       3     0.0000       0     0.0000       0
 152840          0.0000       0     0.0000       0     0.5642       3     0.0000       0     0.0000       0
 152845          0.0000       0     0.0000       0     0.5491       3     0.0000       0     0.0000       0
 152850          0.0000       0     0.0000       0     0.5190       3     0.0000       0     0.0000       0
 152855          0.0000       0     0.0000       0     0.5341       3     0.0000       0     0.0000       0
 152860          0.0000       0     0.0000       0     0.4588       3     0.0000       0     0.0000       0
 152865          0.0000       0     0.0000       0     0.6845       2     0.0000       0     0.0000       0
 152870          0.0000       0     0.0000       0     0.5942       2     0.0000       0     0.0000       0
 152875          0.0000       0     0.0000       0     0.5642       2     0.0000       0     0.0000       0
 152880          0.0000       0     0.0000       0     0.5642       2     0.0000       0     0.0000       0
 152885          0.0000       0     0.0000       0     0.4739       2     0.0000       0     0.0000       0
 152890          0.0000       0     0.0000       0     0.4739       2     0.0000       0     0.0000       0
 152895          0.0000       0     0.0000       0     0.4588       2     0.0000       0     0.0000       0
 152900          0.0000       0     0.0000       0     0.4137       2     0.0000       0     0.0000       0
 152905          0.0000       0     0.0000       0     0.4137       2     0.0000       0     0.0000       0
 152910          0.0000       0     0.0000       0     0.4288       2     0.0000       0     0.0000       0
 152915          0.0000       0     0.0000       0     0.4889       2     0.0000       0     0.0000       0
 152920          0.0000       0     0.0000       0     0.4588       2     0.0000       0     0.0000       0
 152925          0.0000       0     0.0000       0     0.4438       2     0.0000       0     0.0000       0
 152930          0.0000       0     0.0000       0     0.4739       2     0.0000       0     0.0000       0
 152935          0.0000       0     0.0000       0     0.4588       2     0.0000       0     0.0000       0
 152940          0.0000       0     0.0000       0     0.4889       2     0.0000       0     0.0000       0
 152945          0.0000       0     0.0000       0     0.5190       2     0.0000       0     0.0000       0
 152950          0.0000       0     0.0000       0     0.5341       2     0.0000       0     0.0000       0
 152955          0.0000       0     0.0000       0     0.5491       2     0.0000       0     0.0000       0
 152960          0.0000       0     0.0000       0     0.5942       2     0.0000       0     0.0000       0
 152965          0.0000       0     0.0000       0     0.5942       2     0.0000       0     0.0000       0
 152970          0.0000       0     0.0000       0     0.5491     202     0.0000       0     0.0000       0
 152985          0.0000       0     0.0000       0     0.8049     101     0.0000       0     0.0000       0
 152990          0.0000       0     0.0000       0     0.7146       1     0.0000       0     0.0000       0
 152995          0.0000       0     0.0000       0     0.7296       1     0.0000       0     0.0000       0
 153000          0.0000       0     0.0000       0     0.7748       1     0.0000       0     0.0000       0
 153005          0.0000       0     0.0000       0     0.7296       1     0.0000       0     0.0000       0
 153010          0.0000       0     0.0000       0     0.7146       1     0.0000       0     0.0000       0
 153015          0.0000       0     0.0000       0     0.7296       1     0.0000       0     0.0000       0
 153020          0.0000       0     0.0000       0     0.7146       1     0.0000       0     0.0000       0
 153025          0.0000       0     0.0000       0     0.7146       1     0.0000       0     0.0000       0
 153030          0.0000       0     0.0000       0     0.6996       1     0.0000       0     0.0000       0
 153035          0.0000       0     0.0000       0     0.7296       1     0.0000       0     0.0000       0
 153040          0.0000       0     0.0000       0     0.9403       1     0.0000       0     0.0000       0
 153045          0.0000       0     0.0000       0     1.3314     201     0.0000       0     0.0000       0
 153050          0.0000       0     0.0000       0     0.0000       0     0.0000       0     1.8571     102
 153055          0.0000       0     0.0000       0     0.0000       0     0.0000       0     1.8571       2
 153060          0.0000       0     0.0000       0     0.0000       0     0.0000       0     2.0977       2
 153065          0.0000       0     0.0000       0     0.0000       0     0.0000       0     2.2180       2
 153070          0.0000       0     0.0000       0     0.0000       0     0.0000       0     1.8571       2
 153075          0.0000       0     0.0000       0     0.0000       0     0.0000       0     1.2556     202
 153080          0.0000       0     0.0000       0     1.1509     101     0.0000       0     0.0000       0
 153085          0.0000       0     0.0000       0     0.8500       1     0.0000       0     0.0000       0
 153090          0.0000       0     0.0000       0     0.8049       1     0.0000       0     0.0000       0
 153095          0.0000       0     0.0000       0     0.7748       1     0.0000       0     0.0000       0
 153100          0.0000       0     0.0000       0     0.8199       1     0.0000       0     0.0000       0
 153105          0.0000       0     0.0000       0     0.7748       1     0.0000       0     0.0000       0
 153110          0.0000       0     0.0000       0     0.7296       1     0.0000       0     0.0000       0
 153115          0.0000       0     0.0000       0     0.6845       1     0.0000       0     0.0000       0
 153120          0.0000       0     0.0000       0     0.7447       1     0.0000       0     0.0000       0
 153125          0.0000       0     0.0000       0     0.7447       1     0.0000       0     0.0000       0
 153130          0.0000       0     0.0000       0     0.7447       1     0.0000       0     0.0000       0
 153135          0.0000       0     0.0000       0     0.8049       1     0.0000       0     0.0000       0
 153140          0.0000       0     0.0000       0     0.8500       1     0.0000       0     0.0000       0
 153145          0.0000       0     0.0000       0     0.8199       1     0.0000       0     0.0000       0
 153150          0.0000       0     0.0000       0     0.8199       1     0.0000       0     0.0000       0
 153155          0.0000       0     0.0000       0     0.8801       1     0.0000       0     0.0000       0
 153160          0.0000       0     0.0000       0     0.8199       1     0.0000       0     0.0000       0
 153165          0.0000       0     0.0000       0     0.8199       1     0.0000       0     0.0000       0
 153170          0.0000       0     0.0000       0     0.8650       1     0.0000       0     0.0000       0
 153175          0.0000       0     0.0000       0     0.8350       1     0.0000       0     0.0000       0
 153180          0.0000       0     0.0000       0     0.8199       1     0.0000       0     0.0000       0
 153185          0.0000       0     0.0000       0     0.8049       1     0.0000       0     0.0000       0
 153190          0.0000       0     0.0000       0     0.8199       1     0.0000       0     0.0000       0
 153195          0.0000       0     0.0000       0     0.8199       1     0.0000       0     0.0000       0
 153200          0.0000       0     0.0000       0     0.8199       2     0.0000       0     0.0000       0
 153205          0.0000       0     0.0000       0     0.8199       2     0.0000       0     0.0000       0
 153210          0.0000       0     0.0000       0     0.8500       2     0.0000       0     0.0000       0
 153215          0.0000       0     0.0000       0     0.8350       2     0.0000       0     0.0000       0
 153220          0.0000       0     0.0000       0     0.8650       2     0.0000       0     0.0000       0
 153225          0.0000       0     0.0000       0     0.8350       2     0.0000       0     0.0000       0
 153230          0.0000       0     0.0000       0     0.8199       2     0.0000       0     0.0000       0
 153235          0.0000       0     0.0000       0     0.8650       2     0.0000       0     0.0000       0
 153240          0.0000       0     0.0000       0     0.9252       2     0.0000       0     0.0000       0
 153245          0.0000       0     0.0000       0     0.8801       2     0.0000       0     0.0000       0
 153250          0.0000       0     0.0000       0     0.6996       2     0.0000       0     0.0000       0
 153255          0.0000       0     0.0000       0     0.6845       2     0.0000       0     0.0000       0
 153260          0.0000       0     0.0000       0     0.6695       2     0.0000       0     0.0000       0
 153265          0.0000       0     0.0000       0     0.6695       2     0.0000       0     0.0000       0
 153270          0.0000       0     0.0000       0     0.6996       2     0.0000       0     0.0000       0
 153275          0.0000       0     0.0000       0     0.6845       2     0.0000       0     0.0000       0
 153280          0.0000       0     0.0000       0     0.6243       2     0.0000       0     0.0000       0
 153285          0.0000       0     0.0000       0     0.6243       2     0.0000       0     0.0000       0
 153290          0.0000       0     0.0000       0     0.6695       2     0.0000       0     0.0000       0
 153295          0.0000       0     0.0000       0     0.6544       2     0.0000       0     0.0000       0
 153300          0.0000       0     0.0000       0     0.6695       2     0.0000       0     0.0000       0
 153305          0.0000       0     0.0000       0     0.6544       2     0.0000       0     0.0000       0
 153310          0.0000       0     0.0000       0     0.6544       2     0.0000       0     0.0000       0
 153315          0.0000       0     0.0000       0     0.6544       2     0.0000       0     0.0000       0
 153320          0.0000       0     0.0000       0     0.6695     202     0.0000       0     0.0000       0
 153575          0.0000       0     0.0000       0     0.0000       0     0.0000       0     1.5263     102
 153580          0.0000       0     0.0000       0     0.0000       0     0.0000       0     1.2556       2
 153585          0.0000       0     0.0000       0     0.0000       0     0.0000       0     0.9406       2
 153590          0.0000       0     0.0000       0     0.0000       0     0.0000       0     0.7750       2
 153595          0.0000       0     0.0000       0     0.0000       0     0.0000       0     0.6546       2
 153600          0.0000       0     0.0000       0     0.0000       0     0.0000       0     0.7901       2
 153605          0.0000       0     0.0000       0     0.0000       0     0.0000       0     0.8804       2
 153610          0.0000       0     0.0000       0     0.0000       0     0.0000       0     0.8804       2
 153615          0.0000       0     0.0000       0     0.0000       0     0.0000       0     0.8954       2
 153620          0.0000       0     0.0000       0     0.0000       0     0.0000       0     0.8954       2
 153625          0.0000       0     0.0000       0     0.0000       0     0.0000       0     0.7901       2
 153630          0.0000       0     0.0000       0     0.0000       0     0.0000       0     0.8051       2
 153635          0.0000       0     0.0000       0     0.0000       0     0.0000       0     0.8051       2
 153640          0.0000       0     0.0000       0     0.0000       0     0.0000       0     0.8202       2
 153645          0.0000       0     0.0000       0     0.0000       0     0.0000       0     0.8051       2
 153650          0.0000       0     0.0000       0     0.0000       0     0.0000       0     0.6998       2
 153655          0.0000       0     0.0000       0     0.0000       0     0.0000       0     0.7600       2
 153660          0.0000       0     0.0000       0     0.0000       0     0.0000       0     0.9105       2
 153665          0.0000       0     0.0000       0     0.0000       0     0.0000       0     1.0309       2
 153670          0.0000       0     0.0000       0     0.0000       0     0.0000       0     1.1513       2
 153675          0.0000       0     0.0000       0     0.0000       0     0.0000       0     1.2717       2
 153680          0.0000       0     0.0000       0     0.0000       0     0.0000       0     1.3921       2
 153685          0.0000       0     0.0000       0     0.0000       0     0.0000       0     1.4974       2
 153690          0.0000       0     0.0000       0     0.0000       0     0.0000       0     1.4974       2
 153695          0.0000       0     0.0000       0     0.0000       0     0.0000       0     1.3018     202
 153785          0.0000       0     0.0000       0     0.7148     102     0.0000       0     0.0000       0
 153790          0.0000       0     0.0000       0     0.7299       2     0.0000       0     0.0000       0
 153795          0.0000       0     0.0000       0     0.7148       2     0.0000       0     0.0000       0
 153800          0.0000       0     0.0000       0     0.7449       2     0.0000       0     0.0000       0
 153805          0.0000       0     0.0000       0     0.7299       2     0.0000       0     0.0000       0
 153810          0.0000       0     0.0000       0     0.6697       2     0.0000       0     0.0000       0
 153815          0.0000       0     0.0000       0     0.6245       2     0.0000       0     0.0000       0
 153820          0.0000       0     0.0000       0     0.5342       2     0.0000       0     0.0000       0
 153825          0.0000       0     0.0000       0     0.5643       2     0.0000       0     0.0000       0
 153830          0.0000       0     0.0000       0     0.5643       1     0.0000       0     0.0000       0
 153835          0.0000       0     0.0000       0     0.5493       1     0.0000       0     0.0000       0
 153840          0.0000       0     0.0000       0     0.5192       1     0.0000       0     0.0000       0
 153845          0.0000       0     0.0000       0     0.4741       1     0.0000       0     0.0000       0
 153850          0.0000       0     0.0000       0     0.4891       1     0.0000       0     0.0000       0
 153855          0.0000       0     0.0000       0     0.5192       1     0.0000       0     0.0000       0
 153860          0.0000       0     0.0000       0     0.5493       1     0.0000       0     0.0000       0
 153865          0.0000       0     0.0000       0     0.5643       1     0.0000       0     0.0000       0
 153870          0.0000       0     0.0000       0     0.5493       1     0.0000       0     0.0000       0
 153875          0.0000       0     0.0000       0     0.5643       1     0.0000       0     0.0000       0
 153880          0.0000       0     0.0000       0     0.5493       1     0.0000       0     0.0000       0
 153885          0.0000       0     0.0000       0     0.5794       1     0.0000       0     0.0000       0
 153890          0.0000       0     0.0000       0     0.5493       1     0.0000       0     0.0000       0
 153895          0.0000       0     0.0000       0     0.6095       1     0.0000       0     0.0000       0
 153900          0.0000       0     0.0000       0     0.6095       1     0.0000       0     0.0000       0
 153905          0.0000       0     0.0000       0     0.5794       1     0.0000       0     0.0000       0
 153910          0.0000       0     0.0000       0     0.5493       1     0.0000       0     0.0000       0
 153915          0.0000       0     0.0000       0     0.5643       1     0.0000       0     0.0000       0
 153920          0.0000       0     0.0000       0     0.5493       1     0.0000       0     0.0000       0
 153925          0.0000       0     0.0000       0     0.5794       1     0.0000       0     0.0000       0
 153930          0.0000       0     0.0000       0     0.5944       1     0.0000       0     0.0000       0
 153935          0.0000       0     0.0000       0     0.5794       1     0.0000       0     0.0000       0
 153940          0.0000       0     0.0000       0     0.5041       1     0.0000       0     0.0000       0
 153945          0.0000       0     0.0000       0     0.5342       1     0.0000       0     0.0000       0
 153950          0.0000       0     0.0000       0     0.5944       1     0.0000       0     0.0000       0
 153955          0.0000       0     0.0000       0     0.5342       1     0.0000       0     0.0000       0
 153960          0.0000       0     0.0000       0     0.5041       1     0.0000       0     0.0000       0
 153965          0.0000       0     0.0000       0     0.5342       1     0.0000       0     0.0000       0
 153970          0.0000       0     0.0000       0     0.5794       1     0.0000       0     0.0000       0
 153975          0.0000       0     0.0000       0     0.5794       1     0.0000       0     0.0000       0
 153980          0.0000       0     0.0000       0     0.6396       1     0.0000       0     0.0000       0
 153985          0.0000       0     0.0000       0     0.5643       1     0.0000       0     0.0000       0
 153990          0.0000       0     0.0000       0     0.6095       1     0.0000       0     0.0000       0
 153995          0.0000       0     0.0000       0     0.6245       1     0.0000       0     0.0000       0
 154000          0.0000       0     0.0000       0     0.6546       1     0.0000       0     0.0000       0
 154005          0.0000       0     0.0000       0     0.5944       1     0.0000       0     0.0000       0
 154010          0.0000       0     0.0000       0     0.5794       1     0.0000       0     0.0000       0
 154015          0.0000       0     0.0000       0     0.5643       1     0.0000       0     0.0000       0
 154020          0.0000       0     0.0000       0     0.5942       1     0.0000       0     0.0000       0
 154025          0.0000       0     0.0000       0     0.5642       1     0.0000       0     0.0000       0
 154030          0.0000       0     0.0000       0     0.5792       1     0.0000       0     0.0000       0
 154035          0.0000       0     0.0000       0     0.5792       1     0.0000       0     0.0000       0
 154040          0.0000       0     0.0000       0     0.5491       1     0.0000       0     0.0000       0
 154045          0.0000       0     0.0000       0     0.5642       1     0.0000       0     0.0000       0
 154050          0.0000       0     0.0000       0     0.5642       1     0.0000       0     0.0000       0
 154055          0.0000       0     0.0000       0     0.5491       1     0.0000       0     0.0000       0
 154060          0.0000       0     0.0000       0     0.5792       1     0.0000       0     0.0000       0
 154065          0.0000       0     0.0000       0     0.5942       1     0.0000       0     0.0000       0
 154070          0.0000       0     0.0000       0     0.5642       1     0.0000       0     0.0000       0
 154075          0.0000       0     0.0000       0     0.5642       1     0.0000       0     0.0000       0
 154080          0.0000       0     0.0000       0     0.5642       1     0.0000       0     0.0000       0
 154085          0.0000       0     0.0000       0     0.6243       1     0.0000       0     0.0000       0
 154090          0.0000       0     0.0000       0     0.6093       1     0.0000       0     0.0000       0
 154095          0.0000       0     0.0000       0     0.6093       1     0.0000       0     0.0000       0
 154100          0.0000       0     0.0000       0     0.5942       1     0.0000       0     0.0000       0
 154105          0.0000       0     0.0000       0     0.5942       1     0.0000       0     0.0000       0
 154110          0.0000       0     0.0000       0     0.6093       1     0.0000       0     0.0000       0
 154115          0.0000       0     0.0000       0     0.5792       1     0.0000       0     0.0000       0
 154120          0.0000       0     0.0000       0     0.5792       1     0.0000       0     0.0000       0
 154125          0.0000       0     0.0000       0     0.5942       1     0.0000       0     0.0000       0
 154130          0.0000       0     0.0000       0     0.5942       1     0.0000       0     0.0000       0
 154135          0.0000       0     0.0000       0     0.5942       1     0.0000       0     0.0000       0
 154140          0.0000       0     0.0000       0     0.5942       1     0.0000       0     0.0000       0
 154145          0.0000       0     0.0000       0     0.5942       1     0.0000       0     0.0000       0
 154150          0.0000       0     0.0000       0     0.5942       1     0.0000       0     0.0000       0
 154155          0.0000       0     0.0000       0     0.5792       1     0.0000       0     0.0000       0
 154160          0.0000       0     0.0000       0     0.5942       1     0.0000       0     0.0000       0
 154165          0.0000       0     0.0000       0     0.5792       1     0.0000       0     0.0000       0
 154170          0.0000       0     0.0000       0     0.5942       1     0.0000       0     0.0000       0
 154175          0.0000       0     0.0000       0     0.5642       1     0.0000       0     0.0000       0
 154180          0.0000       0     0.0000       0     0.5491       1     0.0000       0     0.0000       0
 154185          0.0000       0     0.0000       0     0.5944       1     0.0000       0     0.0000       0
 154190          0.0000       0     0.0000       0     0.5794       1     0.0000       0     0.0000       0
 154195          0.0000       0     0.0000       0     0.5944       1     0.0000       0     0.0000       0
 154200          0.0000       0     0.0000       0     0.5794       1     0.0000       0     0.0000       0
 154205          0.0000       0     0.0000       0     0.5794       1     0.0000       0     0.0000       0
 154210          0.0000       0     0.0000       0     0.5794       1     0.0000       0     0.0000       0
 154215          0.0000       0     0.0000       0     0.5944       1     0.0000       0     0.0000       0
 154220          0.0000       0     0.0000       0     0.5944       1     0.0000       0     0.0000       0
 154225          0.0000       0     0.0000       0     0.5794       1     0.0000       0     0.0000       0
 154230          0.0000       0     0.0000       0     0.5794       1     0.0000       0     0.0000       0
 154235          0.0000       0     0.0000       0     0.5643       1     0.0000       0     0.0000       0
 154240          0.0000       0     0.0000       0     0.6095       1     0.0000       0     0.0000       0
 154245          0.0000       0     0.0000       0     0.6245       1     0.0000       0     0.0000       0
 154250          0.0000       0     0.0000       0     0.6245       1     0.0000       0     0.0000       0
 154255          0.0000       0     0.0000       0     0.6095       1     0.0000       0     0.0000       0
 154260          0.0000       0     0.0000       0     0.6095       1     0.0000       0     0.0000       0
 154265          0.0000       0     0.0000       0     0.6245       1     0.0000       0     0.0000       0
 154270          0.0000       0     0.0000       0     0.6095       1     0.0000       0     0.0000       0
 154275          0.0000       0     0.0000       0     0.5493       1     0.0000       0     0.0000       0
 154280          0.0000       0     0.0000       0     0.5944       1     0.0000       0     0.0000       0
 154285          0.0000       0     0.0000       0     0.6095       1     0.0000       0     0.0000       0
 154290          0.0000       0     0.0000       0     0.6095       1     0.0000       0     0.0000       0
 154295          0.0000       0     0.0000       0     0.6095       1     0.0000       0     0.0000       0
 154300          0.0000       0     0.0000       0     0.6546       1     0.0000       0     0.0000       0
 154305          0.0000       0     0.0000       0     0.5944       1     0.0000       0     0.0000       0
 154310          0.0000       0     0.0000       0     0.6095       1     0.0000       0     0.0000       0
 154315          0.0000       0     0.0000       0     0.6095       1     0.0000       0     0.0000       0
 154320          0.0000       0     0.0000       0     0.6546       1     0.0000       0     0.0000       0
 154325          0.0000       0     0.0000       0     0.6998       1     0.0000       0     0.0000       0
 154330          0.0000       0     0.0000       0     0.7600       1     0.0000       0     0.0000       0
 154335          0.0000       0     0.0000       0     0.8804       1     0.0000       0     0.0000       0
 154340          0.0000       0     0.0000       0     0.9707       1     0.0000       0     0.0000       0
 154345          0.0000       0     0.0000       0     1.1362       2     0.0000       0     0.0000       0
 154350          0.0000       0     0.0000       0     1.0008       2     0.0000       0     0.0000       0
 154355          0.0000       0     0.0000       0     0.8804       2     0.0000       0     0.0000       0
 154360          0.0000       0     0.0000       0     0.8653       2     0.0000       0     0.0000       0
 154365          0.0000       0     0.0000       0     0.8352       2     0.0000       0     0.0000       0
 154370          0.0000       0     0.0000       0     0.7148       2     0.0000       0     0.0000       0
 154375          0.0000       0     0.0000       0     0.6546       2     0.0000       0     0.0000       0
 154380          0.0000       0     0.0000       0     0.6998       2     0.0000       0     0.0000       0
 154385          0.0000       0     0.0000       0     0.7600       2     0.0000       0     0.0000       0
 154390          0.0000       0     0.0000       0     0.7299       2     0.0000       0     0.0000       0
 154395          0.0000       0     0.0000       0     0.6396       1     0.0000       0     0.0000       0
 154400          0.0000       0     0.0000       0     0.6095       1     0.0000       0     0.0000       0
 154405          0.0000       0     0.0000       0     0.6245       1     0.0000       0     0.0000       0
 154410          0.0000       0     0.0000       0     0.6396       1     0.0000       0     0.0000       0
 154415          0.0000       0     0.0000       0     0.6998       1     0.0000       0     0.0000       0
 154420          0.0000       0     0.0000       0     0.7449       1     0.0000       0     0.0000       0
 154425          0.0000       0     0.0000       0     0.8051       1     0.0000       0     0.0000       0
 154430          0.0000       0     0.0000       0     0.9255       1     0.0000       0     0.0000       0
 154435          0.0000       0     0.0000       0     1.0459       1     0.0000       0     0.0000       0
 154440          0.0000       0     0.0000       0     1.0309       1     0.0000       0     0.0000       0
 154445          0.0000       0     0.0000       0     0.9406       1     0.0000       0     0.0000       0
 154450          0.0000       0     0.0000       0     0.8202       1     0.0000       0     0.0000       0
 154455          0.0000       0     0.0000       0     0.6697       1     0.0000       0     0.0000       0
 154460          0.0000       0     0.0000       0     0.5493       1     0.0000       0     0.0000       0
 154465          0.0000       0     0.0000       0     0.5342       1     0.0000       0     0.0000       0
 154470          0.0000       0     0.0000       0     0.5493       1     0.0000       0     0.0000       0
 154475          0.0000       0     0.0000       0     0.5643       1     0.0000       0     0.0000       0
 154480          0.0000       0     0.0000       0     0.5794       1     0.0000       0     0.0000       0
 154485          0.0000       0     0.0000       0     0.5794       1     0.0000       0     0.0000       0
 154490          0.0000       0     0.0000       0     0.5944       1     0.0000       0     0.0000       0
 154495          0.0000       0     0.0000       0     0.5794       1     0.0000       0     0.0000       0
 154500          0.0000       0     0.0000       0     0.5944       1     0.0000       0     0.0000       0
 154505          0.0000       0     0.0000       0     0.5944       1     0.0000       0     0.0000       0
 154510          0.0000       0     0.0000       0     0.5944       1     0.0000       0     0.0000       0
 154515          0.0000       0     0.0000       0     0.5944       1     0.0000       0     0.0000       0
 154520          0.0000       0     0.0000       0     0.5944       1     0.0000       0     0.0000       0
 154525          0.0000       0     0.0000       0     0.5944     201     0.0000       0     0.0000       0
 154620          0.0000       0     0.0000       0     0.6847     102     0.0000       0     0.0000       0
 154625          0.0000       0     0.0000       0     0.6396       2     0.0000       0     0.0000       0
 154630          0.0000       0     0.0000       0     0.7148       2     0.0000       0     0.0000       0
 154635          0.0000       0     0.0000       0     0.6847       2     0.0000       0     0.0000       0
 154640          0.0000       0     0.0000       0     0.6695       2     0.0000       0     0.0000       0
 154645          0.0000       0     0.0000       0     0.6544       2     0.0000       0     0.0000       0
 154650          0.0000       0     0.0000       0     0.6544       2     0.0000       0     0.0000       0
 154655          0.0000       0     0.0000       0     0.6845       2     0.0000       0     0.0000       0
 154660          0.0000       0     0.0000       0     0.6845       2     0.0000       0     0.0000       0
 154665          0.0000       0     0.0000       0     0.6996       2     0.0000       0     0.0000       0
 154670          0.0000       0     0.0000       0     0.6695       2     0.0000       0     0.0000       0
 154675          0.0000       0     0.0000       0     0.6394       2     0.0000       0     0.0000       0
 154680          0.0000       0     0.0000       0     0.6544       2     0.0000       0     0.0000       0
 154685          0.0000       0     0.0000       0     0.6243       2     0.0000       0     0.0000       0
 154690          0.0000       0     0.0000       0     0.6093       2     0.0000       0     0.0000       0
 154695          0.0000       0     0.0000       0     0.6243       2     0.0000       0     0.0000       0
 154700          0.0000       0     0.0000       0     0.6394       2     0.0000       0     0.0000       0
 154705          0.0000       0     0.0000       0     0.6093       2     0.0000       0     0.0000       0
 154710          0.0000       0     0.0000       0     0.5792       2     0.0000       0     0.0000       0
 154715          0.0000       0     0.0000       0     0.5642       2     0.0000       0     0.0000       0
 154720          0.0000       0     0.0000       0     0.5942       2     0.0000       0     0.0000       0
 154725          0.0000       0     0.0000       0     0.5942       2     0.0000       0     0.0000       0
 154730          0.0000       0     0.0000       0     0.5792       2     0.0000       0     0.0000       0
 154735          0.0000       0     0.0000       0     0.5942       2     0.0000       0     0.0000       0
 154740          0.0000       0     0.0000       0     0.5942       2     0.0000       0     0.0000       0
 154745          0.0000       0     0.0000       0     0.6093       2     0.0000       0     0.0000       0
 154750          0.0000       0     0.0000       0     0.5792       2     0.0000       0     0.0000       0
 154755          0.0000       0     0.0000       0     0.5942       2     0.0000       0     0.0000       0
 154760          0.0000       0     0.0000       0     0.6544       2     0.0000       0     0.0000       0
 154765          0.0000       0     0.0000       0     0.7146       2     0.0000       0     0.0000       0
 154770          0.0000       0     0.0000       0     0.4440       3     0.0000       0     0.0000       0
 154775          0.0000       0     0.0000       0     0.5643       3     0.0000       0     0.0000       0
 154780          0.0000       0     0.0000       0     0.5794       3     0.0000       0     0.0000       0
 154785          0.0000       0     0.0000       0     0.4590       3     0.0000       0     0.0000       0
 154790          0.0000       0     0.0000       0     0.4289       3     0.0000       0     0.0000       0
 154795          0.0000       0     0.0000       0     0.4440       2     0.0000       0     0.0000       0
 154800          0.0000       0     0.0000       0     0.4289       2     0.0000       0     0.0000       0
 154805          0.0000       0     0.0000       0     0.4289       2     0.0000       0     0.0000       0
 154810          0.0000       0     0.0000       0     0.4139       2     0.0000       0     0.0000       0
 154815          0.0000       0     0.0000       0     0.6245       2     0.0000       0     0.0000       0
 154820          0.0000       0     0.0000       0     0.8653       2     0.0000       0     0.0000       0
 154825          0.0000       0     0.0000       0     0.6998       2     0.0000       0     0.0000       0
 154830          0.0000       0     0.0000       0     0.4891       2     0.0000       0     0.0000       0
 154835          0.0000       0     0.0000       0     0.4741       2     0.0000       0     0.0000       0
 154840          0.0000       0     0.0000       0     0.4289       2     0.0000       0     0.0000       0
 154845          0.0000       0     0.0000       0     0.4289       2     0.0000       0     0.0000       0
 154850          0.0000       0     0.0000       0     0.3988       2     0.0000       0     0.0000       0
 154855          0.0000       0     0.0000       0     0.4289       2     0.0000       0     0.0000       0
 154860          0.0000       0     0.0000       0     0.3838       2     0.0000       0     0.0000       0
 154865          0.0000       0     0.0000       0     0.3838       2     0.0000       0     0.0000       0
 154870          0.0000       0     0.0000       0     0.3838       2     0.0000       0     0.0000       0
 154875          0.0000       0     0.0000       0     0.3838       2     0.0000       0     0.0000       0
 154880          0.0000       0     0.0000       0     0.3988       2     0.0000       0     0.0000       0
 154885          0.0000       0     0.0000       0     0.3988       2     0.0000       0     0.0000       0
 154890          0.0000       0     0.0000       0     0.3988       2     0.0000       0     0.0000       0
 154895          0.0000       0     0.0000       0     0.3838       2     0.0000       0     0.0000       0
 154900          0.0000       0     0.0000       0     0.4440       2     0.0000       0     0.0000       0
 154905          0.0000       0     0.0000       0     0.4289       2     0.0000       0     0.0000       0
 154910          0.0000       0     0.0000       0     0.4139       2     0.0000       0     0.0000       0
 154915          0.0000       0     0.0000       0     0.3988       2     0.0000       0     0.0000       0
 154920          0.0000       0     0.0000       0     0.4139     202     0.0000       0     0.0000       0
 154925          0.0000       0     0.0000       0     0.0000       0     0.0000       0     0.7293     103
 154930          0.0000       0     0.0000       0     0.0000       0     0.0000       0     0.9398       3
 154935          0.0000       0     0.0000       0     0.0000       0     0.0000       0     1.1503       3
 154940          0.0000       0     0.0000       0     0.0000       0     0.0000       0     1.3909       3
 154945          0.0000       0     0.0000       0     0.0000       0     0.0000       0     1.6315       3
 154950          0.0000       0     0.0000       0     0.0000       0     0.0000       0     1.6315       3
 154955          0.0000       0     0.0000       0     0.0000       0     0.0000       0     1.6165       3
 154960          0.0000       0     0.0000       0     0.0000       0     0.0000       0     1.4962       3
 154965          0.0000       0     0.0000       0     0.0000       0     0.0000       0     1.2556       3
 154970          0.0000       0     0.0000       0     0.0000       0     0.0000       0     0.8947       3
 154975          0.0000       0     0.0000       0     0.0000       0     0.0000       0     0.6842       3
 154980          0.0000       0     0.0000       0     0.0000       0     0.0000       0     0.6992       3
 154985          0.0000       0     0.0000       0     0.0000       0     0.0000       0     0.7443       3
 154990          0.0000       0     0.0000       0     0.0000       0     0.0000       0     0.8496       3
 154995          0.0000       0     0.0000       0     0.0000       0     0.0000       0     1.0601       3
 155000          0.0000       0     0.0000       0     0.0000       0     0.0000       0     1.2706       3
 155005          0.0000       0     0.0000       0     0.0000       0     0.0000       0     1.0451       3
 155010          0.0000       0     0.0000       0     0.0000       0     0.0000       0     0.8496       3
 155015          0.0000       0     0.0000       0     0.0000       0     0.0000       0     0.8496     203
 155020          0.0000       0     0.0000       0     0.7750     102     0.0000       0     0.0000       0
 155025          0.0000       0     0.0000       0     0.7750       2     0.0000       0     0.0000       0
 155030          0.0000       0     0.0000       0     0.7600       2     0.0000       0     0.0000       0
 155035          0.0000       0     0.0000       0     0.7600       2     0.0000       0     0.0000       0
 155040          0.0000       0     0.0000       0     0.7750       2     0.0000       0     0.0000       0
 155045          0.0000       0     0.0000       0     0.8051       2     0.0000       0     0.0000       0
 155050          0.0000       0     0.0000       0     0.8352       2     0.0000       0     0.0000       0
 155055          0.0000       0     0.0000       0     0.8352       2     0.0000       0     0.0000       0
 155060          0.0000       0     0.0000       0     0.8051       2     0.0000       0     0.0000       0
 155065          0.0000       0     0.0000       0     0.7600       2     0.0000       0     0.0000       0
 155070          0.0000       0     0.0000       0     0.7750       2     0.0000       0     0.0000       0
 155075          0.0000       0     0.0000       0     0.7600       2     0.0000       0     0.0000       0
 155080          0.0000       0     0.0000       0     0.7299       2     0.0000       0     0.0000       0
 155085          0.0000       0     0.0000       0     0.7299       2     0.0000       0     0.0000       0
 155090          0.0000       0     0.0000       0     0.7449       2     0.0000       0     0.0000       0
 155095          0.0000       0     0.0000       0     0.7449       2     0.0000       0     0.0000       0
 155100          0.0000       0     0.0000       0     0.7600       2     0.0000       0     0.0000       0
 155105          0.0000       0     0.0000       0     0.8352       2     0.0000       0     0.0000       0
 155110          0.0000       0     0.0000       0     0.8653       2     0.0000       0     0.0000       0
 155115          0.0000       0     0.0000       0     0.8503       2     0.0000       0     0.0000       0
 155120          0.0000       0     0.0000       0     0.7600       2     0.0000       0     0.0000       0
 155125          0.0000       0     0.0000       0     0.6697       2     0.0000       0     0.0000       0
 155130          0.0000       0     0.0000       0     0.6396       2     0.0000       0     0.0000       0
 155135          0.0000       0     0.0000       0     0.7750       3     0.0000       0     0.0000       0
 155140          0.0000       0     0.0000       0     0.6546       3     0.0000       0     0.0000       0
 155145          0.0000       0     0.0000       0     0.8352       3     0.0000       0     0.0000       0
 155150          0.0000       0     0.0000       0     0.8804       3     0.0000       0     0.0000       0
 155155          0.0000       0     0.0000       0     0.8503       3     0.0000       0     0.0000       0
 155160          0.0000       0     0.0000       0     0.7600       3     0.0000       0     0.0000       0
 155165          0.0000       0     0.0000       0     0.8202       3     0.0000       0     0.0000       0
 155170          0.0000       0     0.0000       0     0.9105       3     0.0000       0     0.0000       0
 155175          0.0000       0     0.0000       0     1.0459       3     0.0000       0     0.0000       0
 155180          0.0000       0     0.0000       0     1.0008       3     0.0000       0     0.0000       0
 155185          0.0000       0     0.0000       0     0.9406       3     0.0000       0     0.0000       0
 155190          0.0000       0     0.0000       0     0.8653       3     0.0000       0     0.0000       0
 155195          0.0000       0     0.0000       0     0.8051       3     0.0000       0     0.0000       0
 155200          0.0000       0     0.0000       0     0.7449       3     0.0000       0     0.0000       0
 155205          0.0000       0     0.0000       0     0.8352       3     0.0000       0     0.0000       0
 155210          0.0000       0     0.0000       0     0.9406       3     0.0000       0     0.0000       0
 155215          0.0000       0     0.0000       0     0.8202       3     0.0000       0     0.0000       0
 155220          0.0000       0     0.0000       0     0.6697       3     0.0000       0     0.0000       0
 155225          0.0000       0     0.0000       0     0.6697       3     0.0000       0     0.0000       0
 155230          0.0000       0     0.0000       0     0.6847       3     0.0000       0     0.0000       0
 155235          0.0000       0     0.0000       0     0.7148       3     0.0000       0     0.0000       0
 155240          0.0000       0     0.0000       0     0.7148       3     0.0000       0     0.0000       0
 155245          0.0000       0     0.0000       0     0.6847       3     0.0000       0     0.0000       0
 155250          0.0000       0     0.0000       0     0.5342       3     0.0000       0     0.0000       0
 155255          0.0000       0     0.0000       0     0.5944       3     0.0000       0     0.0000       0
 155260          0.0000       0     0.0000       0     0.6095       3     0.0000       0     0.0000       0
 155265          0.0000       0     0.0000       0     0.6095       3     0.0000       0     0.0000       0
 155270          0.0000       0     0.0000       0     0.5493       3     0.0000       0     0.0000       0
 155275          0.0000       0     0.0000       0     0.6245       3     0.0000       0     0.0000       0
 155280          0.0000       0     0.0000       0     0.6697       3     0.0000       0     0.0000       0
 155285          0.0000       0     0.0000       0     0.6396       3     0.0000       0     0.0000       0
 155290          0.0000       0     0.0000       0     0.6245       3     0.0000       0     0.0000       0
 155295          0.0000       0     0.0000       0     0.5944       3     0.0000       0     0.0000       0
 155300          0.0000       0     0.0000       0     0.6095       3     0.0000       0     0.0000       0
 155305          0.0000       0     0.0000       0     0.6396       3     0.0000       0     0.0000       0
 155310          0.0000       0     0.0000       0     0.6847       3     0.0000       0     0.0000       0
 155315          0.0000       0     0.0000       0     0.5794       3     0.0000       0     0.0000       0
 155320          0.0000       0     0.0000       0     0.5794       2     0.0000       0     0.0000       0
 155325          0.0000       0     0.0000       0     0.6095       2     0.0000       0     0.0000       0
 155330          0.0000       0     0.0000       0     0.5342       2     0.0000       0     0.0000       0
 155335          0.0000       0     0.0000       0     0.5643       2     0.0000       0     0.0000       0
 155340          0.0000       0     0.0000       0     0.5643       2     0.0000       0     0.0000       0
 155345          0.0000       0     0.0000       0     0.5342       2     0.0000       0     0.0000       0
 155350          0.0000       0     0.0000       0     0.5342       2     0.0000       0     0.0000       0
 155355          0.0000       0     0.0000       0     0.5342       2     0.0000       0     0.0000       0
 155360          0.0000       0     0.0000       0     0.4891       2     0.0000       0     0.0000       0
 155365          0.0000       0     0.0000       0     0.5944       2     0.0000       0     0.0000       0
 155370          0.0000       0     0.0000       0     0.6095       2     0.0000       0     0.0000       0
 155375          0.0000       0     0.0000       0     0.6095       2     0.0000       0     0.0000       0
 155380          0.0000       0     0.0000       0     0.5794       2     0.0000       0     0.0000       0
 155385          0.0000       0     0.0000       0     0.5944       2     0.0000       0     0.0000       0
 155390          0.0000       0     0.0000       0     0.6245       2     0.0000       0     0.0000       0
 155395          0.0000       0     0.0000       0     0.6546       2     0.0000       0     0.0000       0
 155400          0.0000       0     0.0000       0     0.6697       2     0.0000       0     0.0000       0
 155405          0.0000       0     0.0000       0     0.6396       2     0.0000       0     0.0000       0
 155410          0.0000       0     0.0000       0     0.6245       2     0.0000       0     0.0000       0
 155415          0.0000       0     0.0000       0     0.6245       2     0.0000       0     0.0000       0
 155420          0.0000       0     0.0000       0     0.5944       2     0.0000       0     0.0000       0
 155425          0.0000       0     0.0000       0     0.5794       2     0.0000       0     0.0000       0
 155430          0.0000       0     0.0000       0     0.6245       2     0.0000       0     0.0000       0
 155435          0.0000       0     0.0000       0     0.6396       2     0.0000       0     0.0000       0
 155440          0.0000       0     0.0000       0     0.6697       2     0.0000       0     0.0000       0
 155445          0.0000       0     0.0000       0     0.6245       2     0.0000       0     0.0000       0
 155450          0.0000       0     0.0000       0     0.5794       2     0.0000       0     0.0000       0
 155455          0.0000       0     0.0000       0     0.5794       2     0.0000       0     0.0000       0
 155460          0.0000       0     0.0000       0     0.5342       2     0.0000       0     0.0000       0
 155465          0.0000       0     0.0000       0     0.6095       2     0.0000       0     0.0000       0
 155470          0.0000       0     0.0000       0     0.5342       2     0.0000       0     0.0000       0
 155475          0.0000       0     0.0000       0     0.5192       2     0.0000       0     0.0000       0
 155480          0.0000       0     0.0000       0     0.5342       2     0.0000       0     0.0000       0
 155485          0.0000       0     0.0000       0     0.5342       2     0.0000       0     0.0000       0
 155490          0.0000       0     0.0000       0     0.5493       2     0.0000       0     0.0000       0
 155495          0.0000       0     0.0000       0     0.5493       2     0.0000       0     0.0000       0
 155500          0.0000       0     0.0000       0     0.5493       2     0.0000       0     0.0000       0
 155505          0.0000       0     0.0000       0     0.5493       2     0.0000       0     0.0000       0
 155510          0.0000       0     0.0000       0     0.5342       2     0.0000       0     0.0000       0
 155515          0.0000       0     0.0000       0     0.5192       2     0.0000       0     0.0000       0
 155520          0.0000       0     0.0000       0     0.5192       2     0.0000       0     0.0000       0
 155525          0.0000       0     0.0000       0     0.5192       2     0.0000       0     0.0000       0
 155530          0.0000       0     0.0000       0     0.5041       2     0.0000       0     0.0000       0
 155535          0.0000       0     0.0000       0     0.4891       2     0.0000       0     0.0000       0
 155540          0.0000       0     0.0000       0     0.4741       2     0.0000       0     0.0000       0
 155545          0.0000       0     0.0000       0     0.4590       2     0.0000       0     0.0000       0
 155550          0.0000       0     0.0000       0     0.4590       2     0.0000       0     0.0000       0
 155555          0.0000       0     0.0000       0     0.4891       2     0.0000       0     0.0000       0
 155560          0.0000       0     0.0000       0     0.5192       2     0.0000       0     0.0000       0
 155565          0.0000       0     0.0000       0     0.4741       2     0.0000       0     0.0000       0
 155570          0.0000       0     0.0000       0     0.4590       2     0.0000       0     0.0000       0
 155575          0.0000       0     0.0000       0     0.5041       2     0.0000       0     0.0000       0
 155580          0.0000       0     0.0000       0     0.5342       2     0.0000       0     0.0000       0
 155585          0.0000       0     0.0000       0     0.5493       2     0.0000       0     0.0000       0
 155590          0.0000       0     0.0000       0     0.5493       2     0.0000       0     0.0000       0
 155595          0.0000       0     0.0000       0     0.5493       2     0.0000       0     0.0000       0
 155600          0.0000       0     0.0000       0     0.5493       2     0.0000       0     0.0000       0
 155605          0.0000       0     0.0000       0     0.5342       2     0.0000       0     0.0000       0
 155610          0.0000       0     0.0000       0     0.7901       2     0.0000       0     0.0000       0
 155615          0.0000       0     0.0000       0     0.7750       2     0.0000       0     0.0000       0
 155620          0.0000       0     0.0000       0     0.7901       2     0.0000       0     0.0000       0
 155625          0.0000       0     0.0000       0     0.7750       2     0.0000       0     0.0000       0
 155630          0.0000       0     0.0000       0     0.7901       2     0.0000       0     0.0000       0
 155635          0.0000       0     0.0000       0     0.8503       2     0.0000       0     0.0000       0
 155640          0.0000       0     0.0000       0     0.8503       2     0.0000       0     0.0000       0
 155645          0.0000       0     0.0000       0     0.8352       2     0.0000       0     0.0000       0
 155650          0.0000       0     0.0000       0     0.8352       2     0.0000       0     0.0000       0
 155655          0.0000       0     0.0000       0     0.8202       2     0.0000       0     0.0000       0
 155660          0.0000       0     0.0000       0     0.7750       2     0.0000       0     0.0000       0
 155665          0.0000       0     0.0000       0     0.7901       2     0.0000       0     0.0000       0
 155670          0.0000       0     0.0000       0     0.8202       2     0.0000       0     0.0000       0
 155675          0.0000       0     0.0000       0     0.8653       2     0.0000       0     0.0000       0
 155680          0.0000       0     0.0000       0     0.8653       2     0.0000       0     0.0000       0
 155685          0.0000       0     0.0000       0     0.8503       2     0.0000       0     0.0000       0
 155690          0.0000       0     0.0000       0     0.8352       2     0.0000       0     0.0000       0
 155695          0.0000       0     0.0000       0     0.8051       2     0.0000       0     0.0000       0
 155700          0.0000       0     0.0000       0     0.8051       2     0.0000       0     0.0000       0
 155705          0.0000       0     0.0000       0     0.8051       2     0.0000       0     0.0000       0
 155710          0.0000       0     0.0000       0     0.8202       2     0.0000       0     0.0000       0
 155715          0.0000       0     0.0000       0     0.8352       2     0.0000       0     0.0000       0
 155720          0.0000       0     0.0000       0     0.8352       2     0.0000       0     0.0000       0
 155725          0.0000       0     0.0000       0     0.8503       2     0.0000       0     0.0000       0
 155730          0.0000       0     0.0000       0     0.8503       2     0.0000       0     0.0000       0
 155735          0.0000       0     0.0000       0     0.8202       2     0.0000       0     0.0000       0
 155740          0.0000       0     0.0000       0     0.8202       2     0.0000       0     0.0000       0
 155745          0.0000       0     0.0000       0     0.8202       2     0.0000       0     0.0000       0
 155750          0.0000       0     0.0000       0     0.8202       2     0.0000       0     0.0000       0
 155755          0.0000       0     0.0000       0     0.8202       2     0.0000       0     0.0000       0
 155760          0.0000       0     0.0000       0     0.8202       2     0.0000       0     0.0000       0
 155765          0.0000       0     0.0000       0     0.8051       2     0.0000       0     0.0000       0
 155770          0.0000       0     0.0000       0     0.8051       2     0.0000       0     0.0000       0
 155775          0.0000       0     0.0000       0     0.8202       2     0.0000       0     0.0000       0
 155780          0.0000       0     0.0000       0     0.8202       2     0.0000       0     0.0000       0
 155785          0.0000       0     0.0000       0     0.8202       2     0.0000       0     0.0000       0
 155790          0.0000       0     0.0000       0     0.8352       2     0.0000       0     0.0000       0
 155795          0.0000       0     0.0000       0     0.9556       2     0.0000       0     0.0000       0
 155800          0.0000       0     0.0000       0     0.9105       2     0.0000       0     0.0000       0
 155805          0.0000       0     0.0000       0     0.8653       2     0.0000       0     0.0000       0
 155810          0.0000       0     0.0000       0     0.8804       2     0.0000       0     0.0000       0
 155815          0.0000       0     0.0000       0     0.8804       2     0.0000       0     0.0000       0
 155820          0.0000       0     0.0000       0     0.8804       2     0.0000       0     0.0000       0
 155825          0.0000       0     0.0000       0     0.8653       2     0.0000       0     0.0000       0
 155830          0.0000       0     0.0000       0     0.8352       2     0.0000       0     0.0000       0
 155835          0.0000       0     0.0000       0     0.8202       2     0.0000       0     0.0000       0
 155840          0.0000       0     0.0000       0     0.8202       2     0.0000       0     0.0000       0
 155845          0.0000       0     0.0000       0     0.8051       2     0.0000       0     0.0000       0
 155850          0.0000       0     0.0000       0     0.7901       2     0.0000       0     0.0000       0
 155855          0.0000       0     0.0000       0     0.8202       2     0.0000       0     0.0000       0
 155860          0.0000       0     0.0000       0     0.8202       2     0.0000       0     0.0000       0
 155865          0.0000       0     0.0000       0     0.7750       2     0.0000       0     0.0000       0
 155870          0.0000       0     0.0000       0     0.7901       2     0.0000       0     0.0000       0
 155875          0.0000       0     0.0000       0     0.7901       2     0.0000       0     0.0000       0
 155880          0.0000       0     0.0000       0     0.7901       2     0.0000       0     0.0000       0
 155885          0.0000       0     0.0000       0     0.7750       2     0.0000       0     0.0000       0
 155890          0.0000       0     0.0000       0     0.7750       2     0.0000       0     0.0000       0
 155895          0.0000       0     0.0000       0     0.7600       2     0.0000       0     0.0000       0
 155900          0.0000       0     0.0000       0     0.7449       2     0.0000       0     0.0000       0
 155905          0.0000       0     0.0000       0     0.7449       2     0.0000       0     0.0000       0
 155910          0.0000       0     0.0000       0     0.7299       2     0.0000       0     0.0000       0
 155915          0.0000       0     0.0000       0     0.7299       2     0.0000       0     0.0000       0
 155920          0.0000       0     0.0000       0     0.8503       2     0.0000       0     0.0000       0
 155925          0.0000       0     0.0000       0     0.7901       2     0.0000       0     0.0000       0
 155930          0.0000       0     0.0000       0     0.8352       2     0.0000       0     0.0000       0
 155935          0.0000       0     0.0000       0     0.8653       2     0.0000       0     0.0000       0
 155940          0.0000       0     0.0000       0     0.8653       2     0.0000       0     0.0000       0
 155945          0.0000       0     0.0000       0     0.8503       2     0.0000       0     0.0000       0
 155950          0.0000       0     0.0000       0     0.8804       2     0.0000       0     0.0000       0
 155955          0.0000       0     0.0000       0     0.8804       2     0.0000       0     0.0000       0
 155960          0.0000       0     0.0000       0     0.8653       2     0.0000       0     0.0000       0
 155965          0.0000       0     0.0000       0     0.7901       2     0.0000       0     0.0000       0
 155970          0.0000       0     0.0000       0     0.8051       2     0.0000       0     0.0000       0
 155975          0.0000       0     0.0000       0     0.8503       2     0.0000       0     0.0000       0
 155980          0.0000       0     0.0000       0     0.7901       2     0.0000       0     0.0000       0
 155985          0.0000       0     0.0000       0     0.7600       2     0.0000       0     0.0000       0
 155990          0.0000       0     0.0000       0     0.2182       3     0.0000       0     0.0000       0
 155995          0.0000       0     0.0000       0     0.3838       3     0.0000       0     0.0000       0
 156000          0.0000       0     0.0000       0     0.7299       3     0.0000       0     0.0000       0
 156005          0.0000       0     0.0000       0     0.8503       3     0.0000       0     0.0000       0
 156010          0.0000       0     0.0000       0     0.7299       3     0.0000       0     0.0000       0
 156015          0.0000       0     0.0000       0     0.3236       3     0.0000       0     0.0000       0
 156020          0.0000       0     0.0000       0     0.2784       3     0.0000       0     0.0000       0
 156025          0.0000       0     0.0000       0     0.2634       3     0.0000       0     0.0000       0
 156030          0.0000       0     0.0000       0     0.2634       3     0.0000       0     0.0000       0
 156035          0.0000       0     0.0000       0     0.2333       3     0.0000       0     0.0000       0
 156040          0.0000       0     0.0000       0     0.2483       3     0.0000       0     0.0000       0
 156045          0.0000       0     0.0000       0     0.2483       3     0.0000       0     0.0000       0
 156050          0.0000       0     0.0000       0     0.3386       3     0.0000       0     0.4890     102
 156055          0.0000       0     0.0000       0     0.3386       3     0.0000       0     0.6544       2
 156060          0.0000       0     0.0000       0     0.2483       3     0.0000       0     0.8799       2
 156065          0.0000       0     0.0000       0     0.2483       3     0.0000       0     1.0904       2
 156070          0.0000       0     0.0000       0     0.4440       2     0.0000       0     1.2108       2
 156075          0.0000       0     0.0000       0     0.4440       2     0.0000       0     1.3612       2
 156080          0.0000       0     0.0000       0     0.4590       2     0.0000       0     1.4665       2
 156085          0.0000       0     0.0000       0     0.4440       2     0.0000       0     1.2259       2
 156090          0.0000       0     0.0000       0     0.4139       2     0.0000       0     1.0153       2
 156095          0.0000       0     0.0000       0     0.4139       2     0.0000       0     0.9402       2
 156100          0.0000       0     0.0000       0     0.2935       2     0.0000       0     0.9852       2
 156105          0.0000       0     0.0000       0     0.2784       2     0.0000       0     0.8649       2
 156110          0.0000       0     0.0000       0     0.2784       2     0.0000       0     0.6243       2
 156115          0.0000       0     0.0000       0     0.2784       2     0.0000       0     0.5641     202
 156120          0.0000       0     0.0000       0     0.5192       2     0.0000       0     0.0000       0
 156125          0.0000       0     0.0000       0     0.4440       2     0.0000       0     0.0000       0
 156130          0.0000       0     0.0000       0     0.4139       2     0.0000       0     0.0000       0
 156135          0.0000       0     0.0000       0     0.4139       2     0.0000       0     0.0000       0
 156140          0.0000       0     0.0000       0     0.4139       2     0.0000       0     0.0000       0
 156145          0.0000       0     0.0000       0     0.3988       2     0.0000       0     0.0000       0
 156150          0.0000       0     0.0000       0     0.5192       2     0.0000       0     0.0000       0
 156155          0.0000       0     0.0000       0     0.4440       2     0.0000       0     0.0000       0
 156160          0.0000       0     0.0000       0     0.4289       2     0.0000       0     0.0000       0
 156165          0.0000       0     0.0000       0     0.5041       2     0.0000       0     0.0000       0
 156170          0.0000       0     0.0000       0     0.4891       2     0.0000       0     0.0000       0
 156175          0.0000       0     0.0000       0     0.4440       2     0.0000       0     0.0000       0
 156180          0.0000       0     0.0000       0     0.4440       2     0.0000       0     0.0000       0
 156185          0.0000       0     0.0000       0     0.3988       2     0.0000       0     0.0000       0
 156190          0.0000       0     0.0000       0     0.4139       2     0.0000       0     0.0000       0
 156195          0.0000       0     0.0000       0     0.5342       2     0.0000       0     0.0000       0
 156200          0.0000       0     0.0000       0     0.5493       2     0.0000       0     0.0000       0
 156205          0.0000       0     0.0000       0     0.5643       2     0.0000       0     0.0000       0
 156210          0.0000       0     0.0000       0     0.5342       2     0.0000       0     0.0000       0
 156215          0.0000       0     0.0000       0     0.5794       2     0.0000       0     0.0000       0
 156220          0.0000       0     0.0000       0     0.5944       2     0.0000       0     0.0000       0
 156225          0.0000       0     0.0000       0     0.5643       2     0.0000       0     0.0000       0
 156230          0.0000       0     0.0000       0     0.5192       2     0.0000       0     0.0000       0
 156235          0.0000       0     0.0000       0     0.5493       2     0.0000       0     0.0000       0
 156240          0.0000       0     0.0000       0     0.5192       2     0.0000       0     0.0000       0
 156245          0.0000       0     0.0000       0     0.4590       2     0.0000       0     0.0000       0
 156250          0.0000       0     0.0000       0     0.5192       2     0.0000       0     0.0000       0
 156255          0.0000       0     0.0000       0     0.5041       2     0.0000       0     0.0000       0
 156260          0.0000       0     0.0000       0     0.5493       2     0.0000       0     0.0000       0
 156265          0.0000       0     0.0000       0     0.9105       2     0.0000       0     0.0000       0
 156270          0.0000       0     0.0000       0     1.0610       2     0.0000       0     0.0000       0
 156275          0.0000       0     0.0000       0     1.1061     202     0.0000       0     0.0000       0
 156385          0.0000       0     0.0000       0     0.8503     103     0.0000       0     0.0000       0
 156390          0.0000       0     0.0000       0     0.8202       3     0.0000       0     0.0000       0
 156395          0.0000       0     0.0000       0     0.7901       3     0.0000       0     0.0000       0
 156400          0.0000       0     0.0000       0     0.6245       3     0.0000       0     0.0000       0
 156405          0.0000       0     0.0000       0     0.4289       3     0.0000       0     0.0000       0
 156410          0.0000       0     0.0000       0     0.3838       3     0.0000       0     0.0000       0
 156415          0.0000       0     0.0000       0     0.3537       3     0.0000       0     0.0000       0
 156420          0.0000       0     0.0000       0     0.3537       3     0.0000       0     0.0000       0
 156425          0.0000       0     0.0000       0     0.3687       3     0.0000       0     0.0000       0
 156430          0.0000       0     0.0000       0     0.3236       3     0.0000       0     0.0000       0
 156435          0.0000       0     0.0000       0     0.3236       3     0.0000       0     0.0000       0
 156440          0.0000       0     0.0000       0     0.3085       3     0.0000       0     0.0000       0
 156445          0.0000       0     0.0000       0     0.3085       3     0.0000       0     0.0000       0
 156450          0.0000       0     0.0000       0     0.3085       3     0.0000       0     0.0000       0
 156455          0.0000       0     0.0000       0     0.3386       3     0.0000       0     0.0000       0
 156460          0.0000       0     0.0000       0     0.3236       3     0.0000       0     0.0000       0
 156465          0.0000       0     0.0000       0     0.3085       3     0.0000       0     0.0000       0
 156470          0.0000       0     0.0000       0     0.3236       3     0.0000       0     0.0000       0
 156475          0.0000       0     0.0000       0     0.3236       3     0.0000       0     0.0000       0
 156480          0.0000       0     0.0000       0     0.3537       3     0.0000       0     0.0000       0
 156485          0.0000       0     0.0000       0     0.3838       3     0.0000       0     0.0000       0
 156490          0.0000       0     0.0000       0     0.3838       3     0.0000       0     0.0000       0
 156495          0.0000       0     0.0000       0     0.3838       3     0.0000       0     0.0000       0
 156500          0.0000       0     0.0000       0     0.4440       3     0.0000       0     0.0000       0
 156505          0.0000       0     0.0000       0     0.4590       3     0.0000       0     0.0000       0
 156510          0.0000       0     0.0000       0     0.3988       3     0.0000       0     0.0000       0
 156515          0.0000       0     0.0000       0     0.3236       3     0.0000       0     0.0000       0
 156520          0.0000       0     0.0000       0     0.3085       3     0.0000       0     0.0000       0
 156525          0.0000       0     0.0000       0     0.3236       3     0.0000       0     0.0000       0
 156530          0.0000       0     0.0000       0     0.3386       3     0.0000       0     0.0000       0
 156535          0.0000       0     0.0000       0     0.3236       3     0.0000       0     0.0000       0
 156540          0.0000       0     0.0000       0     0.3386       3     0.0000       0     0.0000       0
 156545          0.0000       0     0.0000       0     0.3386       3     0.0000       0     0.0000       0
 156550          0.0000       0     0.0000       0     0.3236       3     0.0000       0     0.0000       0
 156555          0.0000       0     0.0000       0     0.3386       3     0.0000       0     0.0000       0
 156560          0.0000       0     0.0000       0     0.3386       3     0.0000       0     0.0000       0
 156565          0.0000       0     0.0000       0     0.3386       3     0.0000       0     0.0000       0
 156570          0.0000       0     0.0000       0     0.3687       3     0.0000       0     0.0000       0
 156575          0.0000       0     0.0000       0     0.4289       3     0.0000       0     0.0000       0
 156580          0.0000       0     0.0000       0     0.4590       3     0.0000       0     0.0000       0
 156585          0.0000       0     0.0000       0     0.4741       3     0.0000       0     0.0000       0
 156590          0.0000       0     0.0000       0     0.4440       3     0.0000       0     0.0000       0
 156595          0.0000       0     0.0000       0     0.4139       3     0.0000       0     0.0000       0
 156600          0.0000       0     0.0000       0     0.3687       3     0.0000       0     0.0000       0
 156605          0.0000       0     0.0000       0     0.3838       3     0.0000       0     0.0000       0
 156610          0.0000       0     0.0000       0     0.4289       3     0.0000       0     0.0000       0
 156615          0.0000       0     0.0000       0     0.4139       3     0.0000       0     0.0000       0
 156620          0.0000       0     0.0000       0     0.4139       3     0.0000       0     0.0000       0
 156625          0.0000       0     0.0000       0     0.3687       3     0.0000       0     0.0000       0
 156630          0.0000       0     0.0000       0     0.3537       3     0.0000       0     0.0000       0
 156635          0.0000       0     0.0000       0     0.3386       3     0.0000       0     0.0000       0
 156640          0.0000       0     0.0000       0     0.2935       3     0.0000       0     0.0000       0
 156645          0.0000       0     0.0000       0     0.3236       3     0.0000       0     0.0000       0
 156650          0.0000       0     0.0000       0     0.3687       3     0.0000       0     0.0000       0
 156655          0.0000       0     0.0000       0     0.3537       3     0.0000       0     0.0000       0
 156660          0.0000       0     0.0000       0     0.3236       3     0.0000       0     0.0000       0
 156665          0.0000       0     0.0000       0     0.3537       3     0.0000       0     0.0000       0
 156670          0.0000       0     0.0000       0     0.3687       3     0.0000       0     0.0000       0
 156675          0.0000       0     0.0000       0     0.3236       3     0.0000       0     0.0000       0
 156680          0.0000       0     0.0000       0     0.3236       3     0.0000       0     0.0000       0
 156685          0.0000       0     0.0000       0     0.4139       3     0.0000       0     0.0000       0
 156690          0.0000       0     0.0000       0     0.4741       3     0.0000       0     0.0000       0
 156695          0.0000       0     0.0000       0     0.3085       3     0.0000       0     0.0000       0
 156700          0.0000       0     0.0000       0     0.3236       3     0.0000       0     0.0000       0
 156705          0.0000       0     0.0000       0     0.3236       3     0.0000       0     0.0000       0
 156710          0.0000       0     0.0000       0     0.3386       3     0.0000       0     0.0000       0
 156715          0.0000       0     0.0000       0     0.3988       3     0.0000       0     0.0000       0
 156720          0.0000       0     0.0000       0     0.3537       3     0.0000       0     0.0000       0
 156725          0.0000       0     0.0000       0     0.3386       3     0.0000       0     0.0000       0
 156730          0.0000       0     0.0000       0     0.3537       3     0.0000       0     0.0000       0
 156735          0.0000       0     0.0000       0     0.3236       3     0.0000       0     0.0000       0
 156740          0.0000       0     0.0000       0     0.3236       3     0.0000       0     0.0000       0
 156745          0.0000       0     0.0000       0     0.3687       3     0.0000       0     0.0000       0
 156750          0.0000       0     0.0000       0     0.3988       2     0.0000       0     0.0000       0
 156755          0.0000       0     0.0000       0     0.4440       2     0.0000       0     0.0000       0
 156760          0.0000       0     0.0000       0     0.4891       2     0.0000       0     0.0000       0
 156765          0.0000       0     0.0000       0     0.5192       2     0.0000       0     0.0000       0
 156770          0.0000       0     0.0000       0     0.5493       2     0.0000       0     0.0000       0
 156775          0.0000       0     0.0000       0     0.4590       2     0.0000       0     0.0000       0
 156780          0.0000       0     0.0000       0     0.4289       2     0.0000       0     0.0000       0
 156785          0.0000       0     0.0000       0     0.4139       2     0.0000       0     0.0000       0
 156790          0.0000       0     0.0000       0     0.4139       2     0.0000       0     0.0000       0
 156795          0.0000       0     0.0000       0     0.4139       2     0.0000       0     0.0000       0
 156800          0.0000       0     0.0000       0     0.2935       2     0.0000       0     0.0000       0
 156805          0.0000       0     0.0000       0     0.2784       2     0.0000       0     0.0000       0
 156810          0.0000       0     0.0000       0     0.3386       2     0.0000       0     0.0000       0
 156815          0.0000       0     0.0000       0     0.4590       2     0.0000       0     0.0000       0
 156820          0.0000       0     0.0000       0     0.4741       2     0.0000       0     0.0000       0
 156825          0.0000       0     0.0000       0     0.4741       2     0.0000       0     0.0000       0
 156830          0.0000       0     0.0000       0     0.4741       2     0.0000       0     0.0000       0
 156835          0.0000       0     0.0000       0     0.3988       2     0.0000       0     0.0000       0
 156840          0.0000       0     0.0000       0     0.3386       3     0.0000       0     0.0000       0
 156845          0.0000       0     0.0000       0     0.3236       3     0.0000       0     0.0000       0
 156850          0.0000       0     0.0000       0     0.3236       3     0.0000       0     0.0000       0
 156855          0.0000       0     0.0000       0     0.3236       3     0.0000       0     0.0000       0
 156860          0.0000       0     0.0000       0     0.3386       3     0.0000       0     0.0000       0
 156865          0.0000       0     0.0000       0     0.3386       3     0.0000       0     0.0000       0
 156870          0.0000       0     0.0000       0     0.3537       3     0.0000       0     0.0000       0
 156875          0.0000       0     0.0000       0     0.3687       3     0.0000       0     0.0000       0
 156880          0.0000       0     0.0000       0     0.4139       3     0.0000       0     0.0000       0
 156885          0.0000       0     0.0000       0     0.3236       3     0.0000       0     0.0000       0
 156890          0.0000       0     0.0000       0     0.3236       3     0.0000       0     0.0000       0
 156895          0.0000       0     0.0000       0     0.3537       3     0.0000       0     0.0000       0
 156900          0.0000       0     0.0000       0     0.3537       3     0.0000       0     0.0000       0
 156905          0.0000       0     0.0000       0     0.3687       3     0.0000       0     0.0000       0
 156910          0.0000       0     0.0000       0     0.3537       3     0.0000       0     0.0000       0
 156915          0.0000       0     0.0000       0     0.3386       3     0.0000       0     0.0000       0
 156920          0.0000       0     0.0000       0     0.3386       3     0.0000       0     0.0000       0
 156925          0.0000       0     0.0000       0     0.3236       3     0.0000       0     0.0000       0
 156930          0.0000       0     0.0000       0     0.3386       3     0.0000       0     0.0000       0
 156935          0.0000       0     0.0000       0     0.3838       3     0.0000       0     0.0000       0
 156940          0.0000       0     0.0000       0     0.3838       3     0.0000       0     0.0000       0
 156945          0.0000       0     0.0000       0     0.3687       3     0.0000       0     0.0000       0
 156950          0.0000       0     0.0000       0     0.3838       3     0.0000       0     0.0000       0
 156955          0.0000       0     0.0000       0     0.3537       3     0.0000       0     0.0000       0
 156960          0.0000       0     0.0000       0     0.3537       3     0.0000       0     0.0000       0
 156965          0.0000       0     0.0000       0     0.3687       3     0.0000       0     0.0000       0
 156970          0.0000       0     0.0000       0     0.3537       3     0.0000       0     0.0000       0
 156975          0.0000       0     0.0000       0     0.3386       3     0.0000       0     0.0000       0
 156980          0.0000       0     0.0000       0     0.3537       3     0.0000       0     0.0000       0
 156985          0.0000       0     0.0000       0     0.4139       3     0.0000       0     0.0000       0
 156990          0.0000       0     0.0000       0     0.4741       3     0.0000       0     0.0000       0
 156995          0.0000       0     0.0000       0     0.4891       3     0.0000       0     0.0000       0
 157000          0.0000       0     0.0000       0     0.4590       3     0.0000       0     0.0000       0
 157005          0.0000       0     0.0000       0     0.4440       3     0.0000       0     0.0000       0
 157010          0.0000       0     0.0000       0     0.3838       3     0.0000       0     0.0000       0
 157015          0.0000       0     0.0000       0     0.3537       3     0.0000       0     0.0000       0
 157020          0.0000       0     0.0000       0     0.3687       3     0.0000       0     0.0000       0
 157025          0.0000       0     0.0000       0     0.3236       3     0.0000       0     0.0000       0
 157030          0.0000       0     0.0000       0     0.3537       3     0.0000       0     0.0000       0
 157035          0.0000       0     0.0000       0     0.3687       3     0.0000       0     0.0000       0
 157040          0.0000       0     0.0000       0     0.3537       3     0.0000       0     0.0000       0
 157045          0.0000       0     0.0000       0     0.3838       3     0.0000       0     0.0000       0
 157050          0.0000       0     0.0000       0     0.3838       3     0.0000       0     0.0000       0
